ISO-10303-21;
HEADER;
FILE_DESCRIPTION(('KiCad electronic assembly'),'2;1');
FILE_NAME('Blarealarm.step','2026-09-11T17:22:44',('Pcbnew'),('Kicad'),
  'Open CASCADE STEP processor 7.9','KiCad to STEP converter','Unknown'
  );
FILE_SCHEMA(('AUTOMOTIVE_DESIGN { 1 0 10303 214 1 1 1 1 }'));
ENDSEC;
DATA;
#1 = APPLICATION_PROTOCOL_DEFINITION('international standard',
  'automotive_design',2000,#2);
#2 = APPLICATION_CONTEXT(
  'core data for automotive mechanical design processes');
#3 = SHAPE_DEFINITION_REPRESENTATION(#4,#10);
#4 = PRODUCT_DEFINITION_SHAPE('','',#5);
#5 = PRODUCT_DEFINITION('design','',#6,#9);
#6 = PRODUCT_DEFINITION_FORMATION('','',#7);
#7 = PRODUCT('Blarealarm 1','Blarealarm 1','',(#8));
#8 = PRODUCT_CONTEXT('',#2,'mechanical');
#9 = PRODUCT_DEFINITION_CONTEXT('part definition',#2,'design');
#10 = SHAPE_REPRESENTATION('',(#11,#15,#19,#23),#27);
#11 = AXIS2_PLACEMENT_3D('',#12,#13,#14);
#12 = CARTESIAN_POINT('',(0.,0.,0.));
#13 = DIRECTION('',(0.,0.,1.));
#14 = DIRECTION('',(1.,0.,-0.));
#15 = AXIS2_PLACEMENT_3D('',#16,#17,#18);
#16 = CARTESIAN_POINT('',(64.12,-57.5,-8.5E-02));
#17 = DIRECTION('',(1.224646799147E-16,-1.359631073447E-32,-1.));
#18 = DIRECTION('',(1.110223024625E-16,1.,0.));
#19 = AXIS2_PLACEMENT_3D('',#20,#21,#22);
#20 = CARTESIAN_POINT('',(110.5,-52.2,-8.5E-02));
#21 = DIRECTION('',(-1.224646799147E-16,-1.359631073447E-32,-1.));
#22 = DIRECTION('',(1.110223024625E-16,-1.,0.));
#23 = AXIS2_PLACEMENT_3D('',#24,#25,#26);
#24 = CARTESIAN_POINT('',(0.,0.,0.));
#25 = DIRECTION('',(0.,0.,1.));
#26 = DIRECTION('',(1.,0.,-0.));
#27 = ( GEOMETRIC_REPRESENTATION_CONTEXT(3) 
GLOBAL_UNCERTAINTY_ASSIGNED_CONTEXT((#31)) GLOBAL_UNIT_ASSIGNED_CONTEXT(
(#28,#29,#30)) REPRESENTATION_CONTEXT('Context #1',
  '3D Context with UNIT and UNCERTAINTY') );
#28 = ( LENGTH_UNIT() NAMED_UNIT(*) SI_UNIT(.MILLI.,.METRE.) );
#29 = ( NAMED_UNIT(*) PLANE_ANGLE_UNIT() SI_UNIT($,.RADIAN.) );
#30 = ( NAMED_UNIT(*) SI_UNIT($,.STERADIAN.) SOLID_ANGLE_UNIT() );
#31 = UNCERTAINTY_MEASURE_WITH_UNIT(LENGTH_MEASURE(1.E-07),#28,
  'distance_accuracy_value','confusion accuracy');
#32 = PRODUCT_RELATED_PRODUCT_CATEGORY('part',$,(#7));
#33 = SHAPE_DEFINITION_REPRESENTATION(#34,#40);
#34 = PRODUCT_DEFINITION_SHAPE('','',#35);
#35 = PRODUCT_DEFINITION('design','',#36,#39);
#36 = PRODUCT_DEFINITION_FORMATION('','',#37);
#37 = PRODUCT('PinSocket_1x08_P2.54mm_Vertical',
  'PinSocket_1x08_P2.54mm_Vertical','',(#38));
#38 = PRODUCT_CONTEXT('',#2,'mechanical');
#39 = PRODUCT_DEFINITION_CONTEXT('part definition',#2,'design');
#40 = SHAPE_REPRESENTATION('',(#11,#41),#45);
#41 = AXIS2_PLACEMENT_3D('',#42,#43,#44);
#42 = CARTESIAN_POINT('',(0.,0.,0.));
#43 = DIRECTION('',(0.,0.,1.));
#44 = DIRECTION('',(1.,0.,-0.));
#45 = ( GEOMETRIC_REPRESENTATION_CONTEXT(3) 
GLOBAL_UNCERTAINTY_ASSIGNED_CONTEXT((#49)) GLOBAL_UNIT_ASSIGNED_CONTEXT(
(#46,#47,#48)) REPRESENTATION_CONTEXT('Context #1',
  '3D Context with UNIT and UNCERTAINTY') );
#46 = ( LENGTH_UNIT() NAMED_UNIT(*) SI_UNIT(.MILLI.,.METRE.) );
#47 = ( NAMED_UNIT(*) PLANE_ANGLE_UNIT() SI_UNIT($,.RADIAN.) );
#48 = ( NAMED_UNIT(*) SI_UNIT($,.STERADIAN.) SOLID_ANGLE_UNIT() );
#49 = UNCERTAINTY_MEASURE_WITH_UNIT(LENGTH_MEASURE(1.E-07),#46,
  'distance_accuracy_value','confusion accuracy');
#50 = CONTEXT_DEPENDENT_SHAPE_REPRESENTATION(#51,#53);
#51 = ( REPRESENTATION_RELATIONSHIP('','',#40,#10) 
REPRESENTATION_RELATIONSHIP_WITH_TRANSFORMATION(#52) 
SHAPE_REPRESENTATION_RELATIONSHIP() );
#52 = ITEM_DEFINED_TRANSFORMATION('','',#11,#15);
#53 = PRODUCT_DEFINITION_SHAPE('Placement','Placement of an item',#54);
#54 = NEXT_ASSEMBLY_USAGE_OCCURRENCE('2','J1','',#5,#35,$);
#55 = PRODUCT_RELATED_PRODUCT_CATEGORY('part',$,(#37));
#56 = SHAPE_DEFINITION_REPRESENTATION(#57,#63);
#57 = PRODUCT_DEFINITION_SHAPE('','',#58);
#58 = PRODUCT_DEFINITION('design','',#59,#62);
#59 = PRODUCT_DEFINITION_FORMATION('','',#60);
#60 = PRODUCT('PinSocket_1x08_P2.54mm_Vertical',
  'PinSocket_1x08_P2.54mm_Vertical','',(#61));
#61 = PRODUCT_CONTEXT('',#2,'mechanical');
#62 = PRODUCT_DEFINITION_CONTEXT('part definition',#2,'design');
#63 = ADVANCED_BREP_SHAPE_REPRESENTATION('',(#11,#64),#6554);
#64 = MANIFOLD_SOLID_BREP('',#65);
#65 = CLOSED_SHELL('',(#66,#106,#169,#232,#249,#538,#560,#577,#1122,
    #1134,#1146,#1177,#1201,#1225,#1242,#1273,#1297,#1321,#1338,#1369,
    #1393,#1417,#1434,#1465,#1489,#1513,#1530,#1561,#1585,#1609,#1626,
    #1657,#1681,#1705,#1722,#1753,#1777,#1801,#1818,#1849,#1873,#1897,
    #1914,#1931,#1978,#1995,#2042,#2059,#2106,#2123,#2170,#2187,#2234,
    #2251,#2298,#2315,#2362,#2379,#2426,#2443,#2490,#2507,#2554,#2571,
    #2618,#2635,#2682,#2699,#2746,#2763,#2810,#2827,#2874,#2891,#2938,
    #2969,#3025,#3049,#3098,#3129,#3185,#3209,#3258,#3289,#3345,#3369,
    #3418,#3449,#3505,#3529,#3578,#3609,#3665,#3689,#3738,#3769,#3825,
    #3849,#3898,#3929,#3985,#4009,#4058,#4089,#4145,#4169,#4218,#4235,
    #4252,#4269,#4286,#4298,#4315,#4332,#4349,#4366,#4378,#4395,#4412,
    #4429,#4446,#4458,#4475,#4492,#4509,#4526,#4538,#4555,#4572,#4589,
    #4606,#4618,#4635,#4652,#4669,#4686,#4698,#4715,#4732,#4749,#4766,
    #4778,#4795,#4812,#4829,#4846,#4858,#4875,#4892,#4941,#4965,#5007,
    #5024,#5041,#5058,#5107,#5131,#5173,#5190,#5207,#5224,#5273,#5297,
    #5339,#5356,#5373,#5390,#5439,#5463,#5505,#5522,#5539,#5556,#5605,
    #5629,#5671,#5688,#5705,#5722,#5771,#5795,#5837,#5854,#5871,#5888,
    #5937,#5961,#6003,#6020,#6037,#6054,#6103,#6127,#6169,#6186,#6203,
    #6220,#6232,#6249,#6266,#6278,#6295,#6312,#6324,#6341,#6358,#6370,
    #6387,#6404,#6416,#6433,#6450,#6462,#6479,#6496,#6508,#6525,#6542));
#66 = ADVANCED_FACE('',(#67),#101,.F.);
#67 = FACE_BOUND('',#68,.F.);
#68 = EDGE_LOOP('',(#69,#79,#87,#95));
#69 = ORIENTED_EDGE('',*,*,#70,.T.);
#70 = EDGE_CURVE('',#71,#73,#75,.T.);
#71 = VERTEX_POINT('',#72);
#72 = CARTESIAN_POINT('',(1.27,-19.05,0.));
#73 = VERTEX_POINT('',#74);
#74 = CARTESIAN_POINT('',(1.27,-19.05,8.5));
#75 = LINE('',#76,#77);
#76 = CARTESIAN_POINT('',(1.27,-19.05,0.));
#77 = VECTOR('',#78,1.);
#78 = DIRECTION('',(0.,0.,1.));
#79 = ORIENTED_EDGE('',*,*,#80,.T.);
#80 = EDGE_CURVE('',#73,#81,#83,.T.);
#81 = VERTEX_POINT('',#82);
#82 = CARTESIAN_POINT('',(1.27,1.27,8.5));
#83 = LINE('',#84,#85);
#84 = CARTESIAN_POINT('',(1.27,-19.05,8.5));
#85 = VECTOR('',#86,1.);
#86 = DIRECTION('',(1.110223024625E-16,1.,0.));
#87 = ORIENTED_EDGE('',*,*,#88,.F.);
#88 = EDGE_CURVE('',#89,#81,#91,.T.);
#89 = VERTEX_POINT('',#90);
#90 = CARTESIAN_POINT('',(1.27,1.27,0.));
#91 = LINE('',#92,#93);
#92 = CARTESIAN_POINT('',(1.27,1.27,0.));
#93 = VECTOR('',#94,1.);
#94 = DIRECTION('',(0.,0.,1.));
#95 = ORIENTED_EDGE('',*,*,#96,.F.);
#96 = EDGE_CURVE('',#71,#89,#97,.T.);
#97 = LINE('',#98,#99);
#98 = CARTESIAN_POINT('',(1.27,-19.05,0.));
#99 = VECTOR('',#100,1.);
#100 = DIRECTION('',(1.110223024625E-16,1.,0.));
#101 = PLANE('',#102);
#102 = AXIS2_PLACEMENT_3D('',#103,#104,#105);
#103 = CARTESIAN_POINT('',(1.27,-19.05,0.));
#104 = DIRECTION('',(-1.,1.110223024625E-16,0.));
#105 = DIRECTION('',(1.110223024625E-16,1.,0.));
#106 = ADVANCED_FACE('',(#107),#164,.F.);
#107 = FACE_BOUND('',#108,.F.);
#108 = EDGE_LOOP('',(#109,#119,#127,#133,#134,#142,#150,#158));
#109 = ORIENTED_EDGE('',*,*,#110,.F.);
#110 = EDGE_CURVE('',#111,#113,#115,.T.);
#111 = VERTEX_POINT('',#112);
#112 = CARTESIAN_POINT('',(-1.27,-19.05,0.));
#113 = VERTEX_POINT('',#114);
#114 = CARTESIAN_POINT('',(-0.846666666667,-19.05,0.));
#115 = LINE('',#116,#117);
#116 = CARTESIAN_POINT('',(-1.27,-19.05,0.));
#117 = VECTOR('',#118,1.);
#118 = DIRECTION('',(1.,-1.110223024625E-16,0.));
#119 = ORIENTED_EDGE('',*,*,#120,.T.);
#120 = EDGE_CURVE('',#111,#121,#123,.T.);
#121 = VERTEX_POINT('',#122);
#122 = CARTESIAN_POINT('',(-1.27,-19.05,8.5));
#123 = LINE('',#124,#125);
#124 = CARTESIAN_POINT('',(-1.27,-19.05,0.));
#125 = VECTOR('',#126,1.);
#126 = DIRECTION('',(0.,0.,1.));
#127 = ORIENTED_EDGE('',*,*,#128,.T.);
#128 = EDGE_CURVE('',#121,#73,#129,.T.);
#129 = LINE('',#130,#131);
#130 = CARTESIAN_POINT('',(-1.27,-19.05,8.5));
#131 = VECTOR('',#132,1.);
#132 = DIRECTION('',(1.,-1.110223024625E-16,0.));
#133 = ORIENTED_EDGE('',*,*,#70,.F.);
#134 = ORIENTED_EDGE('',*,*,#135,.F.);
#135 = EDGE_CURVE('',#136,#71,#138,.T.);
#136 = VERTEX_POINT('',#137);
#137 = CARTESIAN_POINT('',(0.846666666667,-19.05,0.));
#138 = LINE('',#139,#140);
#139 = CARTESIAN_POINT('',(-1.27,-19.05,0.));
#140 = VECTOR('',#141,1.);
#141 = DIRECTION('',(1.,-1.110223024625E-16,0.));
#142 = ORIENTED_EDGE('',*,*,#143,.T.);
#143 = EDGE_CURVE('',#136,#144,#146,.T.);
#144 = VERTEX_POINT('',#145);
#145 = CARTESIAN_POINT('',(0.846666666667,-19.05,0.2));
#146 = LINE('',#147,#148);
#147 = CARTESIAN_POINT('',(0.846666666667,-19.05,0.));
#148 = VECTOR('',#149,1.);
#149 = DIRECTION('',(0.,0.,1.));
#150 = ORIENTED_EDGE('',*,*,#151,.F.);
#151 = EDGE_CURVE('',#152,#144,#154,.T.);
#152 = VERTEX_POINT('',#153);
#153 = CARTESIAN_POINT('',(-0.846666666667,-19.05,0.2));
#154 = LINE('',#155,#156);
#155 = CARTESIAN_POINT('',(-0.846666666667,-19.05,0.2));
#156 = VECTOR('',#157,1.);
#157 = DIRECTION('',(1.,-1.110223024625E-16,0.));
#158 = ORIENTED_EDGE('',*,*,#159,.F.);
#159 = EDGE_CURVE('',#113,#152,#160,.T.);
#160 = LINE('',#161,#162);
#161 = CARTESIAN_POINT('',(-0.846666666667,-19.05,0.));
#162 = VECTOR('',#163,1.);
#163 = DIRECTION('',(0.,0.,1.));
#164 = PLANE('',#165);
#165 = AXIS2_PLACEMENT_3D('',#166,#167,#168);
#166 = CARTESIAN_POINT('',(-1.27,-19.05,0.));
#167 = DIRECTION('',(1.110223024625E-16,1.,0.));
#168 = DIRECTION('',(1.,-1.110223024625E-16,0.));
#169 = ADVANCED_FACE('',(#170),#227,.F.);
#170 = FACE_BOUND('',#171,.F.);
#171 = EDGE_LOOP('',(#172,#180,#181,#189,#197,#205,#213,#221));
#172 = ORIENTED_EDGE('',*,*,#173,.F.);
#173 = EDGE_CURVE('',#89,#174,#176,.T.);
#174 = VERTEX_POINT('',#175);
#175 = CARTESIAN_POINT('',(0.846666666667,1.27,0.));
#176 = LINE('',#177,#178);
#177 = CARTESIAN_POINT('',(1.27,1.27,0.));
#178 = VECTOR('',#179,1.);
#179 = DIRECTION('',(-1.,1.110223024625E-16,0.));
#180 = ORIENTED_EDGE('',*,*,#88,.T.);
#181 = ORIENTED_EDGE('',*,*,#182,.T.);
#182 = EDGE_CURVE('',#81,#183,#185,.T.);
#183 = VERTEX_POINT('',#184);
#184 = CARTESIAN_POINT('',(-1.27,1.27,8.5));
#185 = LINE('',#186,#187);
#186 = CARTESIAN_POINT('',(1.27,1.27,8.5));
#187 = VECTOR('',#188,1.);
#188 = DIRECTION('',(-1.,1.110223024625E-16,0.));
#189 = ORIENTED_EDGE('',*,*,#190,.F.);
#190 = EDGE_CURVE('',#191,#183,#193,.T.);
#191 = VERTEX_POINT('',#192);
#192 = CARTESIAN_POINT('',(-1.27,1.27,0.));
#193 = LINE('',#194,#195);
#194 = CARTESIAN_POINT('',(-1.27,1.27,0.));
#195 = VECTOR('',#196,1.);
#196 = DIRECTION('',(0.,0.,1.));
#197 = ORIENTED_EDGE('',*,*,#198,.F.);
#198 = EDGE_CURVE('',#199,#191,#201,.T.);
#199 = VERTEX_POINT('',#200);
#200 = CARTESIAN_POINT('',(-0.846666666667,1.27,0.));
#201 = LINE('',#202,#203);
#202 = CARTESIAN_POINT('',(1.27,1.27,0.));
#203 = VECTOR('',#204,1.);
#204 = DIRECTION('',(-1.,1.110223024625E-16,0.));
#205 = ORIENTED_EDGE('',*,*,#206,.T.);
#206 = EDGE_CURVE('',#199,#207,#209,.T.);
#207 = VERTEX_POINT('',#208);
#208 = CARTESIAN_POINT('',(-0.846666666667,1.27,0.2));
#209 = LINE('',#210,#211);
#210 = CARTESIAN_POINT('',(-0.846666666667,1.27,0.));
#211 = VECTOR('',#212,1.);
#212 = DIRECTION('',(0.,0.,1.));
#213 = ORIENTED_EDGE('',*,*,#214,.F.);
#214 = EDGE_CURVE('',#215,#207,#217,.T.);
#215 = VERTEX_POINT('',#216);
#216 = CARTESIAN_POINT('',(0.846666666667,1.27,0.2));
#217 = LINE('',#218,#219);
#218 = CARTESIAN_POINT('',(0.846666666667,1.27,0.2));
#219 = VECTOR('',#220,1.);
#220 = DIRECTION('',(-1.,1.110223024625E-16,0.));
#221 = ORIENTED_EDGE('',*,*,#222,.F.);
#222 = EDGE_CURVE('',#174,#215,#223,.T.);
#223 = LINE('',#224,#225);
#224 = CARTESIAN_POINT('',(0.846666666667,1.27,0.));
#225 = VECTOR('',#226,1.);
#226 = DIRECTION('',(0.,0.,1.));
#227 = PLANE('',#228);
#228 = AXIS2_PLACEMENT_3D('',#229,#230,#231);
#229 = CARTESIAN_POINT('',(1.27,1.27,0.));
#230 = DIRECTION('',(-1.110223024625E-16,-1.,0.));
#231 = DIRECTION('',(-1.,1.110223024625E-16,0.));
#232 = ADVANCED_FACE('',(#233),#244,.F.);
#233 = FACE_BOUND('',#234,.F.);
#234 = EDGE_LOOP('',(#235,#236,#237,#238));
#235 = ORIENTED_EDGE('',*,*,#135,.T.);
#236 = ORIENTED_EDGE('',*,*,#96,.T.);
#237 = ORIENTED_EDGE('',*,*,#173,.T.);
#238 = ORIENTED_EDGE('',*,*,#239,.F.);
#239 = EDGE_CURVE('',#136,#174,#240,.T.);
#240 = LINE('',#241,#242);
#241 = CARTESIAN_POINT('',(0.846666666667,-19.05,0.));
#242 = VECTOR('',#243,1.);
#243 = DIRECTION('',(1.110223024625E-16,1.,0.));
#244 = PLANE('',#245);
#245 = AXIS2_PLACEMENT_3D('',#246,#247,#248);
#246 = CARTESIAN_POINT('',(-9.592326932761E-16,-8.89,0.));
#247 = DIRECTION('',(0.,0.,1.));
#248 = DIRECTION('',(1.110223024625E-16,1.,-0.));
#249 = ADVANCED_FACE('',(#250,#261,#295,#329,#363,#397,#431,#465,#499),
  #533,.T.);
#250 = FACE_BOUND('',#251,.T.);
#251 = EDGE_LOOP('',(#252,#253,#254,#260));
#252 = ORIENTED_EDGE('',*,*,#80,.T.);
#253 = ORIENTED_EDGE('',*,*,#182,.T.);
#254 = ORIENTED_EDGE('',*,*,#255,.T.);
#255 = EDGE_CURVE('',#183,#121,#256,.T.);
#256 = LINE('',#257,#258);
#257 = CARTESIAN_POINT('',(-1.27,1.27,8.5));
#258 = VECTOR('',#259,1.);
#259 = DIRECTION('',(-1.110223024625E-16,-1.,0.));
#260 = ORIENTED_EDGE('',*,*,#128,.T.);
#261 = FACE_BOUND('',#262,.T.);
#262 = EDGE_LOOP('',(#263,#273,#281,#289));
#263 = ORIENTED_EDGE('',*,*,#264,.F.);
#264 = EDGE_CURVE('',#265,#267,#269,.T.);
#265 = VERTEX_POINT('',#266);
#266 = CARTESIAN_POINT('',(0.6,-18.38,8.5));
#267 = VERTEX_POINT('',#268);
#268 = CARTESIAN_POINT('',(0.6,-17.18,8.5));
#269 = LINE('',#270,#271);
#270 = CARTESIAN_POINT('',(0.6,-18.38,8.5));
#271 = VECTOR('',#272,1.);
#272 = DIRECTION('',(1.110223024625E-16,1.,0.));
#273 = ORIENTED_EDGE('',*,*,#274,.F.);
#274 = EDGE_CURVE('',#275,#265,#277,.T.);
#275 = VERTEX_POINT('',#276);
#276 = CARTESIAN_POINT('',(-0.6,-18.38,8.5));
#277 = LINE('',#278,#279);
#278 = CARTESIAN_POINT('',(-0.6,-18.38,8.5));
#279 = VECTOR('',#280,1.);
#280 = DIRECTION('',(1.,-1.110223024625E-16,0.));
#281 = ORIENTED_EDGE('',*,*,#282,.F.);
#282 = EDGE_CURVE('',#283,#275,#285,.T.);
#283 = VERTEX_POINT('',#284);
#284 = CARTESIAN_POINT('',(-0.6,-17.18,8.5));
#285 = LINE('',#286,#287);
#286 = CARTESIAN_POINT('',(-0.6,-17.18,8.5));
#287 = VECTOR('',#288,1.);
#288 = DIRECTION('',(-1.110223024625E-16,-1.,0.));
#289 = ORIENTED_EDGE('',*,*,#290,.F.);
#290 = EDGE_CURVE('',#267,#283,#291,.T.);
#291 = LINE('',#292,#293);
#292 = CARTESIAN_POINT('',(0.6,-17.18,8.5));
#293 = VECTOR('',#294,1.);
#294 = DIRECTION('',(-1.,1.110223024625E-16,0.));
#295 = FACE_BOUND('',#296,.T.);
#296 = EDGE_LOOP('',(#297,#307,#315,#323));
#297 = ORIENTED_EDGE('',*,*,#298,.F.);
#298 = EDGE_CURVE('',#299,#301,#303,.T.);
#299 = VERTEX_POINT('',#300);
#300 = CARTESIAN_POINT('',(0.6,-15.84,8.5));
#301 = VERTEX_POINT('',#302);
#302 = CARTESIAN_POINT('',(0.6,-14.64,8.5));
#303 = LINE('',#304,#305);
#304 = CARTESIAN_POINT('',(0.6,-15.84,8.5));
#305 = VECTOR('',#306,1.);
#306 = DIRECTION('',(1.110223024625E-16,1.,0.));
#307 = ORIENTED_EDGE('',*,*,#308,.F.);
#308 = EDGE_CURVE('',#309,#299,#311,.T.);
#309 = VERTEX_POINT('',#310);
#310 = CARTESIAN_POINT('',(-0.6,-15.84,8.5));
#311 = LINE('',#312,#313);
#312 = CARTESIAN_POINT('',(-0.6,-15.84,8.5));
#313 = VECTOR('',#314,1.);
#314 = DIRECTION('',(1.,-1.110223024625E-16,0.));
#315 = ORIENTED_EDGE('',*,*,#316,.F.);
#316 = EDGE_CURVE('',#317,#309,#319,.T.);
#317 = VERTEX_POINT('',#318);
#318 = CARTESIAN_POINT('',(-0.6,-14.64,8.5));
#319 = LINE('',#320,#321);
#320 = CARTESIAN_POINT('',(-0.6,-14.64,8.5));
#321 = VECTOR('',#322,1.);
#322 = DIRECTION('',(-1.110223024625E-16,-1.,0.));
#323 = ORIENTED_EDGE('',*,*,#324,.F.);
#324 = EDGE_CURVE('',#301,#317,#325,.T.);
#325 = LINE('',#326,#327);
#326 = CARTESIAN_POINT('',(0.6,-14.64,8.5));
#327 = VECTOR('',#328,1.);
#328 = DIRECTION('',(-1.,1.110223024625E-16,0.));
#329 = FACE_BOUND('',#330,.T.);
#330 = EDGE_LOOP('',(#331,#341,#349,#357));
#331 = ORIENTED_EDGE('',*,*,#332,.F.);
#332 = EDGE_CURVE('',#333,#335,#337,.T.);
#333 = VERTEX_POINT('',#334);
#334 = CARTESIAN_POINT('',(0.6,-13.3,8.5));
#335 = VERTEX_POINT('',#336);
#336 = CARTESIAN_POINT('',(0.6,-12.1,8.5));
#337 = LINE('',#338,#339);
#338 = CARTESIAN_POINT('',(0.6,-13.3,8.5));
#339 = VECTOR('',#340,1.);
#340 = DIRECTION('',(1.110223024625E-16,1.,0.));
#341 = ORIENTED_EDGE('',*,*,#342,.F.);
#342 = EDGE_CURVE('',#343,#333,#345,.T.);
#343 = VERTEX_POINT('',#344);
#344 = CARTESIAN_POINT('',(-0.6,-13.3,8.5));
#345 = LINE('',#346,#347);
#346 = CARTESIAN_POINT('',(-0.6,-13.3,8.5));
#347 = VECTOR('',#348,1.);
#348 = DIRECTION('',(1.,-1.110223024625E-16,0.));
#349 = ORIENTED_EDGE('',*,*,#350,.F.);
#350 = EDGE_CURVE('',#351,#343,#353,.T.);
#351 = VERTEX_POINT('',#352);
#352 = CARTESIAN_POINT('',(-0.6,-12.1,8.5));
#353 = LINE('',#354,#355);
#354 = CARTESIAN_POINT('',(-0.6,-12.1,8.5));
#355 = VECTOR('',#356,1.);
#356 = DIRECTION('',(-1.110223024625E-16,-1.,0.));
#357 = ORIENTED_EDGE('',*,*,#358,.F.);
#358 = EDGE_CURVE('',#335,#351,#359,.T.);
#359 = LINE('',#360,#361);
#360 = CARTESIAN_POINT('',(0.6,-12.1,8.5));
#361 = VECTOR('',#362,1.);
#362 = DIRECTION('',(-1.,1.110223024625E-16,0.));
#363 = FACE_BOUND('',#364,.T.);
#364 = EDGE_LOOP('',(#365,#375,#383,#391));
#365 = ORIENTED_EDGE('',*,*,#366,.F.);
#366 = EDGE_CURVE('',#367,#369,#371,.T.);
#367 = VERTEX_POINT('',#368);
#368 = CARTESIAN_POINT('',(0.6,-10.76,8.5));
#369 = VERTEX_POINT('',#370);
#370 = CARTESIAN_POINT('',(0.6,-9.56,8.5));
#371 = LINE('',#372,#373);
#372 = CARTESIAN_POINT('',(0.6,-10.76,8.5));
#373 = VECTOR('',#374,1.);
#374 = DIRECTION('',(1.110223024625E-16,1.,0.));
#375 = ORIENTED_EDGE('',*,*,#376,.F.);
#376 = EDGE_CURVE('',#377,#367,#379,.T.);
#377 = VERTEX_POINT('',#378);
#378 = CARTESIAN_POINT('',(-0.6,-10.76,8.5));
#379 = LINE('',#380,#381);
#380 = CARTESIAN_POINT('',(-0.6,-10.76,8.5));
#381 = VECTOR('',#382,1.);
#382 = DIRECTION('',(1.,-1.110223024625E-16,0.));
#383 = ORIENTED_EDGE('',*,*,#384,.F.);
#384 = EDGE_CURVE('',#385,#377,#387,.T.);
#385 = VERTEX_POINT('',#386);
#386 = CARTESIAN_POINT('',(-0.6,-9.56,8.5));
#387 = LINE('',#388,#389);
#388 = CARTESIAN_POINT('',(-0.6,-9.56,8.5));
#389 = VECTOR('',#390,1.);
#390 = DIRECTION('',(-1.110223024625E-16,-1.,0.));
#391 = ORIENTED_EDGE('',*,*,#392,.F.);
#392 = EDGE_CURVE('',#369,#385,#393,.T.);
#393 = LINE('',#394,#395);
#394 = CARTESIAN_POINT('',(0.6,-9.56,8.5));
#395 = VECTOR('',#396,1.);
#396 = DIRECTION('',(-1.,1.110223024625E-16,0.));
#397 = FACE_BOUND('',#398,.T.);
#398 = EDGE_LOOP('',(#399,#409,#417,#425));
#399 = ORIENTED_EDGE('',*,*,#400,.F.);
#400 = EDGE_CURVE('',#401,#403,#405,.T.);
#401 = VERTEX_POINT('',#402);
#402 = CARTESIAN_POINT('',(0.6,-8.22,8.5));
#403 = VERTEX_POINT('',#404);
#404 = CARTESIAN_POINT('',(0.6,-7.02,8.5));
#405 = LINE('',#406,#407);
#406 = CARTESIAN_POINT('',(0.6,-8.22,8.5));
#407 = VECTOR('',#408,1.);
#408 = DIRECTION('',(1.110223024625E-16,1.,0.));
#409 = ORIENTED_EDGE('',*,*,#410,.F.);
#410 = EDGE_CURVE('',#411,#401,#413,.T.);
#411 = VERTEX_POINT('',#412);
#412 = CARTESIAN_POINT('',(-0.6,-8.22,8.5));
#413 = LINE('',#414,#415);
#414 = CARTESIAN_POINT('',(-0.6,-8.22,8.5));
#415 = VECTOR('',#416,1.);
#416 = DIRECTION('',(1.,-1.110223024625E-16,0.));
#417 = ORIENTED_EDGE('',*,*,#418,.F.);
#418 = EDGE_CURVE('',#419,#411,#421,.T.);
#419 = VERTEX_POINT('',#420);
#420 = CARTESIAN_POINT('',(-0.6,-7.02,8.5));
#421 = LINE('',#422,#423);
#422 = CARTESIAN_POINT('',(-0.6,-7.02,8.5));
#423 = VECTOR('',#424,1.);
#424 = DIRECTION('',(-1.110223024625E-16,-1.,0.));
#425 = ORIENTED_EDGE('',*,*,#426,.F.);
#426 = EDGE_CURVE('',#403,#419,#427,.T.);
#427 = LINE('',#428,#429);
#428 = CARTESIAN_POINT('',(0.6,-7.02,8.5));
#429 = VECTOR('',#430,1.);
#430 = DIRECTION('',(-1.,1.110223024625E-16,0.));
#431 = FACE_BOUND('',#432,.T.);
#432 = EDGE_LOOP('',(#433,#443,#451,#459));
#433 = ORIENTED_EDGE('',*,*,#434,.F.);
#434 = EDGE_CURVE('',#435,#437,#439,.T.);
#435 = VERTEX_POINT('',#436);
#436 = CARTESIAN_POINT('',(0.6,-5.68,8.5));
#437 = VERTEX_POINT('',#438);
#438 = CARTESIAN_POINT('',(0.6,-4.48,8.5));
#439 = LINE('',#440,#441);
#440 = CARTESIAN_POINT('',(0.6,-5.68,8.5));
#441 = VECTOR('',#442,1.);
#442 = DIRECTION('',(1.110223024625E-16,1.,0.));
#443 = ORIENTED_EDGE('',*,*,#444,.F.);
#444 = EDGE_CURVE('',#445,#435,#447,.T.);
#445 = VERTEX_POINT('',#446);
#446 = CARTESIAN_POINT('',(-0.6,-5.68,8.5));
#447 = LINE('',#448,#449);
#448 = CARTESIAN_POINT('',(-0.6,-5.68,8.5));
#449 = VECTOR('',#450,1.);
#450 = DIRECTION('',(1.,-1.110223024625E-16,0.));
#451 = ORIENTED_EDGE('',*,*,#452,.F.);
#452 = EDGE_CURVE('',#453,#445,#455,.T.);
#453 = VERTEX_POINT('',#454);
#454 = CARTESIAN_POINT('',(-0.6,-4.48,8.5));
#455 = LINE('',#456,#457);
#456 = CARTESIAN_POINT('',(-0.6,-4.48,8.5));
#457 = VECTOR('',#458,1.);
#458 = DIRECTION('',(-1.110223024625E-16,-1.,0.));
#459 = ORIENTED_EDGE('',*,*,#460,.F.);
#460 = EDGE_CURVE('',#437,#453,#461,.T.);
#461 = LINE('',#462,#463);
#462 = CARTESIAN_POINT('',(0.6,-4.48,8.5));
#463 = VECTOR('',#464,1.);
#464 = DIRECTION('',(-1.,1.110223024625E-16,0.));
#465 = FACE_BOUND('',#466,.T.);
#466 = EDGE_LOOP('',(#467,#477,#485,#493));
#467 = ORIENTED_EDGE('',*,*,#468,.F.);
#468 = EDGE_CURVE('',#469,#471,#473,.T.);
#469 = VERTEX_POINT('',#470);
#470 = CARTESIAN_POINT('',(0.6,-3.14,8.5));
#471 = VERTEX_POINT('',#472);
#472 = CARTESIAN_POINT('',(0.6,-1.94,8.5));
#473 = LINE('',#474,#475);
#474 = CARTESIAN_POINT('',(0.6,-3.14,8.5));
#475 = VECTOR('',#476,1.);
#476 = DIRECTION('',(1.110223024625E-16,1.,0.));
#477 = ORIENTED_EDGE('',*,*,#478,.F.);
#478 = EDGE_CURVE('',#479,#469,#481,.T.);
#479 = VERTEX_POINT('',#480);
#480 = CARTESIAN_POINT('',(-0.6,-3.14,8.5));
#481 = LINE('',#482,#483);
#482 = CARTESIAN_POINT('',(-0.6,-3.14,8.5));
#483 = VECTOR('',#484,1.);
#484 = DIRECTION('',(1.,-1.110223024625E-16,0.));
#485 = ORIENTED_EDGE('',*,*,#486,.F.);
#486 = EDGE_CURVE('',#487,#479,#489,.T.);
#487 = VERTEX_POINT('',#488);
#488 = CARTESIAN_POINT('',(-0.6,-1.94,8.5));
#489 = LINE('',#490,#491);
#490 = CARTESIAN_POINT('',(-0.6,-1.94,8.5));
#491 = VECTOR('',#492,1.);
#492 = DIRECTION('',(-1.110223024625E-16,-1.,0.));
#493 = ORIENTED_EDGE('',*,*,#494,.F.);
#494 = EDGE_CURVE('',#471,#487,#495,.T.);
#495 = LINE('',#496,#497);
#496 = CARTESIAN_POINT('',(0.6,-1.94,8.5));
#497 = VECTOR('',#498,1.);
#498 = DIRECTION('',(-1.,1.110223024625E-16,0.));
#499 = FACE_BOUND('',#500,.T.);
#500 = EDGE_LOOP('',(#501,#511,#519,#527));
#501 = ORIENTED_EDGE('',*,*,#502,.F.);
#502 = EDGE_CURVE('',#503,#505,#507,.T.);
#503 = VERTEX_POINT('',#504);
#504 = CARTESIAN_POINT('',(0.6,-0.6,8.5));
#505 = VERTEX_POINT('',#506);
#506 = CARTESIAN_POINT('',(0.6,0.6,8.5));
#507 = LINE('',#508,#509);
#508 = CARTESIAN_POINT('',(0.6,-0.6,8.5));
#509 = VECTOR('',#510,1.);
#510 = DIRECTION('',(1.110223024625E-16,1.,0.));
#511 = ORIENTED_EDGE('',*,*,#512,.F.);
#512 = EDGE_CURVE('',#513,#503,#515,.T.);
#513 = VERTEX_POINT('',#514);
#514 = CARTESIAN_POINT('',(-0.6,-0.6,8.5));
#515 = LINE('',#516,#517);
#516 = CARTESIAN_POINT('',(-0.6,-0.6,8.5));
#517 = VECTOR('',#518,1.);
#518 = DIRECTION('',(1.,-1.110223024625E-16,0.));
#519 = ORIENTED_EDGE('',*,*,#520,.F.);
#520 = EDGE_CURVE('',#521,#513,#523,.T.);
#521 = VERTEX_POINT('',#522);
#522 = CARTESIAN_POINT('',(-0.6,0.6,8.5));
#523 = LINE('',#524,#525);
#524 = CARTESIAN_POINT('',(-0.6,0.6,8.5));
#525 = VECTOR('',#526,1.);
#526 = DIRECTION('',(-1.110223024625E-16,-1.,0.));
#527 = ORIENTED_EDGE('',*,*,#528,.F.);
#528 = EDGE_CURVE('',#505,#521,#529,.T.);
#529 = LINE('',#530,#531);
#530 = CARTESIAN_POINT('',(0.6,0.6,8.5));
#531 = VECTOR('',#532,1.);
#532 = DIRECTION('',(-1.,1.110223024625E-16,0.));
#533 = PLANE('',#534);
#534 = AXIS2_PLACEMENT_3D('',#535,#536,#537);
#535 = CARTESIAN_POINT('',(-9.592326932761E-16,-8.89,8.5));
#536 = DIRECTION('',(0.,0.,1.));
#537 = DIRECTION('',(1.110223024625E-16,1.,-0.));
#538 = ADVANCED_FACE('',(#539),#555,.F.);
#539 = FACE_BOUND('',#540,.F.);
#540 = EDGE_LOOP('',(#541,#542,#548,#549));
#541 = ORIENTED_EDGE('',*,*,#110,.T.);
#542 = ORIENTED_EDGE('',*,*,#543,.F.);
#543 = EDGE_CURVE('',#199,#113,#544,.T.);
#544 = LINE('',#545,#546);
#545 = CARTESIAN_POINT('',(-0.846666666667,1.27,0.));
#546 = VECTOR('',#547,1.);
#547 = DIRECTION('',(-1.110223024625E-16,-1.,0.));
#548 = ORIENTED_EDGE('',*,*,#198,.T.);
#549 = ORIENTED_EDGE('',*,*,#550,.T.);
#550 = EDGE_CURVE('',#191,#111,#551,.T.);
#551 = LINE('',#552,#553);
#552 = CARTESIAN_POINT('',(-1.27,1.27,0.));
#553 = VECTOR('',#554,1.);
#554 = DIRECTION('',(-1.110223024625E-16,-1.,0.));
#555 = PLANE('',#556);
#556 = AXIS2_PLACEMENT_3D('',#557,#558,#559);
#557 = CARTESIAN_POINT('',(-9.592326932761E-16,-8.89,0.));
#558 = DIRECTION('',(0.,0.,1.));
#559 = DIRECTION('',(1.110223024625E-16,1.,-0.));
#560 = ADVANCED_FACE('',(#561),#572,.T.);
#561 = FACE_BOUND('',#562,.T.);
#562 = EDGE_LOOP('',(#563,#564,#570,#571));
#563 = ORIENTED_EDGE('',*,*,#206,.T.);
#564 = ORIENTED_EDGE('',*,*,#565,.T.);
#565 = EDGE_CURVE('',#207,#152,#566,.T.);
#566 = LINE('',#567,#568);
#567 = CARTESIAN_POINT('',(-0.846666666667,1.27,0.2));
#568 = VECTOR('',#569,1.);
#569 = DIRECTION('',(-1.110223024625E-16,-1.,0.));
#570 = ORIENTED_EDGE('',*,*,#159,.F.);
#571 = ORIENTED_EDGE('',*,*,#543,.F.);
#572 = PLANE('',#573);
#573 = AXIS2_PLACEMENT_3D('',#574,#575,#576);
#574 = CARTESIAN_POINT('',(-0.846666666667,1.27,0.));
#575 = DIRECTION('',(1.,-1.110223024625E-16,0.));
#576 = DIRECTION('',(-1.110223024625E-16,-1.,0.));
#577 = ADVANCED_FACE('',(#578,#589,#655,#721,#787,#853,#919,#985,#1051),
  #1117,.F.);
#578 = FACE_BOUND('',#579,.F.);
#579 = EDGE_LOOP('',(#580,#586,#587,#588));
#580 = ORIENTED_EDGE('',*,*,#581,.T.);
#581 = EDGE_CURVE('',#144,#215,#582,.T.);
#582 = LINE('',#583,#584);
#583 = CARTESIAN_POINT('',(0.846666666667,-19.05,0.2));
#584 = VECTOR('',#585,1.);
#585 = DIRECTION('',(1.110223024625E-16,1.,0.));
#586 = ORIENTED_EDGE('',*,*,#214,.T.);
#587 = ORIENTED_EDGE('',*,*,#565,.T.);
#588 = ORIENTED_EDGE('',*,*,#151,.T.);
#589 = FACE_BOUND('',#590,.F.);
#590 = EDGE_LOOP('',(#591,#601,#609,#617,#625,#633,#641,#649));
#591 = ORIENTED_EDGE('',*,*,#592,.F.);
#592 = EDGE_CURVE('',#593,#595,#597,.T.);
#593 = VERTEX_POINT('',#594);
#594 = CARTESIAN_POINT('',(-0.1,-18.23,0.2));
#595 = VERTEX_POINT('',#596);
#596 = CARTESIAN_POINT('',(0.1,-18.23,0.2));
#597 = LINE('',#598,#599);
#598 = CARTESIAN_POINT('',(-0.1,-18.23,0.2));
#599 = VECTOR('',#600,1.);
#600 = DIRECTION('',(1.,-1.110223024625E-16,0.));
#601 = ORIENTED_EDGE('',*,*,#602,.T.);
#602 = EDGE_CURVE('',#593,#603,#605,.T.);
#603 = VERTEX_POINT('',#604);
#604 = CARTESIAN_POINT('',(-0.1,-18.08,0.2));
#605 = LINE('',#606,#607);
#606 = CARTESIAN_POINT('',(-0.1,-18.23,0.2));
#607 = VECTOR('',#608,1.);
#608 = DIRECTION('',(1.110223024625E-16,1.,0.));
#609 = ORIENTED_EDGE('',*,*,#610,.F.);
#610 = EDGE_CURVE('',#611,#603,#613,.T.);
#611 = VERTEX_POINT('',#612);
#612 = CARTESIAN_POINT('',(-0.1,-17.48,0.2));
#613 = LINE('',#614,#615);
#614 = CARTESIAN_POINT('',(-0.1,-13.335,0.2));
#615 = VECTOR('',#616,1.);
#616 = DIRECTION('',(-1.110223024625E-16,-1.,0.));
#617 = ORIENTED_EDGE('',*,*,#618,.T.);
#618 = EDGE_CURVE('',#611,#619,#621,.T.);
#619 = VERTEX_POINT('',#620);
#620 = CARTESIAN_POINT('',(-0.1,-17.33,0.2));
#621 = LINE('',#622,#623);
#622 = CARTESIAN_POINT('',(-0.1,-18.23,0.2));
#623 = VECTOR('',#624,1.);
#624 = DIRECTION('',(1.110223024625E-16,1.,0.));
#625 = ORIENTED_EDGE('',*,*,#626,.T.);
#626 = EDGE_CURVE('',#619,#627,#629,.T.);
#627 = VERTEX_POINT('',#628);
#628 = CARTESIAN_POINT('',(0.1,-17.33,0.2));
#629 = LINE('',#630,#631);
#630 = CARTESIAN_POINT('',(-0.1,-17.33,0.2));
#631 = VECTOR('',#632,1.);
#632 = DIRECTION('',(1.,-1.110223024625E-16,0.));
#633 = ORIENTED_EDGE('',*,*,#634,.T.);
#634 = EDGE_CURVE('',#627,#635,#637,.T.);
#635 = VERTEX_POINT('',#636);
#636 = CARTESIAN_POINT('',(0.1,-17.48,0.2));
#637 = LINE('',#638,#639);
#638 = CARTESIAN_POINT('',(0.1,-17.33,0.2));
#639 = VECTOR('',#640,1.);
#640 = DIRECTION('',(-1.110223024625E-16,-1.,0.));
#641 = ORIENTED_EDGE('',*,*,#642,.T.);
#642 = EDGE_CURVE('',#635,#643,#645,.T.);
#643 = VERTEX_POINT('',#644);
#644 = CARTESIAN_POINT('',(0.1,-18.08,0.2));
#645 = LINE('',#646,#647);
#646 = CARTESIAN_POINT('',(0.1,-13.335,0.2));
#647 = VECTOR('',#648,1.);
#648 = DIRECTION('',(-1.110223024625E-16,-1.,0.));
#649 = ORIENTED_EDGE('',*,*,#650,.T.);
#650 = EDGE_CURVE('',#643,#595,#651,.T.);
#651 = LINE('',#652,#653);
#652 = CARTESIAN_POINT('',(0.1,-17.33,0.2));
#653 = VECTOR('',#654,1.);
#654 = DIRECTION('',(-1.110223024625E-16,-1.,0.));
#655 = FACE_BOUND('',#656,.F.);
#656 = EDGE_LOOP('',(#657,#667,#675,#683,#691,#699,#707,#715));
#657 = ORIENTED_EDGE('',*,*,#658,.F.);
#658 = EDGE_CURVE('',#659,#661,#663,.T.);
#659 = VERTEX_POINT('',#660);
#660 = CARTESIAN_POINT('',(-0.1,-15.69,0.2));
#661 = VERTEX_POINT('',#662);
#662 = CARTESIAN_POINT('',(0.1,-15.69,0.2));
#663 = LINE('',#664,#665);
#664 = CARTESIAN_POINT('',(-0.1,-15.69,0.2));
#665 = VECTOR('',#666,1.);
#666 = DIRECTION('',(1.,-1.110223024625E-16,0.));
#667 = ORIENTED_EDGE('',*,*,#668,.T.);
#668 = EDGE_CURVE('',#659,#669,#671,.T.);
#669 = VERTEX_POINT('',#670);
#670 = CARTESIAN_POINT('',(-0.1,-15.54,0.2));
#671 = LINE('',#672,#673);
#672 = CARTESIAN_POINT('',(-0.1,-15.69,0.2));
#673 = VECTOR('',#674,1.);
#674 = DIRECTION('',(1.110223024625E-16,1.,0.));
#675 = ORIENTED_EDGE('',*,*,#676,.F.);
#676 = EDGE_CURVE('',#677,#669,#679,.T.);
#677 = VERTEX_POINT('',#678);
#678 = CARTESIAN_POINT('',(-0.1,-14.94,0.2));
#679 = LINE('',#680,#681);
#680 = CARTESIAN_POINT('',(-0.1,-12.065,0.2));
#681 = VECTOR('',#682,1.);
#682 = DIRECTION('',(-1.110223024625E-16,-1.,0.));
#683 = ORIENTED_EDGE('',*,*,#684,.T.);
#684 = EDGE_CURVE('',#677,#685,#687,.T.);
#685 = VERTEX_POINT('',#686);
#686 = CARTESIAN_POINT('',(-0.1,-14.79,0.2));
#687 = LINE('',#688,#689);
#688 = CARTESIAN_POINT('',(-0.1,-15.69,0.2));
#689 = VECTOR('',#690,1.);
#690 = DIRECTION('',(1.110223024625E-16,1.,0.));
#691 = ORIENTED_EDGE('',*,*,#692,.T.);
#692 = EDGE_CURVE('',#685,#693,#695,.T.);
#693 = VERTEX_POINT('',#694);
#694 = CARTESIAN_POINT('',(0.1,-14.79,0.2));
#695 = LINE('',#696,#697);
#696 = CARTESIAN_POINT('',(-0.1,-14.79,0.2));
#697 = VECTOR('',#698,1.);
#698 = DIRECTION('',(1.,-1.110223024625E-16,0.));
#699 = ORIENTED_EDGE('',*,*,#700,.T.);
#700 = EDGE_CURVE('',#693,#701,#703,.T.);
#701 = VERTEX_POINT('',#702);
#702 = CARTESIAN_POINT('',(0.1,-14.94,0.2));
#703 = LINE('',#704,#705);
#704 = CARTESIAN_POINT('',(0.1,-14.79,0.2));
#705 = VECTOR('',#706,1.);
#706 = DIRECTION('',(-1.110223024625E-16,-1.,0.));
#707 = ORIENTED_EDGE('',*,*,#708,.T.);
#708 = EDGE_CURVE('',#701,#709,#711,.T.);
#709 = VERTEX_POINT('',#710);
#710 = CARTESIAN_POINT('',(0.1,-15.54,0.2));
#711 = LINE('',#712,#713);
#712 = CARTESIAN_POINT('',(0.1,-12.065,0.2));
#713 = VECTOR('',#714,1.);
#714 = DIRECTION('',(-1.110223024625E-16,-1.,0.));
#715 = ORIENTED_EDGE('',*,*,#716,.T.);
#716 = EDGE_CURVE('',#709,#661,#717,.T.);
#717 = LINE('',#718,#719);
#718 = CARTESIAN_POINT('',(0.1,-14.79,0.2));
#719 = VECTOR('',#720,1.);
#720 = DIRECTION('',(-1.110223024625E-16,-1.,0.));
#721 = FACE_BOUND('',#722,.F.);
#722 = EDGE_LOOP('',(#723,#733,#741,#749,#757,#765,#773,#781));
#723 = ORIENTED_EDGE('',*,*,#724,.F.);
#724 = EDGE_CURVE('',#725,#727,#729,.T.);
#725 = VERTEX_POINT('',#726);
#726 = CARTESIAN_POINT('',(-0.1,-13.15,0.2));
#727 = VERTEX_POINT('',#728);
#728 = CARTESIAN_POINT('',(0.1,-13.15,0.2));
#729 = LINE('',#730,#731);
#730 = CARTESIAN_POINT('',(-0.1,-13.15,0.2));
#731 = VECTOR('',#732,1.);
#732 = DIRECTION('',(1.,-1.110223024625E-16,0.));
#733 = ORIENTED_EDGE('',*,*,#734,.T.);
#734 = EDGE_CURVE('',#725,#735,#737,.T.);
#735 = VERTEX_POINT('',#736);
#736 = CARTESIAN_POINT('',(-0.1,-13.,0.2));
#737 = LINE('',#738,#739);
#738 = CARTESIAN_POINT('',(-0.1,-13.15,0.2));
#739 = VECTOR('',#740,1.);
#740 = DIRECTION('',(1.110223024625E-16,1.,0.));
#741 = ORIENTED_EDGE('',*,*,#742,.F.);
#742 = EDGE_CURVE('',#743,#735,#745,.T.);
#743 = VERTEX_POINT('',#744);
#744 = CARTESIAN_POINT('',(-0.1,-12.4,0.2));
#745 = LINE('',#746,#747);
#746 = CARTESIAN_POINT('',(-0.1,-10.795,0.2));
#747 = VECTOR('',#748,1.);
#748 = DIRECTION('',(-1.110223024625E-16,-1.,0.));
#749 = ORIENTED_EDGE('',*,*,#750,.T.);
#750 = EDGE_CURVE('',#743,#751,#753,.T.);
#751 = VERTEX_POINT('',#752);
#752 = CARTESIAN_POINT('',(-0.1,-12.25,0.2));
#753 = LINE('',#754,#755);
#754 = CARTESIAN_POINT('',(-0.1,-13.15,0.2));
#755 = VECTOR('',#756,1.);
#756 = DIRECTION('',(1.110223024625E-16,1.,0.));
#757 = ORIENTED_EDGE('',*,*,#758,.T.);
#758 = EDGE_CURVE('',#751,#759,#761,.T.);
#759 = VERTEX_POINT('',#760);
#760 = CARTESIAN_POINT('',(0.1,-12.25,0.2));
#761 = LINE('',#762,#763);
#762 = CARTESIAN_POINT('',(-0.1,-12.25,0.2));
#763 = VECTOR('',#764,1.);
#764 = DIRECTION('',(1.,-1.110223024625E-16,0.));
#765 = ORIENTED_EDGE('',*,*,#766,.T.);
#766 = EDGE_CURVE('',#759,#767,#769,.T.);
#767 = VERTEX_POINT('',#768);
#768 = CARTESIAN_POINT('',(0.1,-12.4,0.2));
#769 = LINE('',#770,#771);
#770 = CARTESIAN_POINT('',(0.1,-12.25,0.2));
#771 = VECTOR('',#772,1.);
#772 = DIRECTION('',(-1.110223024625E-16,-1.,0.));
#773 = ORIENTED_EDGE('',*,*,#774,.T.);
#774 = EDGE_CURVE('',#767,#775,#777,.T.);
#775 = VERTEX_POINT('',#776);
#776 = CARTESIAN_POINT('',(0.1,-13.,0.2));
#777 = LINE('',#778,#779);
#778 = CARTESIAN_POINT('',(0.1,-10.795,0.2));
#779 = VECTOR('',#780,1.);
#780 = DIRECTION('',(-1.110223024625E-16,-1.,0.));
#781 = ORIENTED_EDGE('',*,*,#782,.T.);
#782 = EDGE_CURVE('',#775,#727,#783,.T.);
#783 = LINE('',#784,#785);
#784 = CARTESIAN_POINT('',(0.1,-12.25,0.2));
#785 = VECTOR('',#786,1.);
#786 = DIRECTION('',(-1.110223024625E-16,-1.,0.));
#787 = FACE_BOUND('',#788,.F.);
#788 = EDGE_LOOP('',(#789,#799,#807,#815,#823,#831,#839,#847));
#789 = ORIENTED_EDGE('',*,*,#790,.F.);
#790 = EDGE_CURVE('',#791,#793,#795,.T.);
#791 = VERTEX_POINT('',#792);
#792 = CARTESIAN_POINT('',(-0.1,-10.61,0.2));
#793 = VERTEX_POINT('',#794);
#794 = CARTESIAN_POINT('',(0.1,-10.61,0.2));
#795 = LINE('',#796,#797);
#796 = CARTESIAN_POINT('',(-0.1,-10.61,0.2));
#797 = VECTOR('',#798,1.);
#798 = DIRECTION('',(1.,-1.110223024625E-16,0.));
#799 = ORIENTED_EDGE('',*,*,#800,.T.);
#800 = EDGE_CURVE('',#791,#801,#803,.T.);
#801 = VERTEX_POINT('',#802);
#802 = CARTESIAN_POINT('',(-0.1,-10.46,0.2));
#803 = LINE('',#804,#805);
#804 = CARTESIAN_POINT('',(-0.1,-10.61,0.2));
#805 = VECTOR('',#806,1.);
#806 = DIRECTION('',(1.110223024625E-16,1.,0.));
#807 = ORIENTED_EDGE('',*,*,#808,.F.);
#808 = EDGE_CURVE('',#809,#801,#811,.T.);
#809 = VERTEX_POINT('',#810);
#810 = CARTESIAN_POINT('',(-0.1,-9.86,0.2));
#811 = LINE('',#812,#813);
#812 = CARTESIAN_POINT('',(-0.1,-9.525,0.2));
#813 = VECTOR('',#814,1.);
#814 = DIRECTION('',(-1.110223024625E-16,-1.,0.));
#815 = ORIENTED_EDGE('',*,*,#816,.T.);
#816 = EDGE_CURVE('',#809,#817,#819,.T.);
#817 = VERTEX_POINT('',#818);
#818 = CARTESIAN_POINT('',(-0.1,-9.71,0.2));
#819 = LINE('',#820,#821);
#820 = CARTESIAN_POINT('',(-0.1,-10.61,0.2));
#821 = VECTOR('',#822,1.);
#822 = DIRECTION('',(1.110223024625E-16,1.,0.));
#823 = ORIENTED_EDGE('',*,*,#824,.T.);
#824 = EDGE_CURVE('',#817,#825,#827,.T.);
#825 = VERTEX_POINT('',#826);
#826 = CARTESIAN_POINT('',(0.1,-9.71,0.2));
#827 = LINE('',#828,#829);
#828 = CARTESIAN_POINT('',(-0.1,-9.71,0.2));
#829 = VECTOR('',#830,1.);
#830 = DIRECTION('',(1.,-1.110223024625E-16,0.));
#831 = ORIENTED_EDGE('',*,*,#832,.T.);
#832 = EDGE_CURVE('',#825,#833,#835,.T.);
#833 = VERTEX_POINT('',#834);
#834 = CARTESIAN_POINT('',(0.1,-9.86,0.2));
#835 = LINE('',#836,#837);
#836 = CARTESIAN_POINT('',(0.1,-9.71,0.2));
#837 = VECTOR('',#838,1.);
#838 = DIRECTION('',(-1.110223024625E-16,-1.,0.));
#839 = ORIENTED_EDGE('',*,*,#840,.T.);
#840 = EDGE_CURVE('',#833,#841,#843,.T.);
#841 = VERTEX_POINT('',#842);
#842 = CARTESIAN_POINT('',(0.1,-10.46,0.2));
#843 = LINE('',#844,#845);
#844 = CARTESIAN_POINT('',(0.1,-9.525,0.2));
#845 = VECTOR('',#846,1.);
#846 = DIRECTION('',(-1.110223024625E-16,-1.,0.));
#847 = ORIENTED_EDGE('',*,*,#848,.T.);
#848 = EDGE_CURVE('',#841,#793,#849,.T.);
#849 = LINE('',#850,#851);
#850 = CARTESIAN_POINT('',(0.1,-9.71,0.2));
#851 = VECTOR('',#852,1.);
#852 = DIRECTION('',(-1.110223024625E-16,-1.,0.));
#853 = FACE_BOUND('',#854,.F.);
#854 = EDGE_LOOP('',(#855,#865,#873,#881,#889,#897,#905,#913));
#855 = ORIENTED_EDGE('',*,*,#856,.F.);
#856 = EDGE_CURVE('',#857,#859,#861,.T.);
#857 = VERTEX_POINT('',#858);
#858 = CARTESIAN_POINT('',(-0.1,-8.07,0.2));
#859 = VERTEX_POINT('',#860);
#860 = CARTESIAN_POINT('',(0.1,-8.07,0.2));
#861 = LINE('',#862,#863);
#862 = CARTESIAN_POINT('',(-0.1,-8.07,0.2));
#863 = VECTOR('',#864,1.);
#864 = DIRECTION('',(1.,-1.110223024625E-16,0.));
#865 = ORIENTED_EDGE('',*,*,#866,.T.);
#866 = EDGE_CURVE('',#857,#867,#869,.T.);
#867 = VERTEX_POINT('',#868);
#868 = CARTESIAN_POINT('',(-0.1,-7.92,0.2));
#869 = LINE('',#870,#871);
#870 = CARTESIAN_POINT('',(-0.1,-8.07,0.2));
#871 = VECTOR('',#872,1.);
#872 = DIRECTION('',(1.110223024625E-16,1.,0.));
#873 = ORIENTED_EDGE('',*,*,#874,.F.);
#874 = EDGE_CURVE('',#875,#867,#877,.T.);
#875 = VERTEX_POINT('',#876);
#876 = CARTESIAN_POINT('',(-0.1,-7.32,0.2));
#877 = LINE('',#878,#879);
#878 = CARTESIAN_POINT('',(-0.1,-8.255,0.2));
#879 = VECTOR('',#880,1.);
#880 = DIRECTION('',(-1.110223024625E-16,-1.,0.));
#881 = ORIENTED_EDGE('',*,*,#882,.T.);
#882 = EDGE_CURVE('',#875,#883,#885,.T.);
#883 = VERTEX_POINT('',#884);
#884 = CARTESIAN_POINT('',(-0.1,-7.17,0.2));
#885 = LINE('',#886,#887);
#886 = CARTESIAN_POINT('',(-0.1,-8.07,0.2));
#887 = VECTOR('',#888,1.);
#888 = DIRECTION('',(1.110223024625E-16,1.,0.));
#889 = ORIENTED_EDGE('',*,*,#890,.T.);
#890 = EDGE_CURVE('',#883,#891,#893,.T.);
#891 = VERTEX_POINT('',#892);
#892 = CARTESIAN_POINT('',(0.1,-7.17,0.2));
#893 = LINE('',#894,#895);
#894 = CARTESIAN_POINT('',(-0.1,-7.17,0.2));
#895 = VECTOR('',#896,1.);
#896 = DIRECTION('',(1.,-1.110223024625E-16,0.));
#897 = ORIENTED_EDGE('',*,*,#898,.T.);
#898 = EDGE_CURVE('',#891,#899,#901,.T.);
#899 = VERTEX_POINT('',#900);
#900 = CARTESIAN_POINT('',(0.1,-7.32,0.2));
#901 = LINE('',#902,#903);
#902 = CARTESIAN_POINT('',(0.1,-7.17,0.2));
#903 = VECTOR('',#904,1.);
#904 = DIRECTION('',(-1.110223024625E-16,-1.,0.));
#905 = ORIENTED_EDGE('',*,*,#906,.T.);
#906 = EDGE_CURVE('',#899,#907,#909,.T.);
#907 = VERTEX_POINT('',#908);
#908 = CARTESIAN_POINT('',(0.1,-7.92,0.2));
#909 = LINE('',#910,#911);
#910 = CARTESIAN_POINT('',(0.1,-8.255,0.2));
#911 = VECTOR('',#912,1.);
#912 = DIRECTION('',(-1.110223024625E-16,-1.,0.));
#913 = ORIENTED_EDGE('',*,*,#914,.T.);
#914 = EDGE_CURVE('',#907,#859,#915,.T.);
#915 = LINE('',#916,#917);
#916 = CARTESIAN_POINT('',(0.1,-7.17,0.2));
#917 = VECTOR('',#918,1.);
#918 = DIRECTION('',(-1.110223024625E-16,-1.,0.));
#919 = FACE_BOUND('',#920,.F.);
#920 = EDGE_LOOP('',(#921,#931,#939,#947,#955,#963,#971,#979));
#921 = ORIENTED_EDGE('',*,*,#922,.F.);
#922 = EDGE_CURVE('',#923,#925,#927,.T.);
#923 = VERTEX_POINT('',#924);
#924 = CARTESIAN_POINT('',(-0.1,-5.53,0.2));
#925 = VERTEX_POINT('',#926);
#926 = CARTESIAN_POINT('',(0.1,-5.53,0.2));
#927 = LINE('',#928,#929);
#928 = CARTESIAN_POINT('',(-0.1,-5.53,0.2));
#929 = VECTOR('',#930,1.);
#930 = DIRECTION('',(1.,-1.110223024625E-16,0.));
#931 = ORIENTED_EDGE('',*,*,#932,.T.);
#932 = EDGE_CURVE('',#923,#933,#935,.T.);
#933 = VERTEX_POINT('',#934);
#934 = CARTESIAN_POINT('',(-0.1,-5.38,0.2));
#935 = LINE('',#936,#937);
#936 = CARTESIAN_POINT('',(-0.1,-5.53,0.2));
#937 = VECTOR('',#938,1.);
#938 = DIRECTION('',(1.110223024625E-16,1.,0.));
#939 = ORIENTED_EDGE('',*,*,#940,.F.);
#940 = EDGE_CURVE('',#941,#933,#943,.T.);
#941 = VERTEX_POINT('',#942);
#942 = CARTESIAN_POINT('',(-0.1,-4.78,0.2));
#943 = LINE('',#944,#945);
#944 = CARTESIAN_POINT('',(-0.1,-6.985,0.2));
#945 = VECTOR('',#946,1.);
#946 = DIRECTION('',(-1.110223024625E-16,-1.,0.));
#947 = ORIENTED_EDGE('',*,*,#948,.T.);
#948 = EDGE_CURVE('',#941,#949,#951,.T.);
#949 = VERTEX_POINT('',#950);
#950 = CARTESIAN_POINT('',(-0.1,-4.63,0.2));
#951 = LINE('',#952,#953);
#952 = CARTESIAN_POINT('',(-0.1,-5.53,0.2));
#953 = VECTOR('',#954,1.);
#954 = DIRECTION('',(1.110223024625E-16,1.,0.));
#955 = ORIENTED_EDGE('',*,*,#956,.T.);
#956 = EDGE_CURVE('',#949,#957,#959,.T.);
#957 = VERTEX_POINT('',#958);
#958 = CARTESIAN_POINT('',(0.1,-4.63,0.2));
#959 = LINE('',#960,#961);
#960 = CARTESIAN_POINT('',(-0.1,-4.63,0.2));
#961 = VECTOR('',#962,1.);
#962 = DIRECTION('',(1.,-1.110223024625E-16,0.));
#963 = ORIENTED_EDGE('',*,*,#964,.T.);
#964 = EDGE_CURVE('',#957,#965,#967,.T.);
#965 = VERTEX_POINT('',#966);
#966 = CARTESIAN_POINT('',(0.1,-4.78,0.2));
#967 = LINE('',#968,#969);
#968 = CARTESIAN_POINT('',(0.1,-4.63,0.2));
#969 = VECTOR('',#970,1.);
#970 = DIRECTION('',(-1.110223024625E-16,-1.,0.));
#971 = ORIENTED_EDGE('',*,*,#972,.T.);
#972 = EDGE_CURVE('',#965,#973,#975,.T.);
#973 = VERTEX_POINT('',#974);
#974 = CARTESIAN_POINT('',(0.1,-5.38,0.2));
#975 = LINE('',#976,#977);
#976 = CARTESIAN_POINT('',(0.1,-6.985,0.2));
#977 = VECTOR('',#978,1.);
#978 = DIRECTION('',(-1.110223024625E-16,-1.,0.));
#979 = ORIENTED_EDGE('',*,*,#980,.T.);
#980 = EDGE_CURVE('',#973,#925,#981,.T.);
#981 = LINE('',#982,#983);
#982 = CARTESIAN_POINT('',(0.1,-4.63,0.2));
#983 = VECTOR('',#984,1.);
#984 = DIRECTION('',(-1.110223024625E-16,-1.,0.));
#985 = FACE_BOUND('',#986,.F.);
#986 = EDGE_LOOP('',(#987,#997,#1005,#1013,#1021,#1029,#1037,#1045));
#987 = ORIENTED_EDGE('',*,*,#988,.F.);
#988 = EDGE_CURVE('',#989,#991,#993,.T.);
#989 = VERTEX_POINT('',#990);
#990 = CARTESIAN_POINT('',(-0.1,-2.99,0.2));
#991 = VERTEX_POINT('',#992);
#992 = CARTESIAN_POINT('',(0.1,-2.99,0.2));
#993 = LINE('',#994,#995);
#994 = CARTESIAN_POINT('',(-0.1,-2.99,0.2));
#995 = VECTOR('',#996,1.);
#996 = DIRECTION('',(1.,-1.110223024625E-16,0.));
#997 = ORIENTED_EDGE('',*,*,#998,.T.);
#998 = EDGE_CURVE('',#989,#999,#1001,.T.);
#999 = VERTEX_POINT('',#1000);
#1000 = CARTESIAN_POINT('',(-0.1,-2.84,0.2));
#1001 = LINE('',#1002,#1003);
#1002 = CARTESIAN_POINT('',(-0.1,-2.99,0.2));
#1003 = VECTOR('',#1004,1.);
#1004 = DIRECTION('',(1.110223024625E-16,1.,0.));
#1005 = ORIENTED_EDGE('',*,*,#1006,.F.);
#1006 = EDGE_CURVE('',#1007,#999,#1009,.T.);
#1007 = VERTEX_POINT('',#1008);
#1008 = CARTESIAN_POINT('',(-0.1,-2.24,0.2));
#1009 = LINE('',#1010,#1011);
#1010 = CARTESIAN_POINT('',(-0.1,-5.715,0.2));
#1011 = VECTOR('',#1012,1.);
#1012 = DIRECTION('',(-1.110223024625E-16,-1.,0.));
#1013 = ORIENTED_EDGE('',*,*,#1014,.T.);
#1014 = EDGE_CURVE('',#1007,#1015,#1017,.T.);
#1015 = VERTEX_POINT('',#1016);
#1016 = CARTESIAN_POINT('',(-0.1,-2.09,0.2));
#1017 = LINE('',#1018,#1019);
#1018 = CARTESIAN_POINT('',(-0.1,-2.99,0.2));
#1019 = VECTOR('',#1020,1.);
#1020 = DIRECTION('',(1.110223024625E-16,1.,0.));
#1021 = ORIENTED_EDGE('',*,*,#1022,.T.);
#1022 = EDGE_CURVE('',#1015,#1023,#1025,.T.);
#1023 = VERTEX_POINT('',#1024);
#1024 = CARTESIAN_POINT('',(0.1,-2.09,0.2));
#1025 = LINE('',#1026,#1027);
#1026 = CARTESIAN_POINT('',(-0.1,-2.09,0.2));
#1027 = VECTOR('',#1028,1.);
#1028 = DIRECTION('',(1.,-1.110223024625E-16,0.));
#1029 = ORIENTED_EDGE('',*,*,#1030,.T.);
#1030 = EDGE_CURVE('',#1023,#1031,#1033,.T.);
#1031 = VERTEX_POINT('',#1032);
#1032 = CARTESIAN_POINT('',(0.1,-2.24,0.2));
#1033 = LINE('',#1034,#1035);
#1034 = CARTESIAN_POINT('',(0.1,-2.09,0.2));
#1035 = VECTOR('',#1036,1.);
#1036 = DIRECTION('',(-1.110223024625E-16,-1.,0.));
#1037 = ORIENTED_EDGE('',*,*,#1038,.T.);
#1038 = EDGE_CURVE('',#1031,#1039,#1041,.T.);
#1039 = VERTEX_POINT('',#1040);
#1040 = CARTESIAN_POINT('',(0.1,-2.84,0.2));
#1041 = LINE('',#1042,#1043);
#1042 = CARTESIAN_POINT('',(0.1,-5.715,0.2));
#1043 = VECTOR('',#1044,1.);
#1044 = DIRECTION('',(-1.110223024625E-16,-1.,0.));
#1045 = ORIENTED_EDGE('',*,*,#1046,.T.);
#1046 = EDGE_CURVE('',#1039,#991,#1047,.T.);
#1047 = LINE('',#1048,#1049);
#1048 = CARTESIAN_POINT('',(0.1,-2.09,0.2));
#1049 = VECTOR('',#1050,1.);
#1050 = DIRECTION('',(-1.110223024625E-16,-1.,0.));
#1051 = FACE_BOUND('',#1052,.F.);
#1052 = EDGE_LOOP('',(#1053,#1063,#1071,#1079,#1087,#1095,#1103,#1111));
#1053 = ORIENTED_EDGE('',*,*,#1054,.F.);
#1054 = EDGE_CURVE('',#1055,#1057,#1059,.T.);
#1055 = VERTEX_POINT('',#1056);
#1056 = CARTESIAN_POINT('',(-0.1,-0.45,0.2));
#1057 = VERTEX_POINT('',#1058);
#1058 = CARTESIAN_POINT('',(0.1,-0.45,0.2));
#1059 = LINE('',#1060,#1061);
#1060 = CARTESIAN_POINT('',(-0.1,-0.45,0.2));
#1061 = VECTOR('',#1062,1.);
#1062 = DIRECTION('',(1.,-1.110223024625E-16,0.));
#1063 = ORIENTED_EDGE('',*,*,#1064,.T.);
#1064 = EDGE_CURVE('',#1055,#1065,#1067,.T.);
#1065 = VERTEX_POINT('',#1066);
#1066 = CARTESIAN_POINT('',(-0.1,-0.3,0.2));
#1067 = LINE('',#1068,#1069);
#1068 = CARTESIAN_POINT('',(-0.1,-0.45,0.2));
#1069 = VECTOR('',#1070,1.);
#1070 = DIRECTION('',(1.110223024625E-16,1.,0.));
#1071 = ORIENTED_EDGE('',*,*,#1072,.F.);
#1072 = EDGE_CURVE('',#1073,#1065,#1075,.T.);
#1073 = VERTEX_POINT('',#1074);
#1074 = CARTESIAN_POINT('',(-0.1,0.3,0.2));
#1075 = LINE('',#1076,#1077);
#1076 = CARTESIAN_POINT('',(-0.1,-4.445,0.2));
#1077 = VECTOR('',#1078,1.);
#1078 = DIRECTION('',(-1.110223024625E-16,-1.,0.));
#1079 = ORIENTED_EDGE('',*,*,#1080,.T.);
#1080 = EDGE_CURVE('',#1073,#1081,#1083,.T.);
#1081 = VERTEX_POINT('',#1082);
#1082 = CARTESIAN_POINT('',(-0.1,0.45,0.2));
#1083 = LINE('',#1084,#1085);
#1084 = CARTESIAN_POINT('',(-0.1,-0.45,0.2));
#1085 = VECTOR('',#1086,1.);
#1086 = DIRECTION('',(1.110223024625E-16,1.,0.));
#1087 = ORIENTED_EDGE('',*,*,#1088,.T.);
#1088 = EDGE_CURVE('',#1081,#1089,#1091,.T.);
#1089 = VERTEX_POINT('',#1090);
#1090 = CARTESIAN_POINT('',(0.1,0.45,0.2));
#1091 = LINE('',#1092,#1093);
#1092 = CARTESIAN_POINT('',(-0.1,0.45,0.2));
#1093 = VECTOR('',#1094,1.);
#1094 = DIRECTION('',(1.,-1.110223024625E-16,0.));
#1095 = ORIENTED_EDGE('',*,*,#1096,.T.);
#1096 = EDGE_CURVE('',#1089,#1097,#1099,.T.);
#1097 = VERTEX_POINT('',#1098);
#1098 = CARTESIAN_POINT('',(0.1,0.3,0.2));
#1099 = LINE('',#1100,#1101);
#1100 = CARTESIAN_POINT('',(0.1,0.45,0.2));
#1101 = VECTOR('',#1102,1.);
#1102 = DIRECTION('',(-1.110223024625E-16,-1.,0.));
#1103 = ORIENTED_EDGE('',*,*,#1104,.T.);
#1104 = EDGE_CURVE('',#1097,#1105,#1107,.T.);
#1105 = VERTEX_POINT('',#1106);
#1106 = CARTESIAN_POINT('',(0.1,-0.3,0.2));
#1107 = LINE('',#1108,#1109);
#1108 = CARTESIAN_POINT('',(0.1,-4.445,0.2));
#1109 = VECTOR('',#1110,1.);
#1110 = DIRECTION('',(-1.110223024625E-16,-1.,0.));
#1111 = ORIENTED_EDGE('',*,*,#1112,.T.);
#1112 = EDGE_CURVE('',#1105,#1057,#1113,.T.);
#1113 = LINE('',#1114,#1115);
#1114 = CARTESIAN_POINT('',(0.1,0.45,0.2));
#1115 = VECTOR('',#1116,1.);
#1116 = DIRECTION('',(-1.110223024625E-16,-1.,0.));
#1117 = PLANE('',#1118);
#1118 = AXIS2_PLACEMENT_3D('',#1119,#1120,#1121);
#1119 = CARTESIAN_POINT('',(-9.592326932761E-16,-8.89,0.2));
#1120 = DIRECTION('',(0.,0.,1.));
#1121 = DIRECTION('',(1.110223024625E-16,1.,-0.));
#1122 = ADVANCED_FACE('',(#1123),#1129,.T.);
#1123 = FACE_BOUND('',#1124,.T.);
#1124 = EDGE_LOOP('',(#1125,#1126,#1127,#1128));
#1125 = ORIENTED_EDGE('',*,*,#143,.T.);
#1126 = ORIENTED_EDGE('',*,*,#581,.T.);
#1127 = ORIENTED_EDGE('',*,*,#222,.F.);
#1128 = ORIENTED_EDGE('',*,*,#239,.F.);
#1129 = PLANE('',#1130);
#1130 = AXIS2_PLACEMENT_3D('',#1131,#1132,#1133);
#1131 = CARTESIAN_POINT('',(0.846666666667,-19.05,0.));
#1132 = DIRECTION('',(-1.,1.110223024625E-16,0.));
#1133 = DIRECTION('',(1.110223024625E-16,1.,0.));
#1134 = ADVANCED_FACE('',(#1135),#1141,.F.);
#1135 = FACE_BOUND('',#1136,.F.);
#1136 = EDGE_LOOP('',(#1137,#1138,#1139,#1140));
#1137 = ORIENTED_EDGE('',*,*,#190,.T.);
#1138 = ORIENTED_EDGE('',*,*,#255,.T.);
#1139 = ORIENTED_EDGE('',*,*,#120,.F.);
#1140 = ORIENTED_EDGE('',*,*,#550,.F.);
#1141 = PLANE('',#1142);
#1142 = AXIS2_PLACEMENT_3D('',#1143,#1144,#1145);
#1143 = CARTESIAN_POINT('',(-1.27,1.27,0.));
#1144 = DIRECTION('',(1.,-1.110223024625E-16,0.));
#1145 = DIRECTION('',(-1.110223024625E-16,-1.,0.));
#1146 = ADVANCED_FACE('',(#1147),#1172,.T.);
#1147 = FACE_BOUND('',#1148,.T.);
#1148 = EDGE_LOOP('',(#1149,#1157,#1158,#1166));
#1149 = ORIENTED_EDGE('',*,*,#1150,.F.);
#1150 = EDGE_CURVE('',#265,#1151,#1153,.T.);
#1151 = VERTEX_POINT('',#1152);
#1152 = CARTESIAN_POINT('',(0.3,-18.08,8.2));
#1153 = LINE('',#1154,#1155);
#1154 = CARTESIAN_POINT('',(0.3,-18.08,8.2));
#1155 = VECTOR('',#1156,1.);
#1156 = DIRECTION('',(-0.57735026919,0.57735026919,-0.57735026919));
#1157 = ORIENTED_EDGE('',*,*,#264,.T.);
#1158 = ORIENTED_EDGE('',*,*,#1159,.T.);
#1159 = EDGE_CURVE('',#267,#1160,#1162,.T.);
#1160 = VERTEX_POINT('',#1161);
#1161 = CARTESIAN_POINT('',(0.3,-17.48,8.2));
#1162 = LINE('',#1163,#1164);
#1163 = CARTESIAN_POINT('',(0.3,-17.48,8.2));
#1164 = VECTOR('',#1165,1.);
#1165 = DIRECTION('',(-0.57735026919,-0.57735026919,-0.57735026919));
#1166 = ORIENTED_EDGE('',*,*,#1167,.F.);
#1167 = EDGE_CURVE('',#1151,#1160,#1168,.T.);
#1168 = LINE('',#1169,#1170);
#1169 = CARTESIAN_POINT('',(0.3,-18.38,8.2));
#1170 = VECTOR('',#1171,1.);
#1171 = DIRECTION('',(1.110223024625E-16,1.,0.));
#1172 = PLANE('',#1173);
#1173 = AXIS2_PLACEMENT_3D('',#1174,#1175,#1176);
#1174 = CARTESIAN_POINT('',(0.45,-18.38,8.35));
#1175 = DIRECTION('',(-0.707106781187,7.850462293414E-17,0.707106781187)
  );
#1176 = DIRECTION('',(1.110223024625E-16,1.,2.680278185005E-29));
#1177 = ADVANCED_FACE('',(#1178),#1196,.T.);
#1178 = FACE_BOUND('',#1179,.T.);
#1179 = EDGE_LOOP('',(#1180,#1181,#1182,#1190));
#1180 = ORIENTED_EDGE('',*,*,#1159,.F.);
#1181 = ORIENTED_EDGE('',*,*,#290,.T.);
#1182 = ORIENTED_EDGE('',*,*,#1183,.T.);
#1183 = EDGE_CURVE('',#283,#1184,#1186,.T.);
#1184 = VERTEX_POINT('',#1185);
#1185 = CARTESIAN_POINT('',(-0.3,-17.48,8.2));
#1186 = LINE('',#1187,#1188);
#1187 = CARTESIAN_POINT('',(-0.3,-17.48,8.2));
#1188 = VECTOR('',#1189,1.);
#1189 = DIRECTION('',(0.57735026919,-0.57735026919,-0.57735026919));
#1190 = ORIENTED_EDGE('',*,*,#1191,.F.);
#1191 = EDGE_CURVE('',#1160,#1184,#1192,.T.);
#1192 = LINE('',#1193,#1194);
#1193 = CARTESIAN_POINT('',(0.6,-17.48,8.2));
#1194 = VECTOR('',#1195,1.);
#1195 = DIRECTION('',(-1.,1.110223024625E-16,0.));
#1196 = PLANE('',#1197);
#1197 = AXIS2_PLACEMENT_3D('',#1198,#1199,#1200);
#1198 = CARTESIAN_POINT('',(0.6,-17.33,8.35));
#1199 = DIRECTION('',(-7.850462293414E-17,-0.707106781187,0.707106781187
    ));
#1200 = DIRECTION('',(-1.,1.110223024625E-16,2.680278185005E-29));
#1201 = ADVANCED_FACE('',(#1202),#1220,.T.);
#1202 = FACE_BOUND('',#1203,.T.);
#1203 = EDGE_LOOP('',(#1204,#1205,#1206,#1214));
#1204 = ORIENTED_EDGE('',*,*,#1183,.F.);
#1205 = ORIENTED_EDGE('',*,*,#282,.T.);
#1206 = ORIENTED_EDGE('',*,*,#1207,.T.);
#1207 = EDGE_CURVE('',#275,#1208,#1210,.T.);
#1208 = VERTEX_POINT('',#1209);
#1209 = CARTESIAN_POINT('',(-0.3,-18.08,8.2));
#1210 = LINE('',#1211,#1212);
#1211 = CARTESIAN_POINT('',(-0.3,-18.08,8.2));
#1212 = VECTOR('',#1213,1.);
#1213 = DIRECTION('',(0.57735026919,0.57735026919,-0.57735026919));
#1214 = ORIENTED_EDGE('',*,*,#1215,.F.);
#1215 = EDGE_CURVE('',#1184,#1208,#1216,.T.);
#1216 = LINE('',#1217,#1218);
#1217 = CARTESIAN_POINT('',(-0.3,-17.18,8.2));
#1218 = VECTOR('',#1219,1.);
#1219 = DIRECTION('',(-1.110223024625E-16,-1.,0.));
#1220 = PLANE('',#1221);
#1221 = AXIS2_PLACEMENT_3D('',#1222,#1223,#1224);
#1222 = CARTESIAN_POINT('',(-0.45,-17.18,8.35));
#1223 = DIRECTION('',(0.707106781187,-7.850462293414E-17,0.707106781187)
  );
#1224 = DIRECTION('',(-1.110223024625E-16,-1.,2.680278185005E-29));
#1225 = ADVANCED_FACE('',(#1226),#1237,.T.);
#1226 = FACE_BOUND('',#1227,.T.);
#1227 = EDGE_LOOP('',(#1228,#1229,#1230,#1231));
#1228 = ORIENTED_EDGE('',*,*,#1207,.F.);
#1229 = ORIENTED_EDGE('',*,*,#274,.T.);
#1230 = ORIENTED_EDGE('',*,*,#1150,.T.);
#1231 = ORIENTED_EDGE('',*,*,#1232,.F.);
#1232 = EDGE_CURVE('',#1208,#1151,#1233,.T.);
#1233 = LINE('',#1234,#1235);
#1234 = CARTESIAN_POINT('',(-0.6,-18.08,8.2));
#1235 = VECTOR('',#1236,1.);
#1236 = DIRECTION('',(1.,-1.110223024625E-16,0.));
#1237 = PLANE('',#1238);
#1238 = AXIS2_PLACEMENT_3D('',#1239,#1240,#1241);
#1239 = CARTESIAN_POINT('',(-0.6,-18.23,8.35));
#1240 = DIRECTION('',(7.850462293414E-17,0.707106781187,0.707106781187)
  );
#1241 = DIRECTION('',(1.,-1.110223024625E-16,2.680278185005E-29));
#1242 = ADVANCED_FACE('',(#1243),#1268,.T.);
#1243 = FACE_BOUND('',#1244,.T.);
#1244 = EDGE_LOOP('',(#1245,#1253,#1254,#1262));
#1245 = ORIENTED_EDGE('',*,*,#1246,.F.);
#1246 = EDGE_CURVE('',#299,#1247,#1249,.T.);
#1247 = VERTEX_POINT('',#1248);
#1248 = CARTESIAN_POINT('',(0.3,-15.54,8.2));
#1249 = LINE('',#1250,#1251);
#1250 = CARTESIAN_POINT('',(0.3,-15.54,8.2));
#1251 = VECTOR('',#1252,1.);
#1252 = DIRECTION('',(-0.57735026919,0.57735026919,-0.57735026919));
#1253 = ORIENTED_EDGE('',*,*,#298,.T.);
#1254 = ORIENTED_EDGE('',*,*,#1255,.T.);
#1255 = EDGE_CURVE('',#301,#1256,#1258,.T.);
#1256 = VERTEX_POINT('',#1257);
#1257 = CARTESIAN_POINT('',(0.3,-14.94,8.2));
#1258 = LINE('',#1259,#1260);
#1259 = CARTESIAN_POINT('',(0.3,-14.94,8.2));
#1260 = VECTOR('',#1261,1.);
#1261 = DIRECTION('',(-0.57735026919,-0.57735026919,-0.57735026919));
#1262 = ORIENTED_EDGE('',*,*,#1263,.F.);
#1263 = EDGE_CURVE('',#1247,#1256,#1264,.T.);
#1264 = LINE('',#1265,#1266);
#1265 = CARTESIAN_POINT('',(0.3,-15.84,8.2));
#1266 = VECTOR('',#1267,1.);
#1267 = DIRECTION('',(1.110223024625E-16,1.,0.));
#1268 = PLANE('',#1269);
#1269 = AXIS2_PLACEMENT_3D('',#1270,#1271,#1272);
#1270 = CARTESIAN_POINT('',(0.45,-15.84,8.35));
#1271 = DIRECTION('',(-0.707106781187,7.850462293414E-17,0.707106781187)
  );
#1272 = DIRECTION('',(1.110223024625E-16,1.,2.680278185005E-29));
#1273 = ADVANCED_FACE('',(#1274),#1292,.T.);
#1274 = FACE_BOUND('',#1275,.T.);
#1275 = EDGE_LOOP('',(#1276,#1277,#1278,#1286));
#1276 = ORIENTED_EDGE('',*,*,#1255,.F.);
#1277 = ORIENTED_EDGE('',*,*,#324,.T.);
#1278 = ORIENTED_EDGE('',*,*,#1279,.T.);
#1279 = EDGE_CURVE('',#317,#1280,#1282,.T.);
#1280 = VERTEX_POINT('',#1281);
#1281 = CARTESIAN_POINT('',(-0.3,-14.94,8.2));
#1282 = LINE('',#1283,#1284);
#1283 = CARTESIAN_POINT('',(-0.3,-14.94,8.2));
#1284 = VECTOR('',#1285,1.);
#1285 = DIRECTION('',(0.57735026919,-0.57735026919,-0.57735026919));
#1286 = ORIENTED_EDGE('',*,*,#1287,.F.);
#1287 = EDGE_CURVE('',#1256,#1280,#1288,.T.);
#1288 = LINE('',#1289,#1290);
#1289 = CARTESIAN_POINT('',(0.6,-14.94,8.2));
#1290 = VECTOR('',#1291,1.);
#1291 = DIRECTION('',(-1.,1.110223024625E-16,0.));
#1292 = PLANE('',#1293);
#1293 = AXIS2_PLACEMENT_3D('',#1294,#1295,#1296);
#1294 = CARTESIAN_POINT('',(0.6,-14.79,8.35));
#1295 = DIRECTION('',(-7.850462293414E-17,-0.707106781187,0.707106781187
    ));
#1296 = DIRECTION('',(-1.,1.110223024625E-16,2.680278185005E-29));
#1297 = ADVANCED_FACE('',(#1298),#1316,.T.);
#1298 = FACE_BOUND('',#1299,.T.);
#1299 = EDGE_LOOP('',(#1300,#1301,#1302,#1310));
#1300 = ORIENTED_EDGE('',*,*,#1279,.F.);
#1301 = ORIENTED_EDGE('',*,*,#316,.T.);
#1302 = ORIENTED_EDGE('',*,*,#1303,.T.);
#1303 = EDGE_CURVE('',#309,#1304,#1306,.T.);
#1304 = VERTEX_POINT('',#1305);
#1305 = CARTESIAN_POINT('',(-0.3,-15.54,8.2));
#1306 = LINE('',#1307,#1308);
#1307 = CARTESIAN_POINT('',(-0.3,-15.54,8.2));
#1308 = VECTOR('',#1309,1.);
#1309 = DIRECTION('',(0.57735026919,0.57735026919,-0.57735026919));
#1310 = ORIENTED_EDGE('',*,*,#1311,.F.);
#1311 = EDGE_CURVE('',#1280,#1304,#1312,.T.);
#1312 = LINE('',#1313,#1314);
#1313 = CARTESIAN_POINT('',(-0.3,-14.64,8.2));
#1314 = VECTOR('',#1315,1.);
#1315 = DIRECTION('',(-1.110223024625E-16,-1.,0.));
#1316 = PLANE('',#1317);
#1317 = AXIS2_PLACEMENT_3D('',#1318,#1319,#1320);
#1318 = CARTESIAN_POINT('',(-0.45,-14.64,8.35));
#1319 = DIRECTION('',(0.707106781187,-7.850462293414E-17,0.707106781187)
  );
#1320 = DIRECTION('',(-1.110223024625E-16,-1.,2.680278185005E-29));
#1321 = ADVANCED_FACE('',(#1322),#1333,.T.);
#1322 = FACE_BOUND('',#1323,.T.);
#1323 = EDGE_LOOP('',(#1324,#1325,#1326,#1327));
#1324 = ORIENTED_EDGE('',*,*,#1303,.F.);
#1325 = ORIENTED_EDGE('',*,*,#308,.T.);
#1326 = ORIENTED_EDGE('',*,*,#1246,.T.);
#1327 = ORIENTED_EDGE('',*,*,#1328,.F.);
#1328 = EDGE_CURVE('',#1304,#1247,#1329,.T.);
#1329 = LINE('',#1330,#1331);
#1330 = CARTESIAN_POINT('',(-0.6,-15.54,8.2));
#1331 = VECTOR('',#1332,1.);
#1332 = DIRECTION('',(1.,-1.110223024625E-16,0.));
#1333 = PLANE('',#1334);
#1334 = AXIS2_PLACEMENT_3D('',#1335,#1336,#1337);
#1335 = CARTESIAN_POINT('',(-0.6,-15.69,8.35));
#1336 = DIRECTION('',(7.850462293414E-17,0.707106781187,0.707106781187)
  );
#1337 = DIRECTION('',(1.,-1.110223024625E-16,2.680278185005E-29));
#1338 = ADVANCED_FACE('',(#1339),#1364,.T.);
#1339 = FACE_BOUND('',#1340,.T.);
#1340 = EDGE_LOOP('',(#1341,#1349,#1350,#1358));
#1341 = ORIENTED_EDGE('',*,*,#1342,.F.);
#1342 = EDGE_CURVE('',#333,#1343,#1345,.T.);
#1343 = VERTEX_POINT('',#1344);
#1344 = CARTESIAN_POINT('',(0.3,-13.,8.2));
#1345 = LINE('',#1346,#1347);
#1346 = CARTESIAN_POINT('',(0.3,-13.,8.2));
#1347 = VECTOR('',#1348,1.);
#1348 = DIRECTION('',(-0.57735026919,0.57735026919,-0.57735026919));
#1349 = ORIENTED_EDGE('',*,*,#332,.T.);
#1350 = ORIENTED_EDGE('',*,*,#1351,.T.);
#1351 = EDGE_CURVE('',#335,#1352,#1354,.T.);
#1352 = VERTEX_POINT('',#1353);
#1353 = CARTESIAN_POINT('',(0.3,-12.4,8.2));
#1354 = LINE('',#1355,#1356);
#1355 = CARTESIAN_POINT('',(0.3,-12.4,8.2));
#1356 = VECTOR('',#1357,1.);
#1357 = DIRECTION('',(-0.57735026919,-0.57735026919,-0.57735026919));
#1358 = ORIENTED_EDGE('',*,*,#1359,.F.);
#1359 = EDGE_CURVE('',#1343,#1352,#1360,.T.);
#1360 = LINE('',#1361,#1362);
#1361 = CARTESIAN_POINT('',(0.3,-13.3,8.2));
#1362 = VECTOR('',#1363,1.);
#1363 = DIRECTION('',(1.110223024625E-16,1.,0.));
#1364 = PLANE('',#1365);
#1365 = AXIS2_PLACEMENT_3D('',#1366,#1367,#1368);
#1366 = CARTESIAN_POINT('',(0.45,-13.3,8.35));
#1367 = DIRECTION('',(-0.707106781187,7.850462293414E-17,0.707106781187)
  );
#1368 = DIRECTION('',(1.110223024625E-16,1.,2.680278185005E-29));
#1369 = ADVANCED_FACE('',(#1370),#1388,.T.);
#1370 = FACE_BOUND('',#1371,.T.);
#1371 = EDGE_LOOP('',(#1372,#1373,#1374,#1382));
#1372 = ORIENTED_EDGE('',*,*,#1351,.F.);
#1373 = ORIENTED_EDGE('',*,*,#358,.T.);
#1374 = ORIENTED_EDGE('',*,*,#1375,.T.);
#1375 = EDGE_CURVE('',#351,#1376,#1378,.T.);
#1376 = VERTEX_POINT('',#1377);
#1377 = CARTESIAN_POINT('',(-0.3,-12.4,8.2));
#1378 = LINE('',#1379,#1380);
#1379 = CARTESIAN_POINT('',(-0.3,-12.4,8.2));
#1380 = VECTOR('',#1381,1.);
#1381 = DIRECTION('',(0.57735026919,-0.57735026919,-0.57735026919));
#1382 = ORIENTED_EDGE('',*,*,#1383,.F.);
#1383 = EDGE_CURVE('',#1352,#1376,#1384,.T.);
#1384 = LINE('',#1385,#1386);
#1385 = CARTESIAN_POINT('',(0.6,-12.4,8.2));
#1386 = VECTOR('',#1387,1.);
#1387 = DIRECTION('',(-1.,1.110223024625E-16,0.));
#1388 = PLANE('',#1389);
#1389 = AXIS2_PLACEMENT_3D('',#1390,#1391,#1392);
#1390 = CARTESIAN_POINT('',(0.6,-12.25,8.35));
#1391 = DIRECTION('',(-7.850462293414E-17,-0.707106781187,0.707106781187
    ));
#1392 = DIRECTION('',(-1.,1.110223024625E-16,2.680278185005E-29));
#1393 = ADVANCED_FACE('',(#1394),#1412,.T.);
#1394 = FACE_BOUND('',#1395,.T.);
#1395 = EDGE_LOOP('',(#1396,#1397,#1398,#1406));
#1396 = ORIENTED_EDGE('',*,*,#1375,.F.);
#1397 = ORIENTED_EDGE('',*,*,#350,.T.);
#1398 = ORIENTED_EDGE('',*,*,#1399,.T.);
#1399 = EDGE_CURVE('',#343,#1400,#1402,.T.);
#1400 = VERTEX_POINT('',#1401);
#1401 = CARTESIAN_POINT('',(-0.3,-13.,8.2));
#1402 = LINE('',#1403,#1404);
#1403 = CARTESIAN_POINT('',(-0.3,-13.,8.2));
#1404 = VECTOR('',#1405,1.);
#1405 = DIRECTION('',(0.57735026919,0.57735026919,-0.57735026919));
#1406 = ORIENTED_EDGE('',*,*,#1407,.F.);
#1407 = EDGE_CURVE('',#1376,#1400,#1408,.T.);
#1408 = LINE('',#1409,#1410);
#1409 = CARTESIAN_POINT('',(-0.3,-12.1,8.2));
#1410 = VECTOR('',#1411,1.);
#1411 = DIRECTION('',(-1.110223024625E-16,-1.,0.));
#1412 = PLANE('',#1413);
#1413 = AXIS2_PLACEMENT_3D('',#1414,#1415,#1416);
#1414 = CARTESIAN_POINT('',(-0.45,-12.1,8.35));
#1415 = DIRECTION('',(0.707106781187,-7.850462293414E-17,0.707106781187)
  );
#1416 = DIRECTION('',(-1.110223024625E-16,-1.,2.680278185005E-29));
#1417 = ADVANCED_FACE('',(#1418),#1429,.T.);
#1418 = FACE_BOUND('',#1419,.T.);
#1419 = EDGE_LOOP('',(#1420,#1421,#1422,#1423));
#1420 = ORIENTED_EDGE('',*,*,#1399,.F.);
#1421 = ORIENTED_EDGE('',*,*,#342,.T.);
#1422 = ORIENTED_EDGE('',*,*,#1342,.T.);
#1423 = ORIENTED_EDGE('',*,*,#1424,.F.);
#1424 = EDGE_CURVE('',#1400,#1343,#1425,.T.);
#1425 = LINE('',#1426,#1427);
#1426 = CARTESIAN_POINT('',(-0.6,-13.,8.2));
#1427 = VECTOR('',#1428,1.);
#1428 = DIRECTION('',(1.,-1.110223024625E-16,0.));
#1429 = PLANE('',#1430);
#1430 = AXIS2_PLACEMENT_3D('',#1431,#1432,#1433);
#1431 = CARTESIAN_POINT('',(-0.6,-13.15,8.35));
#1432 = DIRECTION('',(7.850462293414E-17,0.707106781187,0.707106781187)
  );
#1433 = DIRECTION('',(1.,-1.110223024625E-16,2.680278185005E-29));
#1434 = ADVANCED_FACE('',(#1435),#1460,.T.);
#1435 = FACE_BOUND('',#1436,.T.);
#1436 = EDGE_LOOP('',(#1437,#1445,#1446,#1454));
#1437 = ORIENTED_EDGE('',*,*,#1438,.F.);
#1438 = EDGE_CURVE('',#367,#1439,#1441,.T.);
#1439 = VERTEX_POINT('',#1440);
#1440 = CARTESIAN_POINT('',(0.3,-10.46,8.2));
#1441 = LINE('',#1442,#1443);
#1442 = CARTESIAN_POINT('',(0.3,-10.46,8.2));
#1443 = VECTOR('',#1444,1.);
#1444 = DIRECTION('',(-0.57735026919,0.57735026919,-0.57735026919));
#1445 = ORIENTED_EDGE('',*,*,#366,.T.);
#1446 = ORIENTED_EDGE('',*,*,#1447,.T.);
#1447 = EDGE_CURVE('',#369,#1448,#1450,.T.);
#1448 = VERTEX_POINT('',#1449);
#1449 = CARTESIAN_POINT('',(0.3,-9.86,8.2));
#1450 = LINE('',#1451,#1452);
#1451 = CARTESIAN_POINT('',(0.3,-9.86,8.2));
#1452 = VECTOR('',#1453,1.);
#1453 = DIRECTION('',(-0.57735026919,-0.57735026919,-0.57735026919));
#1454 = ORIENTED_EDGE('',*,*,#1455,.F.);
#1455 = EDGE_CURVE('',#1439,#1448,#1456,.T.);
#1456 = LINE('',#1457,#1458);
#1457 = CARTESIAN_POINT('',(0.3,-10.76,8.2));
#1458 = VECTOR('',#1459,1.);
#1459 = DIRECTION('',(1.110223024625E-16,1.,0.));
#1460 = PLANE('',#1461);
#1461 = AXIS2_PLACEMENT_3D('',#1462,#1463,#1464);
#1462 = CARTESIAN_POINT('',(0.45,-10.76,8.35));
#1463 = DIRECTION('',(-0.707106781187,7.850462293414E-17,0.707106781187)
  );
#1464 = DIRECTION('',(1.110223024625E-16,1.,2.680278185005E-29));
#1465 = ADVANCED_FACE('',(#1466),#1484,.T.);
#1466 = FACE_BOUND('',#1467,.T.);
#1467 = EDGE_LOOP('',(#1468,#1469,#1470,#1478));
#1468 = ORIENTED_EDGE('',*,*,#1447,.F.);
#1469 = ORIENTED_EDGE('',*,*,#392,.T.);
#1470 = ORIENTED_EDGE('',*,*,#1471,.T.);
#1471 = EDGE_CURVE('',#385,#1472,#1474,.T.);
#1472 = VERTEX_POINT('',#1473);
#1473 = CARTESIAN_POINT('',(-0.3,-9.86,8.2));
#1474 = LINE('',#1475,#1476);
#1475 = CARTESIAN_POINT('',(-0.3,-9.86,8.2));
#1476 = VECTOR('',#1477,1.);
#1477 = DIRECTION('',(0.57735026919,-0.57735026919,-0.57735026919));
#1478 = ORIENTED_EDGE('',*,*,#1479,.F.);
#1479 = EDGE_CURVE('',#1448,#1472,#1480,.T.);
#1480 = LINE('',#1481,#1482);
#1481 = CARTESIAN_POINT('',(0.6,-9.86,8.2));
#1482 = VECTOR('',#1483,1.);
#1483 = DIRECTION('',(-1.,1.110223024625E-16,0.));
#1484 = PLANE('',#1485);
#1485 = AXIS2_PLACEMENT_3D('',#1486,#1487,#1488);
#1486 = CARTESIAN_POINT('',(0.6,-9.71,8.35));
#1487 = DIRECTION('',(-7.850462293414E-17,-0.707106781187,0.707106781187
    ));
#1488 = DIRECTION('',(-1.,1.110223024625E-16,2.680278185005E-29));
#1489 = ADVANCED_FACE('',(#1490),#1508,.T.);
#1490 = FACE_BOUND('',#1491,.T.);
#1491 = EDGE_LOOP('',(#1492,#1493,#1494,#1502));
#1492 = ORIENTED_EDGE('',*,*,#1471,.F.);
#1493 = ORIENTED_EDGE('',*,*,#384,.T.);
#1494 = ORIENTED_EDGE('',*,*,#1495,.T.);
#1495 = EDGE_CURVE('',#377,#1496,#1498,.T.);
#1496 = VERTEX_POINT('',#1497);
#1497 = CARTESIAN_POINT('',(-0.3,-10.46,8.2));
#1498 = LINE('',#1499,#1500);
#1499 = CARTESIAN_POINT('',(-0.3,-10.46,8.2));
#1500 = VECTOR('',#1501,1.);
#1501 = DIRECTION('',(0.57735026919,0.57735026919,-0.57735026919));
#1502 = ORIENTED_EDGE('',*,*,#1503,.F.);
#1503 = EDGE_CURVE('',#1472,#1496,#1504,.T.);
#1504 = LINE('',#1505,#1506);
#1505 = CARTESIAN_POINT('',(-0.3,-9.56,8.2));
#1506 = VECTOR('',#1507,1.);
#1507 = DIRECTION('',(-1.110223024625E-16,-1.,0.));
#1508 = PLANE('',#1509);
#1509 = AXIS2_PLACEMENT_3D('',#1510,#1511,#1512);
#1510 = CARTESIAN_POINT('',(-0.45,-9.56,8.35));
#1511 = DIRECTION('',(0.707106781187,-7.850462293414E-17,0.707106781187)
  );
#1512 = DIRECTION('',(-1.110223024625E-16,-1.,2.680278185005E-29));
#1513 = ADVANCED_FACE('',(#1514),#1525,.T.);
#1514 = FACE_BOUND('',#1515,.T.);
#1515 = EDGE_LOOP('',(#1516,#1517,#1518,#1519));
#1516 = ORIENTED_EDGE('',*,*,#1495,.F.);
#1517 = ORIENTED_EDGE('',*,*,#376,.T.);
#1518 = ORIENTED_EDGE('',*,*,#1438,.T.);
#1519 = ORIENTED_EDGE('',*,*,#1520,.F.);
#1520 = EDGE_CURVE('',#1496,#1439,#1521,.T.);
#1521 = LINE('',#1522,#1523);
#1522 = CARTESIAN_POINT('',(-0.6,-10.46,8.2));
#1523 = VECTOR('',#1524,1.);
#1524 = DIRECTION('',(1.,-1.110223024625E-16,0.));
#1525 = PLANE('',#1526);
#1526 = AXIS2_PLACEMENT_3D('',#1527,#1528,#1529);
#1527 = CARTESIAN_POINT('',(-0.6,-10.61,8.35));
#1528 = DIRECTION('',(7.850462293414E-17,0.707106781187,0.707106781187)
  );
#1529 = DIRECTION('',(1.,-1.110223024625E-16,2.680278185005E-29));
#1530 = ADVANCED_FACE('',(#1531),#1556,.T.);
#1531 = FACE_BOUND('',#1532,.T.);
#1532 = EDGE_LOOP('',(#1533,#1541,#1542,#1550));
#1533 = ORIENTED_EDGE('',*,*,#1534,.F.);
#1534 = EDGE_CURVE('',#401,#1535,#1537,.T.);
#1535 = VERTEX_POINT('',#1536);
#1536 = CARTESIAN_POINT('',(0.3,-7.92,8.2));
#1537 = LINE('',#1538,#1539);
#1538 = CARTESIAN_POINT('',(0.3,-7.92,8.2));
#1539 = VECTOR('',#1540,1.);
#1540 = DIRECTION('',(-0.57735026919,0.57735026919,-0.57735026919));
#1541 = ORIENTED_EDGE('',*,*,#400,.T.);
#1542 = ORIENTED_EDGE('',*,*,#1543,.T.);
#1543 = EDGE_CURVE('',#403,#1544,#1546,.T.);
#1544 = VERTEX_POINT('',#1545);
#1545 = CARTESIAN_POINT('',(0.3,-7.32,8.2));
#1546 = LINE('',#1547,#1548);
#1547 = CARTESIAN_POINT('',(0.3,-7.32,8.2));
#1548 = VECTOR('',#1549,1.);
#1549 = DIRECTION('',(-0.57735026919,-0.57735026919,-0.57735026919));
#1550 = ORIENTED_EDGE('',*,*,#1551,.F.);
#1551 = EDGE_CURVE('',#1535,#1544,#1552,.T.);
#1552 = LINE('',#1553,#1554);
#1553 = CARTESIAN_POINT('',(0.3,-8.22,8.2));
#1554 = VECTOR('',#1555,1.);
#1555 = DIRECTION('',(1.110223024625E-16,1.,0.));
#1556 = PLANE('',#1557);
#1557 = AXIS2_PLACEMENT_3D('',#1558,#1559,#1560);
#1558 = CARTESIAN_POINT('',(0.45,-8.22,8.35));
#1559 = DIRECTION('',(-0.707106781187,7.850462293414E-17,0.707106781187)
  );
#1560 = DIRECTION('',(1.110223024625E-16,1.,2.680278185005E-29));
#1561 = ADVANCED_FACE('',(#1562),#1580,.T.);
#1562 = FACE_BOUND('',#1563,.T.);
#1563 = EDGE_LOOP('',(#1564,#1565,#1566,#1574));
#1564 = ORIENTED_EDGE('',*,*,#1543,.F.);
#1565 = ORIENTED_EDGE('',*,*,#426,.T.);
#1566 = ORIENTED_EDGE('',*,*,#1567,.T.);
#1567 = EDGE_CURVE('',#419,#1568,#1570,.T.);
#1568 = VERTEX_POINT('',#1569);
#1569 = CARTESIAN_POINT('',(-0.3,-7.32,8.2));
#1570 = LINE('',#1571,#1572);
#1571 = CARTESIAN_POINT('',(-0.3,-7.32,8.2));
#1572 = VECTOR('',#1573,1.);
#1573 = DIRECTION('',(0.57735026919,-0.57735026919,-0.57735026919));
#1574 = ORIENTED_EDGE('',*,*,#1575,.F.);
#1575 = EDGE_CURVE('',#1544,#1568,#1576,.T.);
#1576 = LINE('',#1577,#1578);
#1577 = CARTESIAN_POINT('',(0.6,-7.32,8.2));
#1578 = VECTOR('',#1579,1.);
#1579 = DIRECTION('',(-1.,1.110223024625E-16,0.));
#1580 = PLANE('',#1581);
#1581 = AXIS2_PLACEMENT_3D('',#1582,#1583,#1584);
#1582 = CARTESIAN_POINT('',(0.6,-7.17,8.35));
#1583 = DIRECTION('',(-7.850462293414E-17,-0.707106781187,0.707106781187
    ));
#1584 = DIRECTION('',(-1.,1.110223024625E-16,2.680278185005E-29));
#1585 = ADVANCED_FACE('',(#1586),#1604,.T.);
#1586 = FACE_BOUND('',#1587,.T.);
#1587 = EDGE_LOOP('',(#1588,#1589,#1590,#1598));
#1588 = ORIENTED_EDGE('',*,*,#1567,.F.);
#1589 = ORIENTED_EDGE('',*,*,#418,.T.);
#1590 = ORIENTED_EDGE('',*,*,#1591,.T.);
#1591 = EDGE_CURVE('',#411,#1592,#1594,.T.);
#1592 = VERTEX_POINT('',#1593);
#1593 = CARTESIAN_POINT('',(-0.3,-7.92,8.2));
#1594 = LINE('',#1595,#1596);
#1595 = CARTESIAN_POINT('',(-0.3,-7.92,8.2));
#1596 = VECTOR('',#1597,1.);
#1597 = DIRECTION('',(0.57735026919,0.57735026919,-0.57735026919));
#1598 = ORIENTED_EDGE('',*,*,#1599,.F.);
#1599 = EDGE_CURVE('',#1568,#1592,#1600,.T.);
#1600 = LINE('',#1601,#1602);
#1601 = CARTESIAN_POINT('',(-0.3,-7.02,8.2));
#1602 = VECTOR('',#1603,1.);
#1603 = DIRECTION('',(-1.110223024625E-16,-1.,0.));
#1604 = PLANE('',#1605);
#1605 = AXIS2_PLACEMENT_3D('',#1606,#1607,#1608);
#1606 = CARTESIAN_POINT('',(-0.45,-7.02,8.35));
#1607 = DIRECTION('',(0.707106781187,-7.850462293414E-17,0.707106781187)
  );
#1608 = DIRECTION('',(-1.110223024625E-16,-1.,2.680278185005E-29));
#1609 = ADVANCED_FACE('',(#1610),#1621,.T.);
#1610 = FACE_BOUND('',#1611,.T.);
#1611 = EDGE_LOOP('',(#1612,#1613,#1614,#1615));
#1612 = ORIENTED_EDGE('',*,*,#1591,.F.);
#1613 = ORIENTED_EDGE('',*,*,#410,.T.);
#1614 = ORIENTED_EDGE('',*,*,#1534,.T.);
#1615 = ORIENTED_EDGE('',*,*,#1616,.F.);
#1616 = EDGE_CURVE('',#1592,#1535,#1617,.T.);
#1617 = LINE('',#1618,#1619);
#1618 = CARTESIAN_POINT('',(-0.6,-7.92,8.2));
#1619 = VECTOR('',#1620,1.);
#1620 = DIRECTION('',(1.,-1.110223024625E-16,0.));
#1621 = PLANE('',#1622);
#1622 = AXIS2_PLACEMENT_3D('',#1623,#1624,#1625);
#1623 = CARTESIAN_POINT('',(-0.6,-8.07,8.35));
#1624 = DIRECTION('',(7.850462293414E-17,0.707106781187,0.707106781187)
  );
#1625 = DIRECTION('',(1.,-1.110223024625E-16,2.680278185005E-29));
#1626 = ADVANCED_FACE('',(#1627),#1652,.T.);
#1627 = FACE_BOUND('',#1628,.T.);
#1628 = EDGE_LOOP('',(#1629,#1637,#1638,#1646));
#1629 = ORIENTED_EDGE('',*,*,#1630,.F.);
#1630 = EDGE_CURVE('',#435,#1631,#1633,.T.);
#1631 = VERTEX_POINT('',#1632);
#1632 = CARTESIAN_POINT('',(0.3,-5.38,8.2));
#1633 = LINE('',#1634,#1635);
#1634 = CARTESIAN_POINT('',(0.3,-5.38,8.2));
#1635 = VECTOR('',#1636,1.);
#1636 = DIRECTION('',(-0.57735026919,0.57735026919,-0.57735026919));
#1637 = ORIENTED_EDGE('',*,*,#434,.T.);
#1638 = ORIENTED_EDGE('',*,*,#1639,.T.);
#1639 = EDGE_CURVE('',#437,#1640,#1642,.T.);
#1640 = VERTEX_POINT('',#1641);
#1641 = CARTESIAN_POINT('',(0.3,-4.78,8.2));
#1642 = LINE('',#1643,#1644);
#1643 = CARTESIAN_POINT('',(0.3,-4.78,8.2));
#1644 = VECTOR('',#1645,1.);
#1645 = DIRECTION('',(-0.57735026919,-0.57735026919,-0.57735026919));
#1646 = ORIENTED_EDGE('',*,*,#1647,.F.);
#1647 = EDGE_CURVE('',#1631,#1640,#1648,.T.);
#1648 = LINE('',#1649,#1650);
#1649 = CARTESIAN_POINT('',(0.3,-5.68,8.2));
#1650 = VECTOR('',#1651,1.);
#1651 = DIRECTION('',(1.110223024625E-16,1.,0.));
#1652 = PLANE('',#1653);
#1653 = AXIS2_PLACEMENT_3D('',#1654,#1655,#1656);
#1654 = CARTESIAN_POINT('',(0.45,-5.68,8.35));
#1655 = DIRECTION('',(-0.707106781187,7.850462293414E-17,0.707106781187)
  );
#1656 = DIRECTION('',(1.110223024625E-16,1.,2.680278185005E-29));
#1657 = ADVANCED_FACE('',(#1658),#1676,.T.);
#1658 = FACE_BOUND('',#1659,.T.);
#1659 = EDGE_LOOP('',(#1660,#1661,#1662,#1670));
#1660 = ORIENTED_EDGE('',*,*,#1639,.F.);
#1661 = ORIENTED_EDGE('',*,*,#460,.T.);
#1662 = ORIENTED_EDGE('',*,*,#1663,.T.);
#1663 = EDGE_CURVE('',#453,#1664,#1666,.T.);
#1664 = VERTEX_POINT('',#1665);
#1665 = CARTESIAN_POINT('',(-0.3,-4.78,8.2));
#1666 = LINE('',#1667,#1668);
#1667 = CARTESIAN_POINT('',(-0.3,-4.78,8.2));
#1668 = VECTOR('',#1669,1.);
#1669 = DIRECTION('',(0.57735026919,-0.57735026919,-0.57735026919));
#1670 = ORIENTED_EDGE('',*,*,#1671,.F.);
#1671 = EDGE_CURVE('',#1640,#1664,#1672,.T.);
#1672 = LINE('',#1673,#1674);
#1673 = CARTESIAN_POINT('',(0.6,-4.78,8.2));
#1674 = VECTOR('',#1675,1.);
#1675 = DIRECTION('',(-1.,1.110223024625E-16,0.));
#1676 = PLANE('',#1677);
#1677 = AXIS2_PLACEMENT_3D('',#1678,#1679,#1680);
#1678 = CARTESIAN_POINT('',(0.6,-4.63,8.35));
#1679 = DIRECTION('',(-7.850462293414E-17,-0.707106781187,0.707106781187
    ));
#1680 = DIRECTION('',(-1.,1.110223024625E-16,2.680278185005E-29));
#1681 = ADVANCED_FACE('',(#1682),#1700,.T.);
#1682 = FACE_BOUND('',#1683,.T.);
#1683 = EDGE_LOOP('',(#1684,#1685,#1686,#1694));
#1684 = ORIENTED_EDGE('',*,*,#1663,.F.);
#1685 = ORIENTED_EDGE('',*,*,#452,.T.);
#1686 = ORIENTED_EDGE('',*,*,#1687,.T.);
#1687 = EDGE_CURVE('',#445,#1688,#1690,.T.);
#1688 = VERTEX_POINT('',#1689);
#1689 = CARTESIAN_POINT('',(-0.3,-5.38,8.2));
#1690 = LINE('',#1691,#1692);
#1691 = CARTESIAN_POINT('',(-0.3,-5.38,8.2));
#1692 = VECTOR('',#1693,1.);
#1693 = DIRECTION('',(0.57735026919,0.57735026919,-0.57735026919));
#1694 = ORIENTED_EDGE('',*,*,#1695,.F.);
#1695 = EDGE_CURVE('',#1664,#1688,#1696,.T.);
#1696 = LINE('',#1697,#1698);
#1697 = CARTESIAN_POINT('',(-0.3,-4.48,8.2));
#1698 = VECTOR('',#1699,1.);
#1699 = DIRECTION('',(-1.110223024625E-16,-1.,0.));
#1700 = PLANE('',#1701);
#1701 = AXIS2_PLACEMENT_3D('',#1702,#1703,#1704);
#1702 = CARTESIAN_POINT('',(-0.45,-4.48,8.35));
#1703 = DIRECTION('',(0.707106781187,-7.850462293414E-17,0.707106781187)
  );
#1704 = DIRECTION('',(-1.110223024625E-16,-1.,2.680278185005E-29));
#1705 = ADVANCED_FACE('',(#1706),#1717,.T.);
#1706 = FACE_BOUND('',#1707,.T.);
#1707 = EDGE_LOOP('',(#1708,#1709,#1710,#1711));
#1708 = ORIENTED_EDGE('',*,*,#1687,.F.);
#1709 = ORIENTED_EDGE('',*,*,#444,.T.);
#1710 = ORIENTED_EDGE('',*,*,#1630,.T.);
#1711 = ORIENTED_EDGE('',*,*,#1712,.F.);
#1712 = EDGE_CURVE('',#1688,#1631,#1713,.T.);
#1713 = LINE('',#1714,#1715);
#1714 = CARTESIAN_POINT('',(-0.6,-5.38,8.2));
#1715 = VECTOR('',#1716,1.);
#1716 = DIRECTION('',(1.,-1.110223024625E-16,0.));
#1717 = PLANE('',#1718);
#1718 = AXIS2_PLACEMENT_3D('',#1719,#1720,#1721);
#1719 = CARTESIAN_POINT('',(-0.6,-5.53,8.35));
#1720 = DIRECTION('',(7.850462293414E-17,0.707106781187,0.707106781187)
  );
#1721 = DIRECTION('',(1.,-1.110223024625E-16,2.680278185005E-29));
#1722 = ADVANCED_FACE('',(#1723),#1748,.T.);
#1723 = FACE_BOUND('',#1724,.T.);
#1724 = EDGE_LOOP('',(#1725,#1733,#1734,#1742));
#1725 = ORIENTED_EDGE('',*,*,#1726,.F.);
#1726 = EDGE_CURVE('',#469,#1727,#1729,.T.);
#1727 = VERTEX_POINT('',#1728);
#1728 = CARTESIAN_POINT('',(0.3,-2.84,8.2));
#1729 = LINE('',#1730,#1731);
#1730 = CARTESIAN_POINT('',(0.3,-2.84,8.2));
#1731 = VECTOR('',#1732,1.);
#1732 = DIRECTION('',(-0.57735026919,0.57735026919,-0.57735026919));
#1733 = ORIENTED_EDGE('',*,*,#468,.T.);
#1734 = ORIENTED_EDGE('',*,*,#1735,.T.);
#1735 = EDGE_CURVE('',#471,#1736,#1738,.T.);
#1736 = VERTEX_POINT('',#1737);
#1737 = CARTESIAN_POINT('',(0.3,-2.24,8.2));
#1738 = LINE('',#1739,#1740);
#1739 = CARTESIAN_POINT('',(0.3,-2.24,8.2));
#1740 = VECTOR('',#1741,1.);
#1741 = DIRECTION('',(-0.57735026919,-0.57735026919,-0.57735026919));
#1742 = ORIENTED_EDGE('',*,*,#1743,.F.);
#1743 = EDGE_CURVE('',#1727,#1736,#1744,.T.);
#1744 = LINE('',#1745,#1746);
#1745 = CARTESIAN_POINT('',(0.3,-3.14,8.2));
#1746 = VECTOR('',#1747,1.);
#1747 = DIRECTION('',(1.110223024625E-16,1.,0.));
#1748 = PLANE('',#1749);
#1749 = AXIS2_PLACEMENT_3D('',#1750,#1751,#1752);
#1750 = CARTESIAN_POINT('',(0.45,-3.14,8.35));
#1751 = DIRECTION('',(-0.707106781187,7.850462293414E-17,0.707106781187)
  );
#1752 = DIRECTION('',(1.110223024625E-16,1.,2.680278185005E-29));
#1753 = ADVANCED_FACE('',(#1754),#1772,.T.);
#1754 = FACE_BOUND('',#1755,.T.);
#1755 = EDGE_LOOP('',(#1756,#1757,#1758,#1766));
#1756 = ORIENTED_EDGE('',*,*,#1735,.F.);
#1757 = ORIENTED_EDGE('',*,*,#494,.T.);
#1758 = ORIENTED_EDGE('',*,*,#1759,.T.);
#1759 = EDGE_CURVE('',#487,#1760,#1762,.T.);
#1760 = VERTEX_POINT('',#1761);
#1761 = CARTESIAN_POINT('',(-0.3,-2.24,8.2));
#1762 = LINE('',#1763,#1764);
#1763 = CARTESIAN_POINT('',(-0.3,-2.24,8.2));
#1764 = VECTOR('',#1765,1.);
#1765 = DIRECTION('',(0.57735026919,-0.57735026919,-0.57735026919));
#1766 = ORIENTED_EDGE('',*,*,#1767,.F.);
#1767 = EDGE_CURVE('',#1736,#1760,#1768,.T.);
#1768 = LINE('',#1769,#1770);
#1769 = CARTESIAN_POINT('',(0.6,-2.24,8.2));
#1770 = VECTOR('',#1771,1.);
#1771 = DIRECTION('',(-1.,1.110223024625E-16,0.));
#1772 = PLANE('',#1773);
#1773 = AXIS2_PLACEMENT_3D('',#1774,#1775,#1776);
#1774 = CARTESIAN_POINT('',(0.6,-2.09,8.35));
#1775 = DIRECTION('',(-7.850462293414E-17,-0.707106781187,0.707106781187
    ));
#1776 = DIRECTION('',(-1.,1.110223024625E-16,2.680278185005E-29));
#1777 = ADVANCED_FACE('',(#1778),#1796,.T.);
#1778 = FACE_BOUND('',#1779,.T.);
#1779 = EDGE_LOOP('',(#1780,#1781,#1782,#1790));
#1780 = ORIENTED_EDGE('',*,*,#1759,.F.);
#1781 = ORIENTED_EDGE('',*,*,#486,.T.);
#1782 = ORIENTED_EDGE('',*,*,#1783,.T.);
#1783 = EDGE_CURVE('',#479,#1784,#1786,.T.);
#1784 = VERTEX_POINT('',#1785);
#1785 = CARTESIAN_POINT('',(-0.3,-2.84,8.2));
#1786 = LINE('',#1787,#1788);
#1787 = CARTESIAN_POINT('',(-0.3,-2.84,8.2));
#1788 = VECTOR('',#1789,1.);
#1789 = DIRECTION('',(0.57735026919,0.57735026919,-0.57735026919));
#1790 = ORIENTED_EDGE('',*,*,#1791,.F.);
#1791 = EDGE_CURVE('',#1760,#1784,#1792,.T.);
#1792 = LINE('',#1793,#1794);
#1793 = CARTESIAN_POINT('',(-0.3,-1.94,8.2));
#1794 = VECTOR('',#1795,1.);
#1795 = DIRECTION('',(-1.110223024625E-16,-1.,0.));
#1796 = PLANE('',#1797);
#1797 = AXIS2_PLACEMENT_3D('',#1798,#1799,#1800);
#1798 = CARTESIAN_POINT('',(-0.45,-1.94,8.35));
#1799 = DIRECTION('',(0.707106781187,-7.850462293414E-17,0.707106781187)
  );
#1800 = DIRECTION('',(-1.110223024625E-16,-1.,2.680278185005E-29));
#1801 = ADVANCED_FACE('',(#1802),#1813,.T.);
#1802 = FACE_BOUND('',#1803,.T.);
#1803 = EDGE_LOOP('',(#1804,#1805,#1806,#1807));
#1804 = ORIENTED_EDGE('',*,*,#1783,.F.);
#1805 = ORIENTED_EDGE('',*,*,#478,.T.);
#1806 = ORIENTED_EDGE('',*,*,#1726,.T.);
#1807 = ORIENTED_EDGE('',*,*,#1808,.F.);
#1808 = EDGE_CURVE('',#1784,#1727,#1809,.T.);
#1809 = LINE('',#1810,#1811);
#1810 = CARTESIAN_POINT('',(-0.6,-2.84,8.2));
#1811 = VECTOR('',#1812,1.);
#1812 = DIRECTION('',(1.,-1.110223024625E-16,0.));
#1813 = PLANE('',#1814);
#1814 = AXIS2_PLACEMENT_3D('',#1815,#1816,#1817);
#1815 = CARTESIAN_POINT('',(-0.6,-2.99,8.35));
#1816 = DIRECTION('',(7.850462293414E-17,0.707106781187,0.707106781187)
  );
#1817 = DIRECTION('',(1.,-1.110223024625E-16,2.680278185005E-29));
#1818 = ADVANCED_FACE('',(#1819),#1844,.T.);
#1819 = FACE_BOUND('',#1820,.T.);
#1820 = EDGE_LOOP('',(#1821,#1829,#1830,#1838));
#1821 = ORIENTED_EDGE('',*,*,#1822,.F.);
#1822 = EDGE_CURVE('',#503,#1823,#1825,.T.);
#1823 = VERTEX_POINT('',#1824);
#1824 = CARTESIAN_POINT('',(0.3,-0.3,8.2));
#1825 = LINE('',#1826,#1827);
#1826 = CARTESIAN_POINT('',(0.3,-0.3,8.2));
#1827 = VECTOR('',#1828,1.);
#1828 = DIRECTION('',(-0.57735026919,0.57735026919,-0.57735026919));
#1829 = ORIENTED_EDGE('',*,*,#502,.T.);
#1830 = ORIENTED_EDGE('',*,*,#1831,.T.);
#1831 = EDGE_CURVE('',#505,#1832,#1834,.T.);
#1832 = VERTEX_POINT('',#1833);
#1833 = CARTESIAN_POINT('',(0.3,0.3,8.2));
#1834 = LINE('',#1835,#1836);
#1835 = CARTESIAN_POINT('',(0.3,0.3,8.2));
#1836 = VECTOR('',#1837,1.);
#1837 = DIRECTION('',(-0.57735026919,-0.57735026919,-0.57735026919));
#1838 = ORIENTED_EDGE('',*,*,#1839,.F.);
#1839 = EDGE_CURVE('',#1823,#1832,#1840,.T.);
#1840 = LINE('',#1841,#1842);
#1841 = CARTESIAN_POINT('',(0.3,-0.6,8.2));
#1842 = VECTOR('',#1843,1.);
#1843 = DIRECTION('',(1.110223024625E-16,1.,0.));
#1844 = PLANE('',#1845);
#1845 = AXIS2_PLACEMENT_3D('',#1846,#1847,#1848);
#1846 = CARTESIAN_POINT('',(0.45,-0.6,8.35));
#1847 = DIRECTION('',(-0.707106781187,7.850462293414E-17,0.707106781187)
  );
#1848 = DIRECTION('',(1.110223024625E-16,1.,2.680278185005E-29));
#1849 = ADVANCED_FACE('',(#1850),#1868,.T.);
#1850 = FACE_BOUND('',#1851,.T.);
#1851 = EDGE_LOOP('',(#1852,#1853,#1854,#1862));
#1852 = ORIENTED_EDGE('',*,*,#1831,.F.);
#1853 = ORIENTED_EDGE('',*,*,#528,.T.);
#1854 = ORIENTED_EDGE('',*,*,#1855,.T.);
#1855 = EDGE_CURVE('',#521,#1856,#1858,.T.);
#1856 = VERTEX_POINT('',#1857);
#1857 = CARTESIAN_POINT('',(-0.3,0.3,8.2));
#1858 = LINE('',#1859,#1860);
#1859 = CARTESIAN_POINT('',(-0.3,0.3,8.2));
#1860 = VECTOR('',#1861,1.);
#1861 = DIRECTION('',(0.57735026919,-0.57735026919,-0.57735026919));
#1862 = ORIENTED_EDGE('',*,*,#1863,.F.);
#1863 = EDGE_CURVE('',#1832,#1856,#1864,.T.);
#1864 = LINE('',#1865,#1866);
#1865 = CARTESIAN_POINT('',(0.6,0.3,8.2));
#1866 = VECTOR('',#1867,1.);
#1867 = DIRECTION('',(-1.,1.110223024625E-16,0.));
#1868 = PLANE('',#1869);
#1869 = AXIS2_PLACEMENT_3D('',#1870,#1871,#1872);
#1870 = CARTESIAN_POINT('',(0.6,0.45,8.35));
#1871 = DIRECTION('',(-7.850462293414E-17,-0.707106781187,0.707106781187
    ));
#1872 = DIRECTION('',(-1.,1.110223024625E-16,2.680278185005E-29));
#1873 = ADVANCED_FACE('',(#1874),#1892,.T.);
#1874 = FACE_BOUND('',#1875,.T.);
#1875 = EDGE_LOOP('',(#1876,#1877,#1878,#1886));
#1876 = ORIENTED_EDGE('',*,*,#1855,.F.);
#1877 = ORIENTED_EDGE('',*,*,#520,.T.);
#1878 = ORIENTED_EDGE('',*,*,#1879,.T.);
#1879 = EDGE_CURVE('',#513,#1880,#1882,.T.);
#1880 = VERTEX_POINT('',#1881);
#1881 = CARTESIAN_POINT('',(-0.3,-0.3,8.2));
#1882 = LINE('',#1883,#1884);
#1883 = CARTESIAN_POINT('',(-0.3,-0.3,8.2));
#1884 = VECTOR('',#1885,1.);
#1885 = DIRECTION('',(0.57735026919,0.57735026919,-0.57735026919));
#1886 = ORIENTED_EDGE('',*,*,#1887,.F.);
#1887 = EDGE_CURVE('',#1856,#1880,#1888,.T.);
#1888 = LINE('',#1889,#1890);
#1889 = CARTESIAN_POINT('',(-0.3,0.6,8.2));
#1890 = VECTOR('',#1891,1.);
#1891 = DIRECTION('',(-1.110223024625E-16,-1.,0.));
#1892 = PLANE('',#1893);
#1893 = AXIS2_PLACEMENT_3D('',#1894,#1895,#1896);
#1894 = CARTESIAN_POINT('',(-0.45,0.6,8.35));
#1895 = DIRECTION('',(0.707106781187,-7.850462293414E-17,0.707106781187)
  );
#1896 = DIRECTION('',(-1.110223024625E-16,-1.,2.680278185005E-29));
#1897 = ADVANCED_FACE('',(#1898),#1909,.T.);
#1898 = FACE_BOUND('',#1899,.T.);
#1899 = EDGE_LOOP('',(#1900,#1901,#1902,#1903));
#1900 = ORIENTED_EDGE('',*,*,#1879,.F.);
#1901 = ORIENTED_EDGE('',*,*,#512,.T.);
#1902 = ORIENTED_EDGE('',*,*,#1822,.T.);
#1903 = ORIENTED_EDGE('',*,*,#1904,.F.);
#1904 = EDGE_CURVE('',#1880,#1823,#1905,.T.);
#1905 = LINE('',#1906,#1907);
#1906 = CARTESIAN_POINT('',(-0.6,-0.3,8.2));
#1907 = VECTOR('',#1908,1.);
#1908 = DIRECTION('',(1.,-1.110223024625E-16,0.));
#1909 = PLANE('',#1910);
#1910 = AXIS2_PLACEMENT_3D('',#1911,#1912,#1913);
#1911 = CARTESIAN_POINT('',(-0.6,-0.45,8.35));
#1912 = DIRECTION('',(7.850462293414E-17,0.707106781187,0.707106781187)
  );
#1913 = DIRECTION('',(1.,-1.110223024625E-16,2.680278185005E-29));
#1914 = ADVANCED_FACE('',(#1915),#1926,.T.);
#1915 = FACE_BOUND('',#1916,.T.);
#1916 = EDGE_LOOP('',(#1917,#1918,#1919,#1925));
#1917 = ORIENTED_EDGE('',*,*,#592,.F.);
#1918 = ORIENTED_EDGE('',*,*,#602,.T.);
#1919 = ORIENTED_EDGE('',*,*,#1920,.T.);
#1920 = EDGE_CURVE('',#603,#643,#1921,.T.);
#1921 = LINE('',#1922,#1923);
#1922 = CARTESIAN_POINT('',(-0.1,-18.08,0.2));
#1923 = VECTOR('',#1924,1.);
#1924 = DIRECTION('',(1.,-1.110223024625E-16,0.));
#1925 = ORIENTED_EDGE('',*,*,#650,.T.);
#1926 = PLANE('',#1927);
#1927 = AXIS2_PLACEMENT_3D('',#1928,#1929,#1930);
#1928 = CARTESIAN_POINT('',(-0.1,-18.08,0.2));
#1929 = DIRECTION('',(0.,-0.,-1.));
#1930 = DIRECTION('',(-1.110223024625E-16,-1.,0.));
#1931 = ADVANCED_FACE('',(#1932),#1973,.F.);
#1932 = FACE_BOUND('',#1933,.F.);
#1933 = EDGE_LOOP('',(#1934,#1942,#1943,#1951,#1959,#1967));
#1934 = ORIENTED_EDGE('',*,*,#1935,.T.);
#1935 = EDGE_CURVE('',#1936,#643,#1938,.T.);
#1936 = VERTEX_POINT('',#1937);
#1937 = CARTESIAN_POINT('',(0.1,-18.08,-2.5));
#1938 = LINE('',#1939,#1940);
#1939 = CARTESIAN_POINT('',(0.1,-18.08,-2.5));
#1940 = VECTOR('',#1941,1.);
#1941 = DIRECTION('',(0.,0.,1.));
#1942 = ORIENTED_EDGE('',*,*,#642,.F.);
#1943 = ORIENTED_EDGE('',*,*,#1944,.T.);
#1944 = EDGE_CURVE('',#635,#1945,#1947,.T.);
#1945 = VERTEX_POINT('',#1946);
#1946 = CARTESIAN_POINT('',(0.1,-17.48,-2.5));
#1947 = LINE('',#1948,#1949);
#1948 = CARTESIAN_POINT('',(0.1,-17.48,0.2));
#1949 = VECTOR('',#1950,1.);
#1950 = DIRECTION('',(0.,0.,-1.));
#1951 = ORIENTED_EDGE('',*,*,#1952,.T.);
#1952 = EDGE_CURVE('',#1945,#1953,#1955,.T.);
#1953 = VERTEX_POINT('',#1954);
#1954 = CARTESIAN_POINT('',(0.1,-17.63,-3.1));
#1955 = LINE('',#1956,#1957);
#1956 = CARTESIAN_POINT('',(0.1,-17.48,-2.5));
#1957 = VECTOR('',#1958,1.);
#1958 = DIRECTION('',(-2.692686352073E-17,-0.242535625036,
    -0.970142500145));
#1959 = ORIENTED_EDGE('',*,*,#1960,.T.);
#1960 = EDGE_CURVE('',#1953,#1961,#1963,.T.);
#1961 = VERTEX_POINT('',#1962);
#1962 = CARTESIAN_POINT('',(0.1,-17.93,-3.1));
#1963 = LINE('',#1964,#1965);
#1964 = CARTESIAN_POINT('',(0.1,-17.63,-3.1));
#1965 = VECTOR('',#1966,1.);
#1966 = DIRECTION('',(-1.110223024625E-16,-1.,0.));
#1967 = ORIENTED_EDGE('',*,*,#1968,.T.);
#1968 = EDGE_CURVE('',#1961,#1936,#1969,.T.);
#1969 = LINE('',#1970,#1971);
#1970 = CARTESIAN_POINT('',(0.1,-17.93,-3.1));
#1971 = VECTOR('',#1972,1.);
#1972 = DIRECTION('',(-2.692686352073E-17,-0.242535625036,0.970142500145
    ));
#1973 = PLANE('',#1974);
#1974 = AXIS2_PLACEMENT_3D('',#1975,#1976,#1977);
#1975 = CARTESIAN_POINT('',(0.1,-17.78,3.911477598424));
#1976 = DIRECTION('',(-1.,1.110223024625E-16,0.));
#1977 = DIRECTION('',(0.,0.,1.));
#1978 = ADVANCED_FACE('',(#1979),#1990,.T.);
#1979 = FACE_BOUND('',#1980,.T.);
#1980 = EDGE_LOOP('',(#1981,#1987,#1988,#1989));
#1981 = ORIENTED_EDGE('',*,*,#1982,.F.);
#1982 = EDGE_CURVE('',#611,#635,#1983,.T.);
#1983 = LINE('',#1984,#1985);
#1984 = CARTESIAN_POINT('',(-0.1,-17.48,0.2));
#1985 = VECTOR('',#1986,1.);
#1986 = DIRECTION('',(1.,-1.110223024625E-16,0.));
#1987 = ORIENTED_EDGE('',*,*,#618,.T.);
#1988 = ORIENTED_EDGE('',*,*,#626,.T.);
#1989 = ORIENTED_EDGE('',*,*,#634,.T.);
#1990 = PLANE('',#1991);
#1991 = AXIS2_PLACEMENT_3D('',#1992,#1993,#1994);
#1992 = CARTESIAN_POINT('',(-0.1,-18.08,0.2));
#1993 = DIRECTION('',(0.,-0.,-1.));
#1994 = DIRECTION('',(-1.110223024625E-16,-1.,0.));
#1995 = ADVANCED_FACE('',(#1996),#2037,.T.);
#1996 = FACE_BOUND('',#1997,.T.);
#1997 = EDGE_LOOP('',(#1998,#2006,#2007,#2015,#2023,#2031));
#1998 = ORIENTED_EDGE('',*,*,#1999,.T.);
#1999 = EDGE_CURVE('',#2000,#603,#2002,.T.);
#2000 = VERTEX_POINT('',#2001);
#2001 = CARTESIAN_POINT('',(-0.1,-18.08,-2.5));
#2002 = LINE('',#2003,#2004);
#2003 = CARTESIAN_POINT('',(-0.1,-18.08,-2.5));
#2004 = VECTOR('',#2005,1.);
#2005 = DIRECTION('',(0.,0.,1.));
#2006 = ORIENTED_EDGE('',*,*,#610,.F.);
#2007 = ORIENTED_EDGE('',*,*,#2008,.T.);
#2008 = EDGE_CURVE('',#611,#2009,#2011,.T.);
#2009 = VERTEX_POINT('',#2010);
#2010 = CARTESIAN_POINT('',(-0.1,-17.48,-2.5));
#2011 = LINE('',#2012,#2013);
#2012 = CARTESIAN_POINT('',(-0.1,-17.48,0.2));
#2013 = VECTOR('',#2014,1.);
#2014 = DIRECTION('',(0.,0.,-1.));
#2015 = ORIENTED_EDGE('',*,*,#2016,.T.);
#2016 = EDGE_CURVE('',#2009,#2017,#2019,.T.);
#2017 = VERTEX_POINT('',#2018);
#2018 = CARTESIAN_POINT('',(-0.1,-17.63,-3.1));
#2019 = LINE('',#2020,#2021);
#2020 = CARTESIAN_POINT('',(-0.1,-17.48,-2.5));
#2021 = VECTOR('',#2022,1.);
#2022 = DIRECTION('',(-2.692686352073E-17,-0.242535625036,
    -0.970142500145));
#2023 = ORIENTED_EDGE('',*,*,#2024,.F.);
#2024 = EDGE_CURVE('',#2025,#2017,#2027,.T.);
#2025 = VERTEX_POINT('',#2026);
#2026 = CARTESIAN_POINT('',(-0.1,-17.93,-3.1));
#2027 = LINE('',#2028,#2029);
#2028 = CARTESIAN_POINT('',(-0.1,-17.93,-3.1));
#2029 = VECTOR('',#2030,1.);
#2030 = DIRECTION('',(1.110223024625E-16,1.,0.));
#2031 = ORIENTED_EDGE('',*,*,#2032,.T.);
#2032 = EDGE_CURVE('',#2025,#2000,#2033,.T.);
#2033 = LINE('',#2034,#2035);
#2034 = CARTESIAN_POINT('',(-0.1,-17.93,-3.1));
#2035 = VECTOR('',#2036,1.);
#2036 = DIRECTION('',(-2.692686352073E-17,-0.242535625036,0.970142500145
    ));
#2037 = PLANE('',#2038);
#2038 = AXIS2_PLACEMENT_3D('',#2039,#2040,#2041);
#2039 = CARTESIAN_POINT('',(-0.1,-17.78,3.911477598424));
#2040 = DIRECTION('',(-1.,1.110223024625E-16,0.));
#2041 = DIRECTION('',(0.,0.,1.));
#2042 = ADVANCED_FACE('',(#2043),#2054,.T.);
#2043 = FACE_BOUND('',#2044,.T.);
#2044 = EDGE_LOOP('',(#2045,#2046,#2047,#2053));
#2045 = ORIENTED_EDGE('',*,*,#658,.F.);
#2046 = ORIENTED_EDGE('',*,*,#668,.T.);
#2047 = ORIENTED_EDGE('',*,*,#2048,.T.);
#2048 = EDGE_CURVE('',#669,#709,#2049,.T.);
#2049 = LINE('',#2050,#2051);
#2050 = CARTESIAN_POINT('',(-0.1,-15.54,0.2));
#2051 = VECTOR('',#2052,1.);
#2052 = DIRECTION('',(1.,-1.110223024625E-16,0.));
#2053 = ORIENTED_EDGE('',*,*,#716,.T.);
#2054 = PLANE('',#2055);
#2055 = AXIS2_PLACEMENT_3D('',#2056,#2057,#2058);
#2056 = CARTESIAN_POINT('',(-0.1,-15.54,0.2));
#2057 = DIRECTION('',(0.,-0.,-1.));
#2058 = DIRECTION('',(-1.110223024625E-16,-1.,0.));
#2059 = ADVANCED_FACE('',(#2060),#2101,.F.);
#2060 = FACE_BOUND('',#2061,.F.);
#2061 = EDGE_LOOP('',(#2062,#2070,#2071,#2079,#2087,#2095));
#2062 = ORIENTED_EDGE('',*,*,#2063,.T.);
#2063 = EDGE_CURVE('',#2064,#709,#2066,.T.);
#2064 = VERTEX_POINT('',#2065);
#2065 = CARTESIAN_POINT('',(0.1,-15.54,-2.5));
#2066 = LINE('',#2067,#2068);
#2067 = CARTESIAN_POINT('',(0.1,-15.54,-2.5));
#2068 = VECTOR('',#2069,1.);
#2069 = DIRECTION('',(0.,0.,1.));
#2070 = ORIENTED_EDGE('',*,*,#708,.F.);
#2071 = ORIENTED_EDGE('',*,*,#2072,.T.);
#2072 = EDGE_CURVE('',#701,#2073,#2075,.T.);
#2073 = VERTEX_POINT('',#2074);
#2074 = CARTESIAN_POINT('',(0.1,-14.94,-2.5));
#2075 = LINE('',#2076,#2077);
#2076 = CARTESIAN_POINT('',(0.1,-14.94,0.2));
#2077 = VECTOR('',#2078,1.);
#2078 = DIRECTION('',(0.,0.,-1.));
#2079 = ORIENTED_EDGE('',*,*,#2080,.T.);
#2080 = EDGE_CURVE('',#2073,#2081,#2083,.T.);
#2081 = VERTEX_POINT('',#2082);
#2082 = CARTESIAN_POINT('',(0.1,-15.09,-3.1));
#2083 = LINE('',#2084,#2085);
#2084 = CARTESIAN_POINT('',(0.1,-14.94,-2.5));
#2085 = VECTOR('',#2086,1.);
#2086 = DIRECTION('',(-2.692686352073E-17,-0.242535625036,
    -0.970142500145));
#2087 = ORIENTED_EDGE('',*,*,#2088,.T.);
#2088 = EDGE_CURVE('',#2081,#2089,#2091,.T.);
#2089 = VERTEX_POINT('',#2090);
#2090 = CARTESIAN_POINT('',(0.1,-15.39,-3.1));
#2091 = LINE('',#2092,#2093);
#2092 = CARTESIAN_POINT('',(0.1,-15.09,-3.1));
#2093 = VECTOR('',#2094,1.);
#2094 = DIRECTION('',(-1.110223024625E-16,-1.,0.));
#2095 = ORIENTED_EDGE('',*,*,#2096,.T.);
#2096 = EDGE_CURVE('',#2089,#2064,#2097,.T.);
#2097 = LINE('',#2098,#2099);
#2098 = CARTESIAN_POINT('',(0.1,-15.39,-3.1));
#2099 = VECTOR('',#2100,1.);
#2100 = DIRECTION('',(-2.692686352073E-17,-0.242535625036,0.970142500145
    ));
#2101 = PLANE('',#2102);
#2102 = AXIS2_PLACEMENT_3D('',#2103,#2104,#2105);
#2103 = CARTESIAN_POINT('',(0.1,-15.24,3.911477598424));
#2104 = DIRECTION('',(-1.,1.110223024625E-16,0.));
#2105 = DIRECTION('',(0.,0.,1.));
#2106 = ADVANCED_FACE('',(#2107),#2118,.T.);
#2107 = FACE_BOUND('',#2108,.T.);
#2108 = EDGE_LOOP('',(#2109,#2115,#2116,#2117));
#2109 = ORIENTED_EDGE('',*,*,#2110,.F.);
#2110 = EDGE_CURVE('',#677,#701,#2111,.T.);
#2111 = LINE('',#2112,#2113);
#2112 = CARTESIAN_POINT('',(-0.1,-14.94,0.2));
#2113 = VECTOR('',#2114,1.);
#2114 = DIRECTION('',(1.,-1.110223024625E-16,0.));
#2115 = ORIENTED_EDGE('',*,*,#684,.T.);
#2116 = ORIENTED_EDGE('',*,*,#692,.T.);
#2117 = ORIENTED_EDGE('',*,*,#700,.T.);
#2118 = PLANE('',#2119);
#2119 = AXIS2_PLACEMENT_3D('',#2120,#2121,#2122);
#2120 = CARTESIAN_POINT('',(-0.1,-15.54,0.2));
#2121 = DIRECTION('',(0.,-0.,-1.));
#2122 = DIRECTION('',(-1.110223024625E-16,-1.,0.));
#2123 = ADVANCED_FACE('',(#2124),#2165,.T.);
#2124 = FACE_BOUND('',#2125,.T.);
#2125 = EDGE_LOOP('',(#2126,#2134,#2135,#2143,#2151,#2159));
#2126 = ORIENTED_EDGE('',*,*,#2127,.T.);
#2127 = EDGE_CURVE('',#2128,#669,#2130,.T.);
#2128 = VERTEX_POINT('',#2129);
#2129 = CARTESIAN_POINT('',(-0.1,-15.54,-2.5));
#2130 = LINE('',#2131,#2132);
#2131 = CARTESIAN_POINT('',(-0.1,-15.54,-2.5));
#2132 = VECTOR('',#2133,1.);
#2133 = DIRECTION('',(0.,0.,1.));
#2134 = ORIENTED_EDGE('',*,*,#676,.F.);
#2135 = ORIENTED_EDGE('',*,*,#2136,.T.);
#2136 = EDGE_CURVE('',#677,#2137,#2139,.T.);
#2137 = VERTEX_POINT('',#2138);
#2138 = CARTESIAN_POINT('',(-0.1,-14.94,-2.5));
#2139 = LINE('',#2140,#2141);
#2140 = CARTESIAN_POINT('',(-0.1,-14.94,0.2));
#2141 = VECTOR('',#2142,1.);
#2142 = DIRECTION('',(0.,0.,-1.));
#2143 = ORIENTED_EDGE('',*,*,#2144,.T.);
#2144 = EDGE_CURVE('',#2137,#2145,#2147,.T.);
#2145 = VERTEX_POINT('',#2146);
#2146 = CARTESIAN_POINT('',(-0.1,-15.09,-3.1));
#2147 = LINE('',#2148,#2149);
#2148 = CARTESIAN_POINT('',(-0.1,-14.94,-2.5));
#2149 = VECTOR('',#2150,1.);
#2150 = DIRECTION('',(-2.692686352073E-17,-0.242535625036,
    -0.970142500145));
#2151 = ORIENTED_EDGE('',*,*,#2152,.F.);
#2152 = EDGE_CURVE('',#2153,#2145,#2155,.T.);
#2153 = VERTEX_POINT('',#2154);
#2154 = CARTESIAN_POINT('',(-0.1,-15.39,-3.1));
#2155 = LINE('',#2156,#2157);
#2156 = CARTESIAN_POINT('',(-0.1,-15.39,-3.1));
#2157 = VECTOR('',#2158,1.);
#2158 = DIRECTION('',(1.110223024625E-16,1.,0.));
#2159 = ORIENTED_EDGE('',*,*,#2160,.T.);
#2160 = EDGE_CURVE('',#2153,#2128,#2161,.T.);
#2161 = LINE('',#2162,#2163);
#2162 = CARTESIAN_POINT('',(-0.1,-15.39,-3.1));
#2163 = VECTOR('',#2164,1.);
#2164 = DIRECTION('',(-2.692686352073E-17,-0.242535625036,0.970142500145
    ));
#2165 = PLANE('',#2166);
#2166 = AXIS2_PLACEMENT_3D('',#2167,#2168,#2169);
#2167 = CARTESIAN_POINT('',(-0.1,-15.24,3.911477598424));
#2168 = DIRECTION('',(-1.,1.110223024625E-16,0.));
#2169 = DIRECTION('',(0.,0.,1.));
#2170 = ADVANCED_FACE('',(#2171),#2182,.T.);
#2171 = FACE_BOUND('',#2172,.T.);
#2172 = EDGE_LOOP('',(#2173,#2174,#2175,#2181));
#2173 = ORIENTED_EDGE('',*,*,#724,.F.);
#2174 = ORIENTED_EDGE('',*,*,#734,.T.);
#2175 = ORIENTED_EDGE('',*,*,#2176,.T.);
#2176 = EDGE_CURVE('',#735,#775,#2177,.T.);
#2177 = LINE('',#2178,#2179);
#2178 = CARTESIAN_POINT('',(-0.1,-13.,0.2));
#2179 = VECTOR('',#2180,1.);
#2180 = DIRECTION('',(1.,-1.110223024625E-16,0.));
#2181 = ORIENTED_EDGE('',*,*,#782,.T.);
#2182 = PLANE('',#2183);
#2183 = AXIS2_PLACEMENT_3D('',#2184,#2185,#2186);
#2184 = CARTESIAN_POINT('',(-0.1,-13.,0.2));
#2185 = DIRECTION('',(0.,-0.,-1.));
#2186 = DIRECTION('',(-1.110223024625E-16,-1.,0.));
#2187 = ADVANCED_FACE('',(#2188),#2229,.F.);
#2188 = FACE_BOUND('',#2189,.F.);
#2189 = EDGE_LOOP('',(#2190,#2198,#2199,#2207,#2215,#2223));
#2190 = ORIENTED_EDGE('',*,*,#2191,.T.);
#2191 = EDGE_CURVE('',#2192,#775,#2194,.T.);
#2192 = VERTEX_POINT('',#2193);
#2193 = CARTESIAN_POINT('',(0.1,-13.,-2.5));
#2194 = LINE('',#2195,#2196);
#2195 = CARTESIAN_POINT('',(0.1,-13.,-2.5));
#2196 = VECTOR('',#2197,1.);
#2197 = DIRECTION('',(0.,0.,1.));
#2198 = ORIENTED_EDGE('',*,*,#774,.F.);
#2199 = ORIENTED_EDGE('',*,*,#2200,.T.);
#2200 = EDGE_CURVE('',#767,#2201,#2203,.T.);
#2201 = VERTEX_POINT('',#2202);
#2202 = CARTESIAN_POINT('',(0.1,-12.4,-2.5));
#2203 = LINE('',#2204,#2205);
#2204 = CARTESIAN_POINT('',(0.1,-12.4,0.2));
#2205 = VECTOR('',#2206,1.);
#2206 = DIRECTION('',(0.,0.,-1.));
#2207 = ORIENTED_EDGE('',*,*,#2208,.T.);
#2208 = EDGE_CURVE('',#2201,#2209,#2211,.T.);
#2209 = VERTEX_POINT('',#2210);
#2210 = CARTESIAN_POINT('',(0.1,-12.55,-3.1));
#2211 = LINE('',#2212,#2213);
#2212 = CARTESIAN_POINT('',(0.1,-12.4,-2.5));
#2213 = VECTOR('',#2214,1.);
#2214 = DIRECTION('',(-2.692686352073E-17,-0.242535625036,
    -0.970142500145));
#2215 = ORIENTED_EDGE('',*,*,#2216,.T.);
#2216 = EDGE_CURVE('',#2209,#2217,#2219,.T.);
#2217 = VERTEX_POINT('',#2218);
#2218 = CARTESIAN_POINT('',(0.1,-12.85,-3.1));
#2219 = LINE('',#2220,#2221);
#2220 = CARTESIAN_POINT('',(0.1,-12.55,-3.1));
#2221 = VECTOR('',#2222,1.);
#2222 = DIRECTION('',(-1.110223024625E-16,-1.,0.));
#2223 = ORIENTED_EDGE('',*,*,#2224,.T.);
#2224 = EDGE_CURVE('',#2217,#2192,#2225,.T.);
#2225 = LINE('',#2226,#2227);
#2226 = CARTESIAN_POINT('',(0.1,-12.85,-3.1));
#2227 = VECTOR('',#2228,1.);
#2228 = DIRECTION('',(-2.692686352073E-17,-0.242535625036,0.970142500145
    ));
#2229 = PLANE('',#2230);
#2230 = AXIS2_PLACEMENT_3D('',#2231,#2232,#2233);
#2231 = CARTESIAN_POINT('',(0.1,-12.7,3.911477598424));
#2232 = DIRECTION('',(-1.,1.110223024625E-16,0.));
#2233 = DIRECTION('',(0.,0.,1.));
#2234 = ADVANCED_FACE('',(#2235),#2246,.T.);
#2235 = FACE_BOUND('',#2236,.T.);
#2236 = EDGE_LOOP('',(#2237,#2243,#2244,#2245));
#2237 = ORIENTED_EDGE('',*,*,#2238,.F.);
#2238 = EDGE_CURVE('',#743,#767,#2239,.T.);
#2239 = LINE('',#2240,#2241);
#2240 = CARTESIAN_POINT('',(-0.1,-12.4,0.2));
#2241 = VECTOR('',#2242,1.);
#2242 = DIRECTION('',(1.,-1.110223024625E-16,0.));
#2243 = ORIENTED_EDGE('',*,*,#750,.T.);
#2244 = ORIENTED_EDGE('',*,*,#758,.T.);
#2245 = ORIENTED_EDGE('',*,*,#766,.T.);
#2246 = PLANE('',#2247);
#2247 = AXIS2_PLACEMENT_3D('',#2248,#2249,#2250);
#2248 = CARTESIAN_POINT('',(-0.1,-13.,0.2));
#2249 = DIRECTION('',(0.,-0.,-1.));
#2250 = DIRECTION('',(-1.110223024625E-16,-1.,0.));
#2251 = ADVANCED_FACE('',(#2252),#2293,.T.);
#2252 = FACE_BOUND('',#2253,.T.);
#2253 = EDGE_LOOP('',(#2254,#2262,#2263,#2271,#2279,#2287));
#2254 = ORIENTED_EDGE('',*,*,#2255,.T.);
#2255 = EDGE_CURVE('',#2256,#735,#2258,.T.);
#2256 = VERTEX_POINT('',#2257);
#2257 = CARTESIAN_POINT('',(-0.1,-13.,-2.5));
#2258 = LINE('',#2259,#2260);
#2259 = CARTESIAN_POINT('',(-0.1,-13.,-2.5));
#2260 = VECTOR('',#2261,1.);
#2261 = DIRECTION('',(0.,0.,1.));
#2262 = ORIENTED_EDGE('',*,*,#742,.F.);
#2263 = ORIENTED_EDGE('',*,*,#2264,.T.);
#2264 = EDGE_CURVE('',#743,#2265,#2267,.T.);
#2265 = VERTEX_POINT('',#2266);
#2266 = CARTESIAN_POINT('',(-0.1,-12.4,-2.5));
#2267 = LINE('',#2268,#2269);
#2268 = CARTESIAN_POINT('',(-0.1,-12.4,0.2));
#2269 = VECTOR('',#2270,1.);
#2270 = DIRECTION('',(0.,0.,-1.));
#2271 = ORIENTED_EDGE('',*,*,#2272,.T.);
#2272 = EDGE_CURVE('',#2265,#2273,#2275,.T.);
#2273 = VERTEX_POINT('',#2274);
#2274 = CARTESIAN_POINT('',(-0.1,-12.55,-3.1));
#2275 = LINE('',#2276,#2277);
#2276 = CARTESIAN_POINT('',(-0.1,-12.4,-2.5));
#2277 = VECTOR('',#2278,1.);
#2278 = DIRECTION('',(-2.692686352073E-17,-0.242535625036,
    -0.970142500145));
#2279 = ORIENTED_EDGE('',*,*,#2280,.F.);
#2280 = EDGE_CURVE('',#2281,#2273,#2283,.T.);
#2281 = VERTEX_POINT('',#2282);
#2282 = CARTESIAN_POINT('',(-0.1,-12.85,-3.1));
#2283 = LINE('',#2284,#2285);
#2284 = CARTESIAN_POINT('',(-0.1,-12.85,-3.1));
#2285 = VECTOR('',#2286,1.);
#2286 = DIRECTION('',(1.110223024625E-16,1.,0.));
#2287 = ORIENTED_EDGE('',*,*,#2288,.T.);
#2288 = EDGE_CURVE('',#2281,#2256,#2289,.T.);
#2289 = LINE('',#2290,#2291);
#2290 = CARTESIAN_POINT('',(-0.1,-12.85,-3.1));
#2291 = VECTOR('',#2292,1.);
#2292 = DIRECTION('',(-2.692686352073E-17,-0.242535625036,0.970142500145
    ));
#2293 = PLANE('',#2294);
#2294 = AXIS2_PLACEMENT_3D('',#2295,#2296,#2297);
#2295 = CARTESIAN_POINT('',(-0.1,-12.7,3.911477598424));
#2296 = DIRECTION('',(-1.,1.110223024625E-16,0.));
#2297 = DIRECTION('',(0.,0.,1.));
#2298 = ADVANCED_FACE('',(#2299),#2310,.T.);
#2299 = FACE_BOUND('',#2300,.T.);
#2300 = EDGE_LOOP('',(#2301,#2302,#2303,#2309));
#2301 = ORIENTED_EDGE('',*,*,#790,.F.);
#2302 = ORIENTED_EDGE('',*,*,#800,.T.);
#2303 = ORIENTED_EDGE('',*,*,#2304,.T.);
#2304 = EDGE_CURVE('',#801,#841,#2305,.T.);
#2305 = LINE('',#2306,#2307);
#2306 = CARTESIAN_POINT('',(-0.1,-10.46,0.2));
#2307 = VECTOR('',#2308,1.);
#2308 = DIRECTION('',(1.,-1.110223024625E-16,0.));
#2309 = ORIENTED_EDGE('',*,*,#848,.T.);
#2310 = PLANE('',#2311);
#2311 = AXIS2_PLACEMENT_3D('',#2312,#2313,#2314);
#2312 = CARTESIAN_POINT('',(-0.1,-10.46,0.2));
#2313 = DIRECTION('',(0.,-0.,-1.));
#2314 = DIRECTION('',(-1.110223024625E-16,-1.,0.));
#2315 = ADVANCED_FACE('',(#2316),#2357,.F.);
#2316 = FACE_BOUND('',#2317,.F.);
#2317 = EDGE_LOOP('',(#2318,#2326,#2327,#2335,#2343,#2351));
#2318 = ORIENTED_EDGE('',*,*,#2319,.T.);
#2319 = EDGE_CURVE('',#2320,#841,#2322,.T.);
#2320 = VERTEX_POINT('',#2321);
#2321 = CARTESIAN_POINT('',(0.1,-10.46,-2.5));
#2322 = LINE('',#2323,#2324);
#2323 = CARTESIAN_POINT('',(0.1,-10.46,-2.5));
#2324 = VECTOR('',#2325,1.);
#2325 = DIRECTION('',(0.,0.,1.));
#2326 = ORIENTED_EDGE('',*,*,#840,.F.);
#2327 = ORIENTED_EDGE('',*,*,#2328,.T.);
#2328 = EDGE_CURVE('',#833,#2329,#2331,.T.);
#2329 = VERTEX_POINT('',#2330);
#2330 = CARTESIAN_POINT('',(0.1,-9.86,-2.5));
#2331 = LINE('',#2332,#2333);
#2332 = CARTESIAN_POINT('',(0.1,-9.86,0.2));
#2333 = VECTOR('',#2334,1.);
#2334 = DIRECTION('',(0.,0.,-1.));
#2335 = ORIENTED_EDGE('',*,*,#2336,.T.);
#2336 = EDGE_CURVE('',#2329,#2337,#2339,.T.);
#2337 = VERTEX_POINT('',#2338);
#2338 = CARTESIAN_POINT('',(0.1,-10.01,-3.1));
#2339 = LINE('',#2340,#2341);
#2340 = CARTESIAN_POINT('',(0.1,-9.86,-2.5));
#2341 = VECTOR('',#2342,1.);
#2342 = DIRECTION('',(-2.692686352073E-17,-0.242535625036,
    -0.970142500145));
#2343 = ORIENTED_EDGE('',*,*,#2344,.T.);
#2344 = EDGE_CURVE('',#2337,#2345,#2347,.T.);
#2345 = VERTEX_POINT('',#2346);
#2346 = CARTESIAN_POINT('',(0.1,-10.31,-3.1));
#2347 = LINE('',#2348,#2349);
#2348 = CARTESIAN_POINT('',(0.1,-10.01,-3.1));
#2349 = VECTOR('',#2350,1.);
#2350 = DIRECTION('',(-1.110223024625E-16,-1.,0.));
#2351 = ORIENTED_EDGE('',*,*,#2352,.T.);
#2352 = EDGE_CURVE('',#2345,#2320,#2353,.T.);
#2353 = LINE('',#2354,#2355);
#2354 = CARTESIAN_POINT('',(0.1,-10.31,-3.1));
#2355 = VECTOR('',#2356,1.);
#2356 = DIRECTION('',(-2.692686352073E-17,-0.242535625036,0.970142500145
    ));
#2357 = PLANE('',#2358);
#2358 = AXIS2_PLACEMENT_3D('',#2359,#2360,#2361);
#2359 = CARTESIAN_POINT('',(0.1,-10.16,3.911477598424));
#2360 = DIRECTION('',(-1.,1.110223024625E-16,0.));
#2361 = DIRECTION('',(0.,0.,1.));
#2362 = ADVANCED_FACE('',(#2363),#2374,.T.);
#2363 = FACE_BOUND('',#2364,.T.);
#2364 = EDGE_LOOP('',(#2365,#2371,#2372,#2373));
#2365 = ORIENTED_EDGE('',*,*,#2366,.F.);
#2366 = EDGE_CURVE('',#809,#833,#2367,.T.);
#2367 = LINE('',#2368,#2369);
#2368 = CARTESIAN_POINT('',(-0.1,-9.86,0.2));
#2369 = VECTOR('',#2370,1.);
#2370 = DIRECTION('',(1.,-1.110223024625E-16,0.));
#2371 = ORIENTED_EDGE('',*,*,#816,.T.);
#2372 = ORIENTED_EDGE('',*,*,#824,.T.);
#2373 = ORIENTED_EDGE('',*,*,#832,.T.);
#2374 = PLANE('',#2375);
#2375 = AXIS2_PLACEMENT_3D('',#2376,#2377,#2378);
#2376 = CARTESIAN_POINT('',(-0.1,-10.46,0.2));
#2377 = DIRECTION('',(0.,-0.,-1.));
#2378 = DIRECTION('',(-1.110223024625E-16,-1.,0.));
#2379 = ADVANCED_FACE('',(#2380),#2421,.T.);
#2380 = FACE_BOUND('',#2381,.T.);
#2381 = EDGE_LOOP('',(#2382,#2390,#2391,#2399,#2407,#2415));
#2382 = ORIENTED_EDGE('',*,*,#2383,.T.);
#2383 = EDGE_CURVE('',#2384,#801,#2386,.T.);
#2384 = VERTEX_POINT('',#2385);
#2385 = CARTESIAN_POINT('',(-0.1,-10.46,-2.5));
#2386 = LINE('',#2387,#2388);
#2387 = CARTESIAN_POINT('',(-0.1,-10.46,-2.5));
#2388 = VECTOR('',#2389,1.);
#2389 = DIRECTION('',(0.,0.,1.));
#2390 = ORIENTED_EDGE('',*,*,#808,.F.);
#2391 = ORIENTED_EDGE('',*,*,#2392,.T.);
#2392 = EDGE_CURVE('',#809,#2393,#2395,.T.);
#2393 = VERTEX_POINT('',#2394);
#2394 = CARTESIAN_POINT('',(-0.1,-9.86,-2.5));
#2395 = LINE('',#2396,#2397);
#2396 = CARTESIAN_POINT('',(-0.1,-9.86,0.2));
#2397 = VECTOR('',#2398,1.);
#2398 = DIRECTION('',(0.,0.,-1.));
#2399 = ORIENTED_EDGE('',*,*,#2400,.T.);
#2400 = EDGE_CURVE('',#2393,#2401,#2403,.T.);
#2401 = VERTEX_POINT('',#2402);
#2402 = CARTESIAN_POINT('',(-0.1,-10.01,-3.1));
#2403 = LINE('',#2404,#2405);
#2404 = CARTESIAN_POINT('',(-0.1,-9.86,-2.5));
#2405 = VECTOR('',#2406,1.);
#2406 = DIRECTION('',(-2.692686352073E-17,-0.242535625036,
    -0.970142500145));
#2407 = ORIENTED_EDGE('',*,*,#2408,.F.);
#2408 = EDGE_CURVE('',#2409,#2401,#2411,.T.);
#2409 = VERTEX_POINT('',#2410);
#2410 = CARTESIAN_POINT('',(-0.1,-10.31,-3.1));
#2411 = LINE('',#2412,#2413);
#2412 = CARTESIAN_POINT('',(-0.1,-10.31,-3.1));
#2413 = VECTOR('',#2414,1.);
#2414 = DIRECTION('',(1.110223024625E-16,1.,0.));
#2415 = ORIENTED_EDGE('',*,*,#2416,.T.);
#2416 = EDGE_CURVE('',#2409,#2384,#2417,.T.);
#2417 = LINE('',#2418,#2419);
#2418 = CARTESIAN_POINT('',(-0.1,-10.31,-3.1));
#2419 = VECTOR('',#2420,1.);
#2420 = DIRECTION('',(-2.692686352073E-17,-0.242535625036,0.970142500145
    ));
#2421 = PLANE('',#2422);
#2422 = AXIS2_PLACEMENT_3D('',#2423,#2424,#2425);
#2423 = CARTESIAN_POINT('',(-0.1,-10.16,3.911477598424));
#2424 = DIRECTION('',(-1.,1.110223024625E-16,0.));
#2425 = DIRECTION('',(0.,0.,1.));
#2426 = ADVANCED_FACE('',(#2427),#2438,.T.);
#2427 = FACE_BOUND('',#2428,.T.);
#2428 = EDGE_LOOP('',(#2429,#2430,#2431,#2437));
#2429 = ORIENTED_EDGE('',*,*,#856,.F.);
#2430 = ORIENTED_EDGE('',*,*,#866,.T.);
#2431 = ORIENTED_EDGE('',*,*,#2432,.T.);
#2432 = EDGE_CURVE('',#867,#907,#2433,.T.);
#2433 = LINE('',#2434,#2435);
#2434 = CARTESIAN_POINT('',(-0.1,-7.92,0.2));
#2435 = VECTOR('',#2436,1.);
#2436 = DIRECTION('',(1.,-1.110223024625E-16,0.));
#2437 = ORIENTED_EDGE('',*,*,#914,.T.);
#2438 = PLANE('',#2439);
#2439 = AXIS2_PLACEMENT_3D('',#2440,#2441,#2442);
#2440 = CARTESIAN_POINT('',(-0.1,-7.92,0.2));
#2441 = DIRECTION('',(0.,-0.,-1.));
#2442 = DIRECTION('',(-1.110223024625E-16,-1.,0.));
#2443 = ADVANCED_FACE('',(#2444),#2485,.F.);
#2444 = FACE_BOUND('',#2445,.F.);
#2445 = EDGE_LOOP('',(#2446,#2454,#2455,#2463,#2471,#2479));
#2446 = ORIENTED_EDGE('',*,*,#2447,.T.);
#2447 = EDGE_CURVE('',#2448,#907,#2450,.T.);
#2448 = VERTEX_POINT('',#2449);
#2449 = CARTESIAN_POINT('',(0.1,-7.92,-2.5));
#2450 = LINE('',#2451,#2452);
#2451 = CARTESIAN_POINT('',(0.1,-7.92,-2.5));
#2452 = VECTOR('',#2453,1.);
#2453 = DIRECTION('',(0.,0.,1.));
#2454 = ORIENTED_EDGE('',*,*,#906,.F.);
#2455 = ORIENTED_EDGE('',*,*,#2456,.T.);
#2456 = EDGE_CURVE('',#899,#2457,#2459,.T.);
#2457 = VERTEX_POINT('',#2458);
#2458 = CARTESIAN_POINT('',(0.1,-7.32,-2.5));
#2459 = LINE('',#2460,#2461);
#2460 = CARTESIAN_POINT('',(0.1,-7.32,0.2));
#2461 = VECTOR('',#2462,1.);
#2462 = DIRECTION('',(0.,0.,-1.));
#2463 = ORIENTED_EDGE('',*,*,#2464,.T.);
#2464 = EDGE_CURVE('',#2457,#2465,#2467,.T.);
#2465 = VERTEX_POINT('',#2466);
#2466 = CARTESIAN_POINT('',(0.1,-7.47,-3.1));
#2467 = LINE('',#2468,#2469);
#2468 = CARTESIAN_POINT('',(0.1,-7.32,-2.5));
#2469 = VECTOR('',#2470,1.);
#2470 = DIRECTION('',(-2.692686352073E-17,-0.242535625036,
    -0.970142500145));
#2471 = ORIENTED_EDGE('',*,*,#2472,.T.);
#2472 = EDGE_CURVE('',#2465,#2473,#2475,.T.);
#2473 = VERTEX_POINT('',#2474);
#2474 = CARTESIAN_POINT('',(0.1,-7.77,-3.1));
#2475 = LINE('',#2476,#2477);
#2476 = CARTESIAN_POINT('',(0.1,-7.47,-3.1));
#2477 = VECTOR('',#2478,1.);
#2478 = DIRECTION('',(-1.110223024625E-16,-1.,0.));
#2479 = ORIENTED_EDGE('',*,*,#2480,.T.);
#2480 = EDGE_CURVE('',#2473,#2448,#2481,.T.);
#2481 = LINE('',#2482,#2483);
#2482 = CARTESIAN_POINT('',(0.1,-7.77,-3.1));
#2483 = VECTOR('',#2484,1.);
#2484 = DIRECTION('',(-2.692686352073E-17,-0.242535625036,0.970142500145
    ));
#2485 = PLANE('',#2486);
#2486 = AXIS2_PLACEMENT_3D('',#2487,#2488,#2489);
#2487 = CARTESIAN_POINT('',(0.1,-7.62,3.911477598424));
#2488 = DIRECTION('',(-1.,1.110223024625E-16,0.));
#2489 = DIRECTION('',(0.,0.,1.));
#2490 = ADVANCED_FACE('',(#2491),#2502,.T.);
#2491 = FACE_BOUND('',#2492,.T.);
#2492 = EDGE_LOOP('',(#2493,#2499,#2500,#2501));
#2493 = ORIENTED_EDGE('',*,*,#2494,.F.);
#2494 = EDGE_CURVE('',#875,#899,#2495,.T.);
#2495 = LINE('',#2496,#2497);
#2496 = CARTESIAN_POINT('',(-0.1,-7.32,0.2));
#2497 = VECTOR('',#2498,1.);
#2498 = DIRECTION('',(1.,-1.110223024625E-16,0.));
#2499 = ORIENTED_EDGE('',*,*,#882,.T.);
#2500 = ORIENTED_EDGE('',*,*,#890,.T.);
#2501 = ORIENTED_EDGE('',*,*,#898,.T.);
#2502 = PLANE('',#2503);
#2503 = AXIS2_PLACEMENT_3D('',#2504,#2505,#2506);
#2504 = CARTESIAN_POINT('',(-0.1,-7.92,0.2));
#2505 = DIRECTION('',(0.,-0.,-1.));
#2506 = DIRECTION('',(-1.110223024625E-16,-1.,0.));
#2507 = ADVANCED_FACE('',(#2508),#2549,.T.);
#2508 = FACE_BOUND('',#2509,.T.);
#2509 = EDGE_LOOP('',(#2510,#2518,#2519,#2527,#2535,#2543));
#2510 = ORIENTED_EDGE('',*,*,#2511,.T.);
#2511 = EDGE_CURVE('',#2512,#867,#2514,.T.);
#2512 = VERTEX_POINT('',#2513);
#2513 = CARTESIAN_POINT('',(-0.1,-7.92,-2.5));
#2514 = LINE('',#2515,#2516);
#2515 = CARTESIAN_POINT('',(-0.1,-7.92,-2.5));
#2516 = VECTOR('',#2517,1.);
#2517 = DIRECTION('',(0.,0.,1.));
#2518 = ORIENTED_EDGE('',*,*,#874,.F.);
#2519 = ORIENTED_EDGE('',*,*,#2520,.T.);
#2520 = EDGE_CURVE('',#875,#2521,#2523,.T.);
#2521 = VERTEX_POINT('',#2522);
#2522 = CARTESIAN_POINT('',(-0.1,-7.32,-2.5));
#2523 = LINE('',#2524,#2525);
#2524 = CARTESIAN_POINT('',(-0.1,-7.32,0.2));
#2525 = VECTOR('',#2526,1.);
#2526 = DIRECTION('',(0.,0.,-1.));
#2527 = ORIENTED_EDGE('',*,*,#2528,.T.);
#2528 = EDGE_CURVE('',#2521,#2529,#2531,.T.);
#2529 = VERTEX_POINT('',#2530);
#2530 = CARTESIAN_POINT('',(-0.1,-7.47,-3.1));
#2531 = LINE('',#2532,#2533);
#2532 = CARTESIAN_POINT('',(-0.1,-7.32,-2.5));
#2533 = VECTOR('',#2534,1.);
#2534 = DIRECTION('',(-2.692686352073E-17,-0.242535625036,
    -0.970142500145));
#2535 = ORIENTED_EDGE('',*,*,#2536,.F.);
#2536 = EDGE_CURVE('',#2537,#2529,#2539,.T.);
#2537 = VERTEX_POINT('',#2538);
#2538 = CARTESIAN_POINT('',(-0.1,-7.77,-3.1));
#2539 = LINE('',#2540,#2541);
#2540 = CARTESIAN_POINT('',(-0.1,-7.77,-3.1));
#2541 = VECTOR('',#2542,1.);
#2542 = DIRECTION('',(1.110223024625E-16,1.,0.));
#2543 = ORIENTED_EDGE('',*,*,#2544,.T.);
#2544 = EDGE_CURVE('',#2537,#2512,#2545,.T.);
#2545 = LINE('',#2546,#2547);
#2546 = CARTESIAN_POINT('',(-0.1,-7.77,-3.1));
#2547 = VECTOR('',#2548,1.);
#2548 = DIRECTION('',(-2.692686352073E-17,-0.242535625036,0.970142500145
    ));
#2549 = PLANE('',#2550);
#2550 = AXIS2_PLACEMENT_3D('',#2551,#2552,#2553);
#2551 = CARTESIAN_POINT('',(-0.1,-7.62,3.911477598424));
#2552 = DIRECTION('',(-1.,1.110223024625E-16,0.));
#2553 = DIRECTION('',(0.,0.,1.));
#2554 = ADVANCED_FACE('',(#2555),#2566,.T.);
#2555 = FACE_BOUND('',#2556,.T.);
#2556 = EDGE_LOOP('',(#2557,#2558,#2559,#2565));
#2557 = ORIENTED_EDGE('',*,*,#922,.F.);
#2558 = ORIENTED_EDGE('',*,*,#932,.T.);
#2559 = ORIENTED_EDGE('',*,*,#2560,.T.);
#2560 = EDGE_CURVE('',#933,#973,#2561,.T.);
#2561 = LINE('',#2562,#2563);
#2562 = CARTESIAN_POINT('',(-0.1,-5.38,0.2));
#2563 = VECTOR('',#2564,1.);
#2564 = DIRECTION('',(1.,-1.110223024625E-16,0.));
#2565 = ORIENTED_EDGE('',*,*,#980,.T.);
#2566 = PLANE('',#2567);
#2567 = AXIS2_PLACEMENT_3D('',#2568,#2569,#2570);
#2568 = CARTESIAN_POINT('',(-0.1,-5.38,0.2));
#2569 = DIRECTION('',(0.,-0.,-1.));
#2570 = DIRECTION('',(-1.110223024625E-16,-1.,0.));
#2571 = ADVANCED_FACE('',(#2572),#2613,.F.);
#2572 = FACE_BOUND('',#2573,.F.);
#2573 = EDGE_LOOP('',(#2574,#2582,#2583,#2591,#2599,#2607));
#2574 = ORIENTED_EDGE('',*,*,#2575,.T.);
#2575 = EDGE_CURVE('',#2576,#973,#2578,.T.);
#2576 = VERTEX_POINT('',#2577);
#2577 = CARTESIAN_POINT('',(0.1,-5.38,-2.5));
#2578 = LINE('',#2579,#2580);
#2579 = CARTESIAN_POINT('',(0.1,-5.38,-2.5));
#2580 = VECTOR('',#2581,1.);
#2581 = DIRECTION('',(0.,0.,1.));
#2582 = ORIENTED_EDGE('',*,*,#972,.F.);
#2583 = ORIENTED_EDGE('',*,*,#2584,.T.);
#2584 = EDGE_CURVE('',#965,#2585,#2587,.T.);
#2585 = VERTEX_POINT('',#2586);
#2586 = CARTESIAN_POINT('',(0.1,-4.78,-2.5));
#2587 = LINE('',#2588,#2589);
#2588 = CARTESIAN_POINT('',(0.1,-4.78,0.2));
#2589 = VECTOR('',#2590,1.);
#2590 = DIRECTION('',(0.,0.,-1.));
#2591 = ORIENTED_EDGE('',*,*,#2592,.T.);
#2592 = EDGE_CURVE('',#2585,#2593,#2595,.T.);
#2593 = VERTEX_POINT('',#2594);
#2594 = CARTESIAN_POINT('',(0.1,-4.93,-3.1));
#2595 = LINE('',#2596,#2597);
#2596 = CARTESIAN_POINT('',(0.1,-4.78,-2.5));
#2597 = VECTOR('',#2598,1.);
#2598 = DIRECTION('',(-2.692686352073E-17,-0.242535625036,
    -0.970142500145));
#2599 = ORIENTED_EDGE('',*,*,#2600,.T.);
#2600 = EDGE_CURVE('',#2593,#2601,#2603,.T.);
#2601 = VERTEX_POINT('',#2602);
#2602 = CARTESIAN_POINT('',(0.1,-5.23,-3.1));
#2603 = LINE('',#2604,#2605);
#2604 = CARTESIAN_POINT('',(0.1,-4.93,-3.1));
#2605 = VECTOR('',#2606,1.);
#2606 = DIRECTION('',(-1.110223024625E-16,-1.,0.));
#2607 = ORIENTED_EDGE('',*,*,#2608,.T.);
#2608 = EDGE_CURVE('',#2601,#2576,#2609,.T.);
#2609 = LINE('',#2610,#2611);
#2610 = CARTESIAN_POINT('',(0.1,-5.23,-3.1));
#2611 = VECTOR('',#2612,1.);
#2612 = DIRECTION('',(-2.692686352073E-17,-0.242535625036,0.970142500145
    ));
#2613 = PLANE('',#2614);
#2614 = AXIS2_PLACEMENT_3D('',#2615,#2616,#2617);
#2615 = CARTESIAN_POINT('',(0.1,-5.08,3.911477598424));
#2616 = DIRECTION('',(-1.,1.110223024625E-16,0.));
#2617 = DIRECTION('',(0.,0.,1.));
#2618 = ADVANCED_FACE('',(#2619),#2630,.T.);
#2619 = FACE_BOUND('',#2620,.T.);
#2620 = EDGE_LOOP('',(#2621,#2627,#2628,#2629));
#2621 = ORIENTED_EDGE('',*,*,#2622,.F.);
#2622 = EDGE_CURVE('',#941,#965,#2623,.T.);
#2623 = LINE('',#2624,#2625);
#2624 = CARTESIAN_POINT('',(-0.1,-4.78,0.2));
#2625 = VECTOR('',#2626,1.);
#2626 = DIRECTION('',(1.,-1.110223024625E-16,0.));
#2627 = ORIENTED_EDGE('',*,*,#948,.T.);
#2628 = ORIENTED_EDGE('',*,*,#956,.T.);
#2629 = ORIENTED_EDGE('',*,*,#964,.T.);
#2630 = PLANE('',#2631);
#2631 = AXIS2_PLACEMENT_3D('',#2632,#2633,#2634);
#2632 = CARTESIAN_POINT('',(-0.1,-5.38,0.2));
#2633 = DIRECTION('',(0.,-0.,-1.));
#2634 = DIRECTION('',(-1.110223024625E-16,-1.,0.));
#2635 = ADVANCED_FACE('',(#2636),#2677,.T.);
#2636 = FACE_BOUND('',#2637,.T.);
#2637 = EDGE_LOOP('',(#2638,#2646,#2647,#2655,#2663,#2671));
#2638 = ORIENTED_EDGE('',*,*,#2639,.T.);
#2639 = EDGE_CURVE('',#2640,#933,#2642,.T.);
#2640 = VERTEX_POINT('',#2641);
#2641 = CARTESIAN_POINT('',(-0.1,-5.38,-2.5));
#2642 = LINE('',#2643,#2644);
#2643 = CARTESIAN_POINT('',(-0.1,-5.38,-2.5));
#2644 = VECTOR('',#2645,1.);
#2645 = DIRECTION('',(0.,0.,1.));
#2646 = ORIENTED_EDGE('',*,*,#940,.F.);
#2647 = ORIENTED_EDGE('',*,*,#2648,.T.);
#2648 = EDGE_CURVE('',#941,#2649,#2651,.T.);
#2649 = VERTEX_POINT('',#2650);
#2650 = CARTESIAN_POINT('',(-0.1,-4.78,-2.5));
#2651 = LINE('',#2652,#2653);
#2652 = CARTESIAN_POINT('',(-0.1,-4.78,0.2));
#2653 = VECTOR('',#2654,1.);
#2654 = DIRECTION('',(0.,0.,-1.));
#2655 = ORIENTED_EDGE('',*,*,#2656,.T.);
#2656 = EDGE_CURVE('',#2649,#2657,#2659,.T.);
#2657 = VERTEX_POINT('',#2658);
#2658 = CARTESIAN_POINT('',(-0.1,-4.93,-3.1));
#2659 = LINE('',#2660,#2661);
#2660 = CARTESIAN_POINT('',(-0.1,-4.78,-2.5));
#2661 = VECTOR('',#2662,1.);
#2662 = DIRECTION('',(-2.692686352073E-17,-0.242535625036,
    -0.970142500145));
#2663 = ORIENTED_EDGE('',*,*,#2664,.F.);
#2664 = EDGE_CURVE('',#2665,#2657,#2667,.T.);
#2665 = VERTEX_POINT('',#2666);
#2666 = CARTESIAN_POINT('',(-0.1,-5.23,-3.1));
#2667 = LINE('',#2668,#2669);
#2668 = CARTESIAN_POINT('',(-0.1,-5.23,-3.1));
#2669 = VECTOR('',#2670,1.);
#2670 = DIRECTION('',(1.110223024625E-16,1.,0.));
#2671 = ORIENTED_EDGE('',*,*,#2672,.T.);
#2672 = EDGE_CURVE('',#2665,#2640,#2673,.T.);
#2673 = LINE('',#2674,#2675);
#2674 = CARTESIAN_POINT('',(-0.1,-5.23,-3.1));
#2675 = VECTOR('',#2676,1.);
#2676 = DIRECTION('',(-2.692686352073E-17,-0.242535625036,0.970142500145
    ));
#2677 = PLANE('',#2678);
#2678 = AXIS2_PLACEMENT_3D('',#2679,#2680,#2681);
#2679 = CARTESIAN_POINT('',(-0.1,-5.08,3.911477598424));
#2680 = DIRECTION('',(-1.,1.110223024625E-16,0.));
#2681 = DIRECTION('',(0.,0.,1.));
#2682 = ADVANCED_FACE('',(#2683),#2694,.T.);
#2683 = FACE_BOUND('',#2684,.T.);
#2684 = EDGE_LOOP('',(#2685,#2686,#2687,#2693));
#2685 = ORIENTED_EDGE('',*,*,#988,.F.);
#2686 = ORIENTED_EDGE('',*,*,#998,.T.);
#2687 = ORIENTED_EDGE('',*,*,#2688,.T.);
#2688 = EDGE_CURVE('',#999,#1039,#2689,.T.);
#2689 = LINE('',#2690,#2691);
#2690 = CARTESIAN_POINT('',(-0.1,-2.84,0.2));
#2691 = VECTOR('',#2692,1.);
#2692 = DIRECTION('',(1.,-1.110223024625E-16,0.));
#2693 = ORIENTED_EDGE('',*,*,#1046,.T.);
#2694 = PLANE('',#2695);
#2695 = AXIS2_PLACEMENT_3D('',#2696,#2697,#2698);
#2696 = CARTESIAN_POINT('',(-0.1,-2.84,0.2));
#2697 = DIRECTION('',(0.,-0.,-1.));
#2698 = DIRECTION('',(-1.110223024625E-16,-1.,0.));
#2699 = ADVANCED_FACE('',(#2700),#2741,.F.);
#2700 = FACE_BOUND('',#2701,.F.);
#2701 = EDGE_LOOP('',(#2702,#2710,#2711,#2719,#2727,#2735));
#2702 = ORIENTED_EDGE('',*,*,#2703,.T.);
#2703 = EDGE_CURVE('',#2704,#1039,#2706,.T.);
#2704 = VERTEX_POINT('',#2705);
#2705 = CARTESIAN_POINT('',(0.1,-2.84,-2.5));
#2706 = LINE('',#2707,#2708);
#2707 = CARTESIAN_POINT('',(0.1,-2.84,-2.5));
#2708 = VECTOR('',#2709,1.);
#2709 = DIRECTION('',(0.,0.,1.));
#2710 = ORIENTED_EDGE('',*,*,#1038,.F.);
#2711 = ORIENTED_EDGE('',*,*,#2712,.T.);
#2712 = EDGE_CURVE('',#1031,#2713,#2715,.T.);
#2713 = VERTEX_POINT('',#2714);
#2714 = CARTESIAN_POINT('',(0.1,-2.24,-2.5));
#2715 = LINE('',#2716,#2717);
#2716 = CARTESIAN_POINT('',(0.1,-2.24,0.2));
#2717 = VECTOR('',#2718,1.);
#2718 = DIRECTION('',(0.,0.,-1.));
#2719 = ORIENTED_EDGE('',*,*,#2720,.T.);
#2720 = EDGE_CURVE('',#2713,#2721,#2723,.T.);
#2721 = VERTEX_POINT('',#2722);
#2722 = CARTESIAN_POINT('',(0.1,-2.39,-3.1));
#2723 = LINE('',#2724,#2725);
#2724 = CARTESIAN_POINT('',(0.1,-2.24,-2.5));
#2725 = VECTOR('',#2726,1.);
#2726 = DIRECTION('',(-2.692686352073E-17,-0.242535625036,
    -0.970142500145));
#2727 = ORIENTED_EDGE('',*,*,#2728,.T.);
#2728 = EDGE_CURVE('',#2721,#2729,#2731,.T.);
#2729 = VERTEX_POINT('',#2730);
#2730 = CARTESIAN_POINT('',(0.1,-2.69,-3.1));
#2731 = LINE('',#2732,#2733);
#2732 = CARTESIAN_POINT('',(0.1,-2.39,-3.1));
#2733 = VECTOR('',#2734,1.);
#2734 = DIRECTION('',(-1.110223024625E-16,-1.,0.));
#2735 = ORIENTED_EDGE('',*,*,#2736,.T.);
#2736 = EDGE_CURVE('',#2729,#2704,#2737,.T.);
#2737 = LINE('',#2738,#2739);
#2738 = CARTESIAN_POINT('',(0.1,-2.69,-3.1));
#2739 = VECTOR('',#2740,1.);
#2740 = DIRECTION('',(-2.692686352073E-17,-0.242535625036,0.970142500145
    ));
#2741 = PLANE('',#2742);
#2742 = AXIS2_PLACEMENT_3D('',#2743,#2744,#2745);
#2743 = CARTESIAN_POINT('',(0.1,-2.54,3.911477598424));
#2744 = DIRECTION('',(-1.,1.110223024625E-16,0.));
#2745 = DIRECTION('',(0.,0.,1.));
#2746 = ADVANCED_FACE('',(#2747),#2758,.T.);
#2747 = FACE_BOUND('',#2748,.T.);
#2748 = EDGE_LOOP('',(#2749,#2755,#2756,#2757));
#2749 = ORIENTED_EDGE('',*,*,#2750,.F.);
#2750 = EDGE_CURVE('',#1007,#1031,#2751,.T.);
#2751 = LINE('',#2752,#2753);
#2752 = CARTESIAN_POINT('',(-0.1,-2.24,0.2));
#2753 = VECTOR('',#2754,1.);
#2754 = DIRECTION('',(1.,-1.110223024625E-16,0.));
#2755 = ORIENTED_EDGE('',*,*,#1014,.T.);
#2756 = ORIENTED_EDGE('',*,*,#1022,.T.);
#2757 = ORIENTED_EDGE('',*,*,#1030,.T.);
#2758 = PLANE('',#2759);
#2759 = AXIS2_PLACEMENT_3D('',#2760,#2761,#2762);
#2760 = CARTESIAN_POINT('',(-0.1,-2.84,0.2));
#2761 = DIRECTION('',(0.,-0.,-1.));
#2762 = DIRECTION('',(-1.110223024625E-16,-1.,0.));
#2763 = ADVANCED_FACE('',(#2764),#2805,.T.);
#2764 = FACE_BOUND('',#2765,.T.);
#2765 = EDGE_LOOP('',(#2766,#2774,#2775,#2783,#2791,#2799));
#2766 = ORIENTED_EDGE('',*,*,#2767,.T.);
#2767 = EDGE_CURVE('',#2768,#999,#2770,.T.);
#2768 = VERTEX_POINT('',#2769);
#2769 = CARTESIAN_POINT('',(-0.1,-2.84,-2.5));
#2770 = LINE('',#2771,#2772);
#2771 = CARTESIAN_POINT('',(-0.1,-2.84,-2.5));
#2772 = VECTOR('',#2773,1.);
#2773 = DIRECTION('',(0.,0.,1.));
#2774 = ORIENTED_EDGE('',*,*,#1006,.F.);
#2775 = ORIENTED_EDGE('',*,*,#2776,.T.);
#2776 = EDGE_CURVE('',#1007,#2777,#2779,.T.);
#2777 = VERTEX_POINT('',#2778);
#2778 = CARTESIAN_POINT('',(-0.1,-2.24,-2.5));
#2779 = LINE('',#2780,#2781);
#2780 = CARTESIAN_POINT('',(-0.1,-2.24,0.2));
#2781 = VECTOR('',#2782,1.);
#2782 = DIRECTION('',(0.,0.,-1.));
#2783 = ORIENTED_EDGE('',*,*,#2784,.T.);
#2784 = EDGE_CURVE('',#2777,#2785,#2787,.T.);
#2785 = VERTEX_POINT('',#2786);
#2786 = CARTESIAN_POINT('',(-0.1,-2.39,-3.1));
#2787 = LINE('',#2788,#2789);
#2788 = CARTESIAN_POINT('',(-0.1,-2.24,-2.5));
#2789 = VECTOR('',#2790,1.);
#2790 = DIRECTION('',(-2.692686352073E-17,-0.242535625036,
    -0.970142500145));
#2791 = ORIENTED_EDGE('',*,*,#2792,.F.);
#2792 = EDGE_CURVE('',#2793,#2785,#2795,.T.);
#2793 = VERTEX_POINT('',#2794);
#2794 = CARTESIAN_POINT('',(-0.1,-2.69,-3.1));
#2795 = LINE('',#2796,#2797);
#2796 = CARTESIAN_POINT('',(-0.1,-2.69,-3.1));
#2797 = VECTOR('',#2798,1.);
#2798 = DIRECTION('',(1.110223024625E-16,1.,0.));
#2799 = ORIENTED_EDGE('',*,*,#2800,.T.);
#2800 = EDGE_CURVE('',#2793,#2768,#2801,.T.);
#2801 = LINE('',#2802,#2803);
#2802 = CARTESIAN_POINT('',(-0.1,-2.69,-3.1));
#2803 = VECTOR('',#2804,1.);
#2804 = DIRECTION('',(-2.692686352073E-17,-0.242535625036,0.970142500145
    ));
#2805 = PLANE('',#2806);
#2806 = AXIS2_PLACEMENT_3D('',#2807,#2808,#2809);
#2807 = CARTESIAN_POINT('',(-0.1,-2.54,3.911477598424));
#2808 = DIRECTION('',(-1.,1.110223024625E-16,0.));
#2809 = DIRECTION('',(0.,0.,1.));
#2810 = ADVANCED_FACE('',(#2811),#2822,.T.);
#2811 = FACE_BOUND('',#2812,.T.);
#2812 = EDGE_LOOP('',(#2813,#2814,#2815,#2821));
#2813 = ORIENTED_EDGE('',*,*,#1054,.F.);
#2814 = ORIENTED_EDGE('',*,*,#1064,.T.);
#2815 = ORIENTED_EDGE('',*,*,#2816,.T.);
#2816 = EDGE_CURVE('',#1065,#1105,#2817,.T.);
#2817 = LINE('',#2818,#2819);
#2818 = CARTESIAN_POINT('',(-0.1,-0.3,0.2));
#2819 = VECTOR('',#2820,1.);
#2820 = DIRECTION('',(1.,-1.110223024625E-16,0.));
#2821 = ORIENTED_EDGE('',*,*,#1112,.T.);
#2822 = PLANE('',#2823);
#2823 = AXIS2_PLACEMENT_3D('',#2824,#2825,#2826);
#2824 = CARTESIAN_POINT('',(-0.1,-0.3,0.2));
#2825 = DIRECTION('',(0.,-0.,-1.));
#2826 = DIRECTION('',(-1.110223024625E-16,-1.,0.));
#2827 = ADVANCED_FACE('',(#2828),#2869,.F.);
#2828 = FACE_BOUND('',#2829,.F.);
#2829 = EDGE_LOOP('',(#2830,#2838,#2839,#2847,#2855,#2863));
#2830 = ORIENTED_EDGE('',*,*,#2831,.T.);
#2831 = EDGE_CURVE('',#2832,#1105,#2834,.T.);
#2832 = VERTEX_POINT('',#2833);
#2833 = CARTESIAN_POINT('',(0.1,-0.3,-2.5));
#2834 = LINE('',#2835,#2836);
#2835 = CARTESIAN_POINT('',(0.1,-0.3,-2.5));
#2836 = VECTOR('',#2837,1.);
#2837 = DIRECTION('',(0.,0.,1.));
#2838 = ORIENTED_EDGE('',*,*,#1104,.F.);
#2839 = ORIENTED_EDGE('',*,*,#2840,.T.);
#2840 = EDGE_CURVE('',#1097,#2841,#2843,.T.);
#2841 = VERTEX_POINT('',#2842);
#2842 = CARTESIAN_POINT('',(0.1,0.3,-2.5));
#2843 = LINE('',#2844,#2845);
#2844 = CARTESIAN_POINT('',(0.1,0.3,0.2));
#2845 = VECTOR('',#2846,1.);
#2846 = DIRECTION('',(0.,0.,-1.));
#2847 = ORIENTED_EDGE('',*,*,#2848,.T.);
#2848 = EDGE_CURVE('',#2841,#2849,#2851,.T.);
#2849 = VERTEX_POINT('',#2850);
#2850 = CARTESIAN_POINT('',(0.1,0.15,-3.1));
#2851 = LINE('',#2852,#2853);
#2852 = CARTESIAN_POINT('',(0.1,0.3,-2.5));
#2853 = VECTOR('',#2854,1.);
#2854 = DIRECTION('',(-2.692686352073E-17,-0.242535625036,
    -0.970142500145));
#2855 = ORIENTED_EDGE('',*,*,#2856,.T.);
#2856 = EDGE_CURVE('',#2849,#2857,#2859,.T.);
#2857 = VERTEX_POINT('',#2858);
#2858 = CARTESIAN_POINT('',(0.1,-0.15,-3.1));
#2859 = LINE('',#2860,#2861);
#2860 = CARTESIAN_POINT('',(0.1,0.15,-3.1));
#2861 = VECTOR('',#2862,1.);
#2862 = DIRECTION('',(-1.110223024625E-16,-1.,0.));
#2863 = ORIENTED_EDGE('',*,*,#2864,.T.);
#2864 = EDGE_CURVE('',#2857,#2832,#2865,.T.);
#2865 = LINE('',#2866,#2867);
#2866 = CARTESIAN_POINT('',(0.1,-0.15,-3.1));
#2867 = VECTOR('',#2868,1.);
#2868 = DIRECTION('',(-2.692686352073E-17,-0.242535625036,0.970142500145
    ));
#2869 = PLANE('',#2870);
#2870 = AXIS2_PLACEMENT_3D('',#2871,#2872,#2873);
#2871 = CARTESIAN_POINT('',(0.1,-1.110223024625E-17,3.911477598424));
#2872 = DIRECTION('',(-1.,1.110223024625E-16,0.));
#2873 = DIRECTION('',(0.,0.,1.));
#2874 = ADVANCED_FACE('',(#2875),#2886,.T.);
#2875 = FACE_BOUND('',#2876,.T.);
#2876 = EDGE_LOOP('',(#2877,#2883,#2884,#2885));
#2877 = ORIENTED_EDGE('',*,*,#2878,.F.);
#2878 = EDGE_CURVE('',#1073,#1097,#2879,.T.);
#2879 = LINE('',#2880,#2881);
#2880 = CARTESIAN_POINT('',(-0.1,0.3,0.2));
#2881 = VECTOR('',#2882,1.);
#2882 = DIRECTION('',(1.,-1.110223024625E-16,0.));
#2883 = ORIENTED_EDGE('',*,*,#1080,.T.);
#2884 = ORIENTED_EDGE('',*,*,#1088,.T.);
#2885 = ORIENTED_EDGE('',*,*,#1096,.T.);
#2886 = PLANE('',#2887);
#2887 = AXIS2_PLACEMENT_3D('',#2888,#2889,#2890);
#2888 = CARTESIAN_POINT('',(-0.1,-0.3,0.2));
#2889 = DIRECTION('',(0.,-0.,-1.));
#2890 = DIRECTION('',(-1.110223024625E-16,-1.,0.));
#2891 = ADVANCED_FACE('',(#2892),#2933,.T.);
#2892 = FACE_BOUND('',#2893,.T.);
#2893 = EDGE_LOOP('',(#2894,#2902,#2903,#2911,#2919,#2927));
#2894 = ORIENTED_EDGE('',*,*,#2895,.T.);
#2895 = EDGE_CURVE('',#2896,#1065,#2898,.T.);
#2896 = VERTEX_POINT('',#2897);
#2897 = CARTESIAN_POINT('',(-0.1,-0.3,-2.5));
#2898 = LINE('',#2899,#2900);
#2899 = CARTESIAN_POINT('',(-0.1,-0.3,-2.5));
#2900 = VECTOR('',#2901,1.);
#2901 = DIRECTION('',(0.,0.,1.));
#2902 = ORIENTED_EDGE('',*,*,#1072,.F.);
#2903 = ORIENTED_EDGE('',*,*,#2904,.T.);
#2904 = EDGE_CURVE('',#1073,#2905,#2907,.T.);
#2905 = VERTEX_POINT('',#2906);
#2906 = CARTESIAN_POINT('',(-0.1,0.3,-2.5));
#2907 = LINE('',#2908,#2909);
#2908 = CARTESIAN_POINT('',(-0.1,0.3,0.2));
#2909 = VECTOR('',#2910,1.);
#2910 = DIRECTION('',(0.,0.,-1.));
#2911 = ORIENTED_EDGE('',*,*,#2912,.T.);
#2912 = EDGE_CURVE('',#2905,#2913,#2915,.T.);
#2913 = VERTEX_POINT('',#2914);
#2914 = CARTESIAN_POINT('',(-0.1,0.15,-3.1));
#2915 = LINE('',#2916,#2917);
#2916 = CARTESIAN_POINT('',(-0.1,0.3,-2.5));
#2917 = VECTOR('',#2918,1.);
#2918 = DIRECTION('',(-2.692686352073E-17,-0.242535625036,
    -0.970142500145));
#2919 = ORIENTED_EDGE('',*,*,#2920,.F.);
#2920 = EDGE_CURVE('',#2921,#2913,#2923,.T.);
#2921 = VERTEX_POINT('',#2922);
#2922 = CARTESIAN_POINT('',(-0.1,-0.15,-3.1));
#2923 = LINE('',#2924,#2925);
#2924 = CARTESIAN_POINT('',(-0.1,-0.15,-3.1));
#2925 = VECTOR('',#2926,1.);
#2926 = DIRECTION('',(1.110223024625E-16,1.,0.));
#2927 = ORIENTED_EDGE('',*,*,#2928,.T.);
#2928 = EDGE_CURVE('',#2921,#2896,#2929,.T.);
#2929 = LINE('',#2930,#2931);
#2930 = CARTESIAN_POINT('',(-0.1,-0.15,-3.1));
#2931 = VECTOR('',#2932,1.);
#2932 = DIRECTION('',(-2.692686352073E-17,-0.242535625036,0.970142500145
    ));
#2933 = PLANE('',#2934);
#2934 = AXIS2_PLACEMENT_3D('',#2935,#2936,#2937);
#2935 = CARTESIAN_POINT('',(-0.1,1.110223024625E-17,3.911477598424));
#2936 = DIRECTION('',(-1.,1.110223024625E-16,0.));
#2937 = DIRECTION('',(0.,0.,1.));
#2938 = ADVANCED_FACE('',(#2939),#2964,.F.);
#2939 = FACE_BOUND('',#2940,.F.);
#2940 = EDGE_LOOP('',(#2941,#2949,#2957,#2963));
#2941 = ORIENTED_EDGE('',*,*,#2942,.T.);
#2942 = EDGE_CURVE('',#1151,#2943,#2945,.T.);
#2943 = VERTEX_POINT('',#2944);
#2944 = CARTESIAN_POINT('',(0.3,-18.08,0.9));
#2945 = LINE('',#2946,#2947);
#2946 = CARTESIAN_POINT('',(0.3,-18.08,8.2));
#2947 = VECTOR('',#2948,1.);
#2948 = DIRECTION('',(0.,-0.,-1.));
#2949 = ORIENTED_EDGE('',*,*,#2950,.T.);
#2950 = EDGE_CURVE('',#2943,#2951,#2953,.T.);
#2951 = VERTEX_POINT('',#2952);
#2952 = CARTESIAN_POINT('',(0.3,-17.48,0.9));
#2953 = LINE('',#2954,#2955);
#2954 = CARTESIAN_POINT('',(0.3,-18.08,0.9));
#2955 = VECTOR('',#2956,1.);
#2956 = DIRECTION('',(1.110223024625E-16,1.,0.));
#2957 = ORIENTED_EDGE('',*,*,#2958,.F.);
#2958 = EDGE_CURVE('',#1160,#2951,#2959,.T.);
#2959 = LINE('',#2960,#2961);
#2960 = CARTESIAN_POINT('',(0.3,-17.48,8.2));
#2961 = VECTOR('',#2962,1.);
#2962 = DIRECTION('',(0.,-0.,-1.));
#2963 = ORIENTED_EDGE('',*,*,#1167,.F.);
#2964 = PLANE('',#2965);
#2965 = AXIS2_PLACEMENT_3D('',#2966,#2967,#2968);
#2966 = CARTESIAN_POINT('',(0.3,-18.08,8.2));
#2967 = DIRECTION('',(1.,-1.110223024625E-16,0.));
#2968 = DIRECTION('',(1.110223024625E-16,1.,0.));
#2969 = ADVANCED_FACE('',(#2970),#3020,.F.);
#2970 = FACE_BOUND('',#2971,.F.);
#2971 = EDGE_LOOP('',(#2972,#2973,#2974,#2982,#2990,#2998,#3006,#3014));
#2972 = ORIENTED_EDGE('',*,*,#1191,.F.);
#2973 = ORIENTED_EDGE('',*,*,#2958,.T.);
#2974 = ORIENTED_EDGE('',*,*,#2975,.T.);
#2975 = EDGE_CURVE('',#2951,#2976,#2978,.T.);
#2976 = VERTEX_POINT('',#2977);
#2977 = CARTESIAN_POINT('',(0.1,-17.48,0.9));
#2978 = LINE('',#2979,#2980);
#2979 = CARTESIAN_POINT('',(0.3,-17.48,0.9));
#2980 = VECTOR('',#2981,1.);
#2981 = DIRECTION('',(-1.,1.110223024625E-16,0.));
#2982 = ORIENTED_EDGE('',*,*,#2983,.T.);
#2983 = EDGE_CURVE('',#2976,#2984,#2986,.T.);
#2984 = VERTEX_POINT('',#2985);
#2985 = CARTESIAN_POINT('',(0.1,-17.48,7.4));
#2986 = LINE('',#2987,#2988);
#2987 = CARTESIAN_POINT('',(0.1,-17.48,6.055738799212));
#2988 = VECTOR('',#2989,1.);
#2989 = DIRECTION('',(0.,-0.,1.));
#2990 = ORIENTED_EDGE('',*,*,#2991,.F.);
#2991 = EDGE_CURVE('',#2992,#2984,#2994,.T.);
#2992 = VERTEX_POINT('',#2993);
#2993 = CARTESIAN_POINT('',(-0.1,-17.48,7.4));
#2994 = LINE('',#2995,#2996);
#2995 = CARTESIAN_POINT('',(-0.1,-17.48,7.4));
#2996 = VECTOR('',#2997,1.);
#2997 = DIRECTION('',(1.,-1.110223024625E-16,0.));
#2998 = ORIENTED_EDGE('',*,*,#2999,.F.);
#2999 = EDGE_CURVE('',#3000,#2992,#3002,.T.);
#3000 = VERTEX_POINT('',#3001);
#3001 = CARTESIAN_POINT('',(-0.1,-17.48,0.9));
#3002 = LINE('',#3003,#3004);
#3003 = CARTESIAN_POINT('',(-0.1,-17.48,6.055738799212));
#3004 = VECTOR('',#3005,1.);
#3005 = DIRECTION('',(0.,-0.,1.));
#3006 = ORIENTED_EDGE('',*,*,#3007,.T.);
#3007 = EDGE_CURVE('',#3000,#3008,#3010,.T.);
#3008 = VERTEX_POINT('',#3009);
#3009 = CARTESIAN_POINT('',(-0.3,-17.48,0.9));
#3010 = LINE('',#3011,#3012);
#3011 = CARTESIAN_POINT('',(0.3,-17.48,0.9));
#3012 = VECTOR('',#3013,1.);
#3013 = DIRECTION('',(-1.,1.110223024625E-16,0.));
#3014 = ORIENTED_EDGE('',*,*,#3015,.F.);
#3015 = EDGE_CURVE('',#1184,#3008,#3016,.T.);
#3016 = LINE('',#3017,#3018);
#3017 = CARTESIAN_POINT('',(-0.3,-17.48,8.2));
#3018 = VECTOR('',#3019,1.);
#3019 = DIRECTION('',(0.,-0.,-1.));
#3020 = PLANE('',#3021);
#3021 = AXIS2_PLACEMENT_3D('',#3022,#3023,#3024);
#3022 = CARTESIAN_POINT('',(0.3,-17.48,8.2));
#3023 = DIRECTION('',(1.110223024625E-16,1.,0.));
#3024 = DIRECTION('',(-1.,1.110223024625E-16,0.));
#3025 = ADVANCED_FACE('',(#3026),#3044,.F.);
#3026 = FACE_BOUND('',#3027,.F.);
#3027 = EDGE_LOOP('',(#3028,#3029,#3037,#3043));
#3028 = ORIENTED_EDGE('',*,*,#3015,.T.);
#3029 = ORIENTED_EDGE('',*,*,#3030,.T.);
#3030 = EDGE_CURVE('',#3008,#3031,#3033,.T.);
#3031 = VERTEX_POINT('',#3032);
#3032 = CARTESIAN_POINT('',(-0.3,-18.08,0.9));
#3033 = LINE('',#3034,#3035);
#3034 = CARTESIAN_POINT('',(-0.3,-17.48,0.9));
#3035 = VECTOR('',#3036,1.);
#3036 = DIRECTION('',(-1.110223024625E-16,-1.,0.));
#3037 = ORIENTED_EDGE('',*,*,#3038,.F.);
#3038 = EDGE_CURVE('',#1208,#3031,#3039,.T.);
#3039 = LINE('',#3040,#3041);
#3040 = CARTESIAN_POINT('',(-0.3,-18.08,8.2));
#3041 = VECTOR('',#3042,1.);
#3042 = DIRECTION('',(0.,-0.,-1.));
#3043 = ORIENTED_EDGE('',*,*,#1215,.F.);
#3044 = PLANE('',#3045);
#3045 = AXIS2_PLACEMENT_3D('',#3046,#3047,#3048);
#3046 = CARTESIAN_POINT('',(-0.3,-17.48,8.2));
#3047 = DIRECTION('',(-1.,1.110223024625E-16,0.));
#3048 = DIRECTION('',(-1.110223024625E-16,-1.,0.));
#3049 = ADVANCED_FACE('',(#3050),#3093,.F.);
#3050 = FACE_BOUND('',#3051,.F.);
#3051 = EDGE_LOOP('',(#3052,#3053,#3054,#3062,#3070,#3078,#3086,#3092));
#3052 = ORIENTED_EDGE('',*,*,#1232,.F.);
#3053 = ORIENTED_EDGE('',*,*,#3038,.T.);
#3054 = ORIENTED_EDGE('',*,*,#3055,.T.);
#3055 = EDGE_CURVE('',#3031,#3056,#3058,.T.);
#3056 = VERTEX_POINT('',#3057);
#3057 = CARTESIAN_POINT('',(-0.1,-18.08,0.9));
#3058 = LINE('',#3059,#3060);
#3059 = CARTESIAN_POINT('',(-0.3,-18.08,0.9));
#3060 = VECTOR('',#3061,1.);
#3061 = DIRECTION('',(1.,-1.110223024625E-16,0.));
#3062 = ORIENTED_EDGE('',*,*,#3063,.F.);
#3063 = EDGE_CURVE('',#3064,#3056,#3066,.T.);
#3064 = VERTEX_POINT('',#3065);
#3065 = CARTESIAN_POINT('',(-0.1,-18.08,7.4));
#3066 = LINE('',#3067,#3068);
#3067 = CARTESIAN_POINT('',(-0.1,-18.08,6.055738799212));
#3068 = VECTOR('',#3069,1.);
#3069 = DIRECTION('',(-0.,0.,-1.));
#3070 = ORIENTED_EDGE('',*,*,#3071,.T.);
#3071 = EDGE_CURVE('',#3064,#3072,#3074,.T.);
#3072 = VERTEX_POINT('',#3073);
#3073 = CARTESIAN_POINT('',(0.1,-18.08,7.4));
#3074 = LINE('',#3075,#3076);
#3075 = CARTESIAN_POINT('',(-0.1,-18.08,7.4));
#3076 = VECTOR('',#3077,1.);
#3077 = DIRECTION('',(1.,-1.110223024625E-16,0.));
#3078 = ORIENTED_EDGE('',*,*,#3079,.T.);
#3079 = EDGE_CURVE('',#3072,#3080,#3082,.T.);
#3080 = VERTEX_POINT('',#3081);
#3081 = CARTESIAN_POINT('',(0.1,-18.08,0.9));
#3082 = LINE('',#3083,#3084);
#3083 = CARTESIAN_POINT('',(0.1,-18.08,6.055738799212));
#3084 = VECTOR('',#3085,1.);
#3085 = DIRECTION('',(-0.,0.,-1.));
#3086 = ORIENTED_EDGE('',*,*,#3087,.T.);
#3087 = EDGE_CURVE('',#3080,#2943,#3088,.T.);
#3088 = LINE('',#3089,#3090);
#3089 = CARTESIAN_POINT('',(-0.3,-18.08,0.9));
#3090 = VECTOR('',#3091,1.);
#3091 = DIRECTION('',(1.,-1.110223024625E-16,0.));
#3092 = ORIENTED_EDGE('',*,*,#2942,.F.);
#3093 = PLANE('',#3094);
#3094 = AXIS2_PLACEMENT_3D('',#3095,#3096,#3097);
#3095 = CARTESIAN_POINT('',(-0.3,-18.08,8.2));
#3096 = DIRECTION('',(-1.110223024625E-16,-1.,0.));
#3097 = DIRECTION('',(1.,-1.110223024625E-16,0.));
#3098 = ADVANCED_FACE('',(#3099),#3124,.F.);
#3099 = FACE_BOUND('',#3100,.F.);
#3100 = EDGE_LOOP('',(#3101,#3109,#3117,#3123));
#3101 = ORIENTED_EDGE('',*,*,#3102,.T.);
#3102 = EDGE_CURVE('',#1247,#3103,#3105,.T.);
#3103 = VERTEX_POINT('',#3104);
#3104 = CARTESIAN_POINT('',(0.3,-15.54,0.9));
#3105 = LINE('',#3106,#3107);
#3106 = CARTESIAN_POINT('',(0.3,-15.54,8.2));
#3107 = VECTOR('',#3108,1.);
#3108 = DIRECTION('',(0.,-0.,-1.));
#3109 = ORIENTED_EDGE('',*,*,#3110,.T.);
#3110 = EDGE_CURVE('',#3103,#3111,#3113,.T.);
#3111 = VERTEX_POINT('',#3112);
#3112 = CARTESIAN_POINT('',(0.3,-14.94,0.9));
#3113 = LINE('',#3114,#3115);
#3114 = CARTESIAN_POINT('',(0.3,-15.54,0.9));
#3115 = VECTOR('',#3116,1.);
#3116 = DIRECTION('',(1.110223024625E-16,1.,0.));
#3117 = ORIENTED_EDGE('',*,*,#3118,.F.);
#3118 = EDGE_CURVE('',#1256,#3111,#3119,.T.);
#3119 = LINE('',#3120,#3121);
#3120 = CARTESIAN_POINT('',(0.3,-14.94,8.2));
#3121 = VECTOR('',#3122,1.);
#3122 = DIRECTION('',(0.,-0.,-1.));
#3123 = ORIENTED_EDGE('',*,*,#1263,.F.);
#3124 = PLANE('',#3125);
#3125 = AXIS2_PLACEMENT_3D('',#3126,#3127,#3128);
#3126 = CARTESIAN_POINT('',(0.3,-15.54,8.2));
#3127 = DIRECTION('',(1.,-1.110223024625E-16,0.));
#3128 = DIRECTION('',(1.110223024625E-16,1.,0.));
#3129 = ADVANCED_FACE('',(#3130),#3180,.F.);
#3130 = FACE_BOUND('',#3131,.F.);
#3131 = EDGE_LOOP('',(#3132,#3133,#3134,#3142,#3150,#3158,#3166,#3174));
#3132 = ORIENTED_EDGE('',*,*,#1287,.F.);
#3133 = ORIENTED_EDGE('',*,*,#3118,.T.);
#3134 = ORIENTED_EDGE('',*,*,#3135,.T.);
#3135 = EDGE_CURVE('',#3111,#3136,#3138,.T.);
#3136 = VERTEX_POINT('',#3137);
#3137 = CARTESIAN_POINT('',(0.1,-14.94,0.9));
#3138 = LINE('',#3139,#3140);
#3139 = CARTESIAN_POINT('',(0.3,-14.94,0.9));
#3140 = VECTOR('',#3141,1.);
#3141 = DIRECTION('',(-1.,1.110223024625E-16,0.));
#3142 = ORIENTED_EDGE('',*,*,#3143,.T.);
#3143 = EDGE_CURVE('',#3136,#3144,#3146,.T.);
#3144 = VERTEX_POINT('',#3145);
#3145 = CARTESIAN_POINT('',(0.1,-14.94,7.4));
#3146 = LINE('',#3147,#3148);
#3147 = CARTESIAN_POINT('',(0.1,-14.94,6.055738799212));
#3148 = VECTOR('',#3149,1.);
#3149 = DIRECTION('',(0.,-0.,1.));
#3150 = ORIENTED_EDGE('',*,*,#3151,.F.);
#3151 = EDGE_CURVE('',#3152,#3144,#3154,.T.);
#3152 = VERTEX_POINT('',#3153);
#3153 = CARTESIAN_POINT('',(-0.1,-14.94,7.4));
#3154 = LINE('',#3155,#3156);
#3155 = CARTESIAN_POINT('',(-0.1,-14.94,7.4));
#3156 = VECTOR('',#3157,1.);
#3157 = DIRECTION('',(1.,-1.110223024625E-16,0.));
#3158 = ORIENTED_EDGE('',*,*,#3159,.F.);
#3159 = EDGE_CURVE('',#3160,#3152,#3162,.T.);
#3160 = VERTEX_POINT('',#3161);
#3161 = CARTESIAN_POINT('',(-0.1,-14.94,0.9));
#3162 = LINE('',#3163,#3164);
#3163 = CARTESIAN_POINT('',(-0.1,-14.94,6.055738799212));
#3164 = VECTOR('',#3165,1.);
#3165 = DIRECTION('',(0.,-0.,1.));
#3166 = ORIENTED_EDGE('',*,*,#3167,.T.);
#3167 = EDGE_CURVE('',#3160,#3168,#3170,.T.);
#3168 = VERTEX_POINT('',#3169);
#3169 = CARTESIAN_POINT('',(-0.3,-14.94,0.9));
#3170 = LINE('',#3171,#3172);
#3171 = CARTESIAN_POINT('',(0.3,-14.94,0.9));
#3172 = VECTOR('',#3173,1.);
#3173 = DIRECTION('',(-1.,1.110223024625E-16,0.));
#3174 = ORIENTED_EDGE('',*,*,#3175,.F.);
#3175 = EDGE_CURVE('',#1280,#3168,#3176,.T.);
#3176 = LINE('',#3177,#3178);
#3177 = CARTESIAN_POINT('',(-0.3,-14.94,8.2));
#3178 = VECTOR('',#3179,1.);
#3179 = DIRECTION('',(0.,-0.,-1.));
#3180 = PLANE('',#3181);
#3181 = AXIS2_PLACEMENT_3D('',#3182,#3183,#3184);
#3182 = CARTESIAN_POINT('',(0.3,-14.94,8.2));
#3183 = DIRECTION('',(1.110223024625E-16,1.,0.));
#3184 = DIRECTION('',(-1.,1.110223024625E-16,0.));
#3185 = ADVANCED_FACE('',(#3186),#3204,.F.);
#3186 = FACE_BOUND('',#3187,.F.);
#3187 = EDGE_LOOP('',(#3188,#3189,#3197,#3203));
#3188 = ORIENTED_EDGE('',*,*,#3175,.T.);
#3189 = ORIENTED_EDGE('',*,*,#3190,.T.);
#3190 = EDGE_CURVE('',#3168,#3191,#3193,.T.);
#3191 = VERTEX_POINT('',#3192);
#3192 = CARTESIAN_POINT('',(-0.3,-15.54,0.9));
#3193 = LINE('',#3194,#3195);
#3194 = CARTESIAN_POINT('',(-0.3,-14.94,0.9));
#3195 = VECTOR('',#3196,1.);
#3196 = DIRECTION('',(-1.110223024625E-16,-1.,0.));
#3197 = ORIENTED_EDGE('',*,*,#3198,.F.);
#3198 = EDGE_CURVE('',#1304,#3191,#3199,.T.);
#3199 = LINE('',#3200,#3201);
#3200 = CARTESIAN_POINT('',(-0.3,-15.54,8.2));
#3201 = VECTOR('',#3202,1.);
#3202 = DIRECTION('',(0.,-0.,-1.));
#3203 = ORIENTED_EDGE('',*,*,#1311,.F.);
#3204 = PLANE('',#3205);
#3205 = AXIS2_PLACEMENT_3D('',#3206,#3207,#3208);
#3206 = CARTESIAN_POINT('',(-0.3,-14.94,8.2));
#3207 = DIRECTION('',(-1.,1.110223024625E-16,0.));
#3208 = DIRECTION('',(-1.110223024625E-16,-1.,0.));
#3209 = ADVANCED_FACE('',(#3210),#3253,.F.);
#3210 = FACE_BOUND('',#3211,.F.);
#3211 = EDGE_LOOP('',(#3212,#3213,#3214,#3222,#3230,#3238,#3246,#3252));
#3212 = ORIENTED_EDGE('',*,*,#1328,.F.);
#3213 = ORIENTED_EDGE('',*,*,#3198,.T.);
#3214 = ORIENTED_EDGE('',*,*,#3215,.T.);
#3215 = EDGE_CURVE('',#3191,#3216,#3218,.T.);
#3216 = VERTEX_POINT('',#3217);
#3217 = CARTESIAN_POINT('',(-0.1,-15.54,0.9));
#3218 = LINE('',#3219,#3220);
#3219 = CARTESIAN_POINT('',(-0.3,-15.54,0.9));
#3220 = VECTOR('',#3221,1.);
#3221 = DIRECTION('',(1.,-1.110223024625E-16,0.));
#3222 = ORIENTED_EDGE('',*,*,#3223,.F.);
#3223 = EDGE_CURVE('',#3224,#3216,#3226,.T.);
#3224 = VERTEX_POINT('',#3225);
#3225 = CARTESIAN_POINT('',(-0.1,-15.54,7.4));
#3226 = LINE('',#3227,#3228);
#3227 = CARTESIAN_POINT('',(-0.1,-15.54,6.055738799212));
#3228 = VECTOR('',#3229,1.);
#3229 = DIRECTION('',(-0.,0.,-1.));
#3230 = ORIENTED_EDGE('',*,*,#3231,.T.);
#3231 = EDGE_CURVE('',#3224,#3232,#3234,.T.);
#3232 = VERTEX_POINT('',#3233);
#3233 = CARTESIAN_POINT('',(0.1,-15.54,7.4));
#3234 = LINE('',#3235,#3236);
#3235 = CARTESIAN_POINT('',(-0.1,-15.54,7.4));
#3236 = VECTOR('',#3237,1.);
#3237 = DIRECTION('',(1.,-1.110223024625E-16,0.));
#3238 = ORIENTED_EDGE('',*,*,#3239,.T.);
#3239 = EDGE_CURVE('',#3232,#3240,#3242,.T.);
#3240 = VERTEX_POINT('',#3241);
#3241 = CARTESIAN_POINT('',(0.1,-15.54,0.9));
#3242 = LINE('',#3243,#3244);
#3243 = CARTESIAN_POINT('',(0.1,-15.54,6.055738799212));
#3244 = VECTOR('',#3245,1.);
#3245 = DIRECTION('',(-0.,0.,-1.));
#3246 = ORIENTED_EDGE('',*,*,#3247,.T.);
#3247 = EDGE_CURVE('',#3240,#3103,#3248,.T.);
#3248 = LINE('',#3249,#3250);
#3249 = CARTESIAN_POINT('',(-0.3,-15.54,0.9));
#3250 = VECTOR('',#3251,1.);
#3251 = DIRECTION('',(1.,-1.110223024625E-16,0.));
#3252 = ORIENTED_EDGE('',*,*,#3102,.F.);
#3253 = PLANE('',#3254);
#3254 = AXIS2_PLACEMENT_3D('',#3255,#3256,#3257);
#3255 = CARTESIAN_POINT('',(-0.3,-15.54,8.2));
#3256 = DIRECTION('',(-1.110223024625E-16,-1.,0.));
#3257 = DIRECTION('',(1.,-1.110223024625E-16,0.));
#3258 = ADVANCED_FACE('',(#3259),#3284,.F.);
#3259 = FACE_BOUND('',#3260,.F.);
#3260 = EDGE_LOOP('',(#3261,#3269,#3277,#3283));
#3261 = ORIENTED_EDGE('',*,*,#3262,.T.);
#3262 = EDGE_CURVE('',#1343,#3263,#3265,.T.);
#3263 = VERTEX_POINT('',#3264);
#3264 = CARTESIAN_POINT('',(0.3,-13.,0.9));
#3265 = LINE('',#3266,#3267);
#3266 = CARTESIAN_POINT('',(0.3,-13.,8.2));
#3267 = VECTOR('',#3268,1.);
#3268 = DIRECTION('',(0.,-0.,-1.));
#3269 = ORIENTED_EDGE('',*,*,#3270,.T.);
#3270 = EDGE_CURVE('',#3263,#3271,#3273,.T.);
#3271 = VERTEX_POINT('',#3272);
#3272 = CARTESIAN_POINT('',(0.3,-12.4,0.9));
#3273 = LINE('',#3274,#3275);
#3274 = CARTESIAN_POINT('',(0.3,-13.,0.9));
#3275 = VECTOR('',#3276,1.);
#3276 = DIRECTION('',(1.110223024625E-16,1.,0.));
#3277 = ORIENTED_EDGE('',*,*,#3278,.F.);
#3278 = EDGE_CURVE('',#1352,#3271,#3279,.T.);
#3279 = LINE('',#3280,#3281);
#3280 = CARTESIAN_POINT('',(0.3,-12.4,8.2));
#3281 = VECTOR('',#3282,1.);
#3282 = DIRECTION('',(0.,-0.,-1.));
#3283 = ORIENTED_EDGE('',*,*,#1359,.F.);
#3284 = PLANE('',#3285);
#3285 = AXIS2_PLACEMENT_3D('',#3286,#3287,#3288);
#3286 = CARTESIAN_POINT('',(0.3,-13.,8.2));
#3287 = DIRECTION('',(1.,-1.110223024625E-16,0.));
#3288 = DIRECTION('',(1.110223024625E-16,1.,0.));
#3289 = ADVANCED_FACE('',(#3290),#3340,.F.);
#3290 = FACE_BOUND('',#3291,.F.);
#3291 = EDGE_LOOP('',(#3292,#3293,#3294,#3302,#3310,#3318,#3326,#3334));
#3292 = ORIENTED_EDGE('',*,*,#1383,.F.);
#3293 = ORIENTED_EDGE('',*,*,#3278,.T.);
#3294 = ORIENTED_EDGE('',*,*,#3295,.T.);
#3295 = EDGE_CURVE('',#3271,#3296,#3298,.T.);
#3296 = VERTEX_POINT('',#3297);
#3297 = CARTESIAN_POINT('',(0.1,-12.4,0.9));
#3298 = LINE('',#3299,#3300);
#3299 = CARTESIAN_POINT('',(0.3,-12.4,0.9));
#3300 = VECTOR('',#3301,1.);
#3301 = DIRECTION('',(-1.,1.110223024625E-16,0.));
#3302 = ORIENTED_EDGE('',*,*,#3303,.T.);
#3303 = EDGE_CURVE('',#3296,#3304,#3306,.T.);
#3304 = VERTEX_POINT('',#3305);
#3305 = CARTESIAN_POINT('',(0.1,-12.4,7.4));
#3306 = LINE('',#3307,#3308);
#3307 = CARTESIAN_POINT('',(0.1,-12.4,6.055738799212));
#3308 = VECTOR('',#3309,1.);
#3309 = DIRECTION('',(0.,-0.,1.));
#3310 = ORIENTED_EDGE('',*,*,#3311,.F.);
#3311 = EDGE_CURVE('',#3312,#3304,#3314,.T.);
#3312 = VERTEX_POINT('',#3313);
#3313 = CARTESIAN_POINT('',(-0.1,-12.4,7.4));
#3314 = LINE('',#3315,#3316);
#3315 = CARTESIAN_POINT('',(-0.1,-12.4,7.4));
#3316 = VECTOR('',#3317,1.);
#3317 = DIRECTION('',(1.,-1.110223024625E-16,0.));
#3318 = ORIENTED_EDGE('',*,*,#3319,.F.);
#3319 = EDGE_CURVE('',#3320,#3312,#3322,.T.);
#3320 = VERTEX_POINT('',#3321);
#3321 = CARTESIAN_POINT('',(-0.1,-12.4,0.9));
#3322 = LINE('',#3323,#3324);
#3323 = CARTESIAN_POINT('',(-0.1,-12.4,6.055738799212));
#3324 = VECTOR('',#3325,1.);
#3325 = DIRECTION('',(0.,-0.,1.));
#3326 = ORIENTED_EDGE('',*,*,#3327,.T.);
#3327 = EDGE_CURVE('',#3320,#3328,#3330,.T.);
#3328 = VERTEX_POINT('',#3329);
#3329 = CARTESIAN_POINT('',(-0.3,-12.4,0.9));
#3330 = LINE('',#3331,#3332);
#3331 = CARTESIAN_POINT('',(0.3,-12.4,0.9));
#3332 = VECTOR('',#3333,1.);
#3333 = DIRECTION('',(-1.,1.110223024625E-16,0.));
#3334 = ORIENTED_EDGE('',*,*,#3335,.F.);
#3335 = EDGE_CURVE('',#1376,#3328,#3336,.T.);
#3336 = LINE('',#3337,#3338);
#3337 = CARTESIAN_POINT('',(-0.3,-12.4,8.2));
#3338 = VECTOR('',#3339,1.);
#3339 = DIRECTION('',(0.,-0.,-1.));
#3340 = PLANE('',#3341);
#3341 = AXIS2_PLACEMENT_3D('',#3342,#3343,#3344);
#3342 = CARTESIAN_POINT('',(0.3,-12.4,8.2));
#3343 = DIRECTION('',(1.110223024625E-16,1.,0.));
#3344 = DIRECTION('',(-1.,1.110223024625E-16,0.));
#3345 = ADVANCED_FACE('',(#3346),#3364,.F.);
#3346 = FACE_BOUND('',#3347,.F.);
#3347 = EDGE_LOOP('',(#3348,#3349,#3357,#3363));
#3348 = ORIENTED_EDGE('',*,*,#3335,.T.);
#3349 = ORIENTED_EDGE('',*,*,#3350,.T.);
#3350 = EDGE_CURVE('',#3328,#3351,#3353,.T.);
#3351 = VERTEX_POINT('',#3352);
#3352 = CARTESIAN_POINT('',(-0.3,-13.,0.9));
#3353 = LINE('',#3354,#3355);
#3354 = CARTESIAN_POINT('',(-0.3,-12.4,0.9));
#3355 = VECTOR('',#3356,1.);
#3356 = DIRECTION('',(-1.110223024625E-16,-1.,0.));
#3357 = ORIENTED_EDGE('',*,*,#3358,.F.);
#3358 = EDGE_CURVE('',#1400,#3351,#3359,.T.);
#3359 = LINE('',#3360,#3361);
#3360 = CARTESIAN_POINT('',(-0.3,-13.,8.2));
#3361 = VECTOR('',#3362,1.);
#3362 = DIRECTION('',(0.,-0.,-1.));
#3363 = ORIENTED_EDGE('',*,*,#1407,.F.);
#3364 = PLANE('',#3365);
#3365 = AXIS2_PLACEMENT_3D('',#3366,#3367,#3368);
#3366 = CARTESIAN_POINT('',(-0.3,-12.4,8.2));
#3367 = DIRECTION('',(-1.,1.110223024625E-16,0.));
#3368 = DIRECTION('',(-1.110223024625E-16,-1.,0.));
#3369 = ADVANCED_FACE('',(#3370),#3413,.F.);
#3370 = FACE_BOUND('',#3371,.F.);
#3371 = EDGE_LOOP('',(#3372,#3373,#3374,#3382,#3390,#3398,#3406,#3412));
#3372 = ORIENTED_EDGE('',*,*,#1424,.F.);
#3373 = ORIENTED_EDGE('',*,*,#3358,.T.);
#3374 = ORIENTED_EDGE('',*,*,#3375,.T.);
#3375 = EDGE_CURVE('',#3351,#3376,#3378,.T.);
#3376 = VERTEX_POINT('',#3377);
#3377 = CARTESIAN_POINT('',(-0.1,-13.,0.9));
#3378 = LINE('',#3379,#3380);
#3379 = CARTESIAN_POINT('',(-0.3,-13.,0.9));
#3380 = VECTOR('',#3381,1.);
#3381 = DIRECTION('',(1.,-1.110223024625E-16,0.));
#3382 = ORIENTED_EDGE('',*,*,#3383,.F.);
#3383 = EDGE_CURVE('',#3384,#3376,#3386,.T.);
#3384 = VERTEX_POINT('',#3385);
#3385 = CARTESIAN_POINT('',(-0.1,-13.,7.4));
#3386 = LINE('',#3387,#3388);
#3387 = CARTESIAN_POINT('',(-0.1,-13.,6.055738799212));
#3388 = VECTOR('',#3389,1.);
#3389 = DIRECTION('',(-0.,0.,-1.));
#3390 = ORIENTED_EDGE('',*,*,#3391,.T.);
#3391 = EDGE_CURVE('',#3384,#3392,#3394,.T.);
#3392 = VERTEX_POINT('',#3393);
#3393 = CARTESIAN_POINT('',(0.1,-13.,7.4));
#3394 = LINE('',#3395,#3396);
#3395 = CARTESIAN_POINT('',(-0.1,-13.,7.4));
#3396 = VECTOR('',#3397,1.);
#3397 = DIRECTION('',(1.,-1.110223024625E-16,0.));
#3398 = ORIENTED_EDGE('',*,*,#3399,.T.);
#3399 = EDGE_CURVE('',#3392,#3400,#3402,.T.);
#3400 = VERTEX_POINT('',#3401);
#3401 = CARTESIAN_POINT('',(0.1,-13.,0.9));
#3402 = LINE('',#3403,#3404);
#3403 = CARTESIAN_POINT('',(0.1,-13.,6.055738799212));
#3404 = VECTOR('',#3405,1.);
#3405 = DIRECTION('',(-0.,0.,-1.));
#3406 = ORIENTED_EDGE('',*,*,#3407,.T.);
#3407 = EDGE_CURVE('',#3400,#3263,#3408,.T.);
#3408 = LINE('',#3409,#3410);
#3409 = CARTESIAN_POINT('',(-0.3,-13.,0.9));
#3410 = VECTOR('',#3411,1.);
#3411 = DIRECTION('',(1.,-1.110223024625E-16,0.));
#3412 = ORIENTED_EDGE('',*,*,#3262,.F.);
#3413 = PLANE('',#3414);
#3414 = AXIS2_PLACEMENT_3D('',#3415,#3416,#3417);
#3415 = CARTESIAN_POINT('',(-0.3,-13.,8.2));
#3416 = DIRECTION('',(-1.110223024625E-16,-1.,0.));
#3417 = DIRECTION('',(1.,-1.110223024625E-16,0.));
#3418 = ADVANCED_FACE('',(#3419),#3444,.F.);
#3419 = FACE_BOUND('',#3420,.F.);
#3420 = EDGE_LOOP('',(#3421,#3429,#3437,#3443));
#3421 = ORIENTED_EDGE('',*,*,#3422,.T.);
#3422 = EDGE_CURVE('',#1439,#3423,#3425,.T.);
#3423 = VERTEX_POINT('',#3424);
#3424 = CARTESIAN_POINT('',(0.3,-10.46,0.9));
#3425 = LINE('',#3426,#3427);
#3426 = CARTESIAN_POINT('',(0.3,-10.46,8.2));
#3427 = VECTOR('',#3428,1.);
#3428 = DIRECTION('',(0.,-0.,-1.));
#3429 = ORIENTED_EDGE('',*,*,#3430,.T.);
#3430 = EDGE_CURVE('',#3423,#3431,#3433,.T.);
#3431 = VERTEX_POINT('',#3432);
#3432 = CARTESIAN_POINT('',(0.3,-9.86,0.9));
#3433 = LINE('',#3434,#3435);
#3434 = CARTESIAN_POINT('',(0.3,-10.46,0.9));
#3435 = VECTOR('',#3436,1.);
#3436 = DIRECTION('',(1.110223024625E-16,1.,0.));
#3437 = ORIENTED_EDGE('',*,*,#3438,.F.);
#3438 = EDGE_CURVE('',#1448,#3431,#3439,.T.);
#3439 = LINE('',#3440,#3441);
#3440 = CARTESIAN_POINT('',(0.3,-9.86,8.2));
#3441 = VECTOR('',#3442,1.);
#3442 = DIRECTION('',(0.,-0.,-1.));
#3443 = ORIENTED_EDGE('',*,*,#1455,.F.);
#3444 = PLANE('',#3445);
#3445 = AXIS2_PLACEMENT_3D('',#3446,#3447,#3448);
#3446 = CARTESIAN_POINT('',(0.3,-10.46,8.2));
#3447 = DIRECTION('',(1.,-1.110223024625E-16,0.));
#3448 = DIRECTION('',(1.110223024625E-16,1.,0.));
#3449 = ADVANCED_FACE('',(#3450),#3500,.F.);
#3450 = FACE_BOUND('',#3451,.F.);
#3451 = EDGE_LOOP('',(#3452,#3453,#3454,#3462,#3470,#3478,#3486,#3494));
#3452 = ORIENTED_EDGE('',*,*,#1479,.F.);
#3453 = ORIENTED_EDGE('',*,*,#3438,.T.);
#3454 = ORIENTED_EDGE('',*,*,#3455,.T.);
#3455 = EDGE_CURVE('',#3431,#3456,#3458,.T.);
#3456 = VERTEX_POINT('',#3457);
#3457 = CARTESIAN_POINT('',(0.1,-9.86,0.9));
#3458 = LINE('',#3459,#3460);
#3459 = CARTESIAN_POINT('',(0.3,-9.86,0.9));
#3460 = VECTOR('',#3461,1.);
#3461 = DIRECTION('',(-1.,1.110223024625E-16,0.));
#3462 = ORIENTED_EDGE('',*,*,#3463,.T.);
#3463 = EDGE_CURVE('',#3456,#3464,#3466,.T.);
#3464 = VERTEX_POINT('',#3465);
#3465 = CARTESIAN_POINT('',(0.1,-9.86,7.4));
#3466 = LINE('',#3467,#3468);
#3467 = CARTESIAN_POINT('',(0.1,-9.86,6.055738799212));
#3468 = VECTOR('',#3469,1.);
#3469 = DIRECTION('',(0.,-0.,1.));
#3470 = ORIENTED_EDGE('',*,*,#3471,.F.);
#3471 = EDGE_CURVE('',#3472,#3464,#3474,.T.);
#3472 = VERTEX_POINT('',#3473);
#3473 = CARTESIAN_POINT('',(-0.1,-9.86,7.4));
#3474 = LINE('',#3475,#3476);
#3475 = CARTESIAN_POINT('',(-0.1,-9.86,7.4));
#3476 = VECTOR('',#3477,1.);
#3477 = DIRECTION('',(1.,-1.110223024625E-16,0.));
#3478 = ORIENTED_EDGE('',*,*,#3479,.F.);
#3479 = EDGE_CURVE('',#3480,#3472,#3482,.T.);
#3480 = VERTEX_POINT('',#3481);
#3481 = CARTESIAN_POINT('',(-0.1,-9.86,0.9));
#3482 = LINE('',#3483,#3484);
#3483 = CARTESIAN_POINT('',(-0.1,-9.86,6.055738799212));
#3484 = VECTOR('',#3485,1.);
#3485 = DIRECTION('',(0.,-0.,1.));
#3486 = ORIENTED_EDGE('',*,*,#3487,.T.);
#3487 = EDGE_CURVE('',#3480,#3488,#3490,.T.);
#3488 = VERTEX_POINT('',#3489);
#3489 = CARTESIAN_POINT('',(-0.3,-9.86,0.9));
#3490 = LINE('',#3491,#3492);
#3491 = CARTESIAN_POINT('',(0.3,-9.86,0.9));
#3492 = VECTOR('',#3493,1.);
#3493 = DIRECTION('',(-1.,1.110223024625E-16,0.));
#3494 = ORIENTED_EDGE('',*,*,#3495,.F.);
#3495 = EDGE_CURVE('',#1472,#3488,#3496,.T.);
#3496 = LINE('',#3497,#3498);
#3497 = CARTESIAN_POINT('',(-0.3,-9.86,8.2));
#3498 = VECTOR('',#3499,1.);
#3499 = DIRECTION('',(0.,-0.,-1.));
#3500 = PLANE('',#3501);
#3501 = AXIS2_PLACEMENT_3D('',#3502,#3503,#3504);
#3502 = CARTESIAN_POINT('',(0.3,-9.86,8.2));
#3503 = DIRECTION('',(1.110223024625E-16,1.,0.));
#3504 = DIRECTION('',(-1.,1.110223024625E-16,0.));
#3505 = ADVANCED_FACE('',(#3506),#3524,.F.);
#3506 = FACE_BOUND('',#3507,.F.);
#3507 = EDGE_LOOP('',(#3508,#3509,#3517,#3523));
#3508 = ORIENTED_EDGE('',*,*,#3495,.T.);
#3509 = ORIENTED_EDGE('',*,*,#3510,.T.);
#3510 = EDGE_CURVE('',#3488,#3511,#3513,.T.);
#3511 = VERTEX_POINT('',#3512);
#3512 = CARTESIAN_POINT('',(-0.3,-10.46,0.9));
#3513 = LINE('',#3514,#3515);
#3514 = CARTESIAN_POINT('',(-0.3,-9.86,0.9));
#3515 = VECTOR('',#3516,1.);
#3516 = DIRECTION('',(-1.110223024625E-16,-1.,0.));
#3517 = ORIENTED_EDGE('',*,*,#3518,.F.);
#3518 = EDGE_CURVE('',#1496,#3511,#3519,.T.);
#3519 = LINE('',#3520,#3521);
#3520 = CARTESIAN_POINT('',(-0.3,-10.46,8.2));
#3521 = VECTOR('',#3522,1.);
#3522 = DIRECTION('',(0.,-0.,-1.));
#3523 = ORIENTED_EDGE('',*,*,#1503,.F.);
#3524 = PLANE('',#3525);
#3525 = AXIS2_PLACEMENT_3D('',#3526,#3527,#3528);
#3526 = CARTESIAN_POINT('',(-0.3,-9.86,8.2));
#3527 = DIRECTION('',(-1.,1.110223024625E-16,0.));
#3528 = DIRECTION('',(-1.110223024625E-16,-1.,0.));
#3529 = ADVANCED_FACE('',(#3530),#3573,.F.);
#3530 = FACE_BOUND('',#3531,.F.);
#3531 = EDGE_LOOP('',(#3532,#3533,#3534,#3542,#3550,#3558,#3566,#3572));
#3532 = ORIENTED_EDGE('',*,*,#1520,.F.);
#3533 = ORIENTED_EDGE('',*,*,#3518,.T.);
#3534 = ORIENTED_EDGE('',*,*,#3535,.T.);
#3535 = EDGE_CURVE('',#3511,#3536,#3538,.T.);
#3536 = VERTEX_POINT('',#3537);
#3537 = CARTESIAN_POINT('',(-0.1,-10.46,0.9));
#3538 = LINE('',#3539,#3540);
#3539 = CARTESIAN_POINT('',(-0.3,-10.46,0.9));
#3540 = VECTOR('',#3541,1.);
#3541 = DIRECTION('',(1.,-1.110223024625E-16,0.));
#3542 = ORIENTED_EDGE('',*,*,#3543,.F.);
#3543 = EDGE_CURVE('',#3544,#3536,#3546,.T.);
#3544 = VERTEX_POINT('',#3545);
#3545 = CARTESIAN_POINT('',(-0.1,-10.46,7.4));
#3546 = LINE('',#3547,#3548);
#3547 = CARTESIAN_POINT('',(-0.1,-10.46,6.055738799212));
#3548 = VECTOR('',#3549,1.);
#3549 = DIRECTION('',(-0.,0.,-1.));
#3550 = ORIENTED_EDGE('',*,*,#3551,.T.);
#3551 = EDGE_CURVE('',#3544,#3552,#3554,.T.);
#3552 = VERTEX_POINT('',#3553);
#3553 = CARTESIAN_POINT('',(0.1,-10.46,7.4));
#3554 = LINE('',#3555,#3556);
#3555 = CARTESIAN_POINT('',(-0.1,-10.46,7.4));
#3556 = VECTOR('',#3557,1.);
#3557 = DIRECTION('',(1.,-1.110223024625E-16,0.));
#3558 = ORIENTED_EDGE('',*,*,#3559,.T.);
#3559 = EDGE_CURVE('',#3552,#3560,#3562,.T.);
#3560 = VERTEX_POINT('',#3561);
#3561 = CARTESIAN_POINT('',(0.1,-10.46,0.9));
#3562 = LINE('',#3563,#3564);
#3563 = CARTESIAN_POINT('',(0.1,-10.46,6.055738799212));
#3564 = VECTOR('',#3565,1.);
#3565 = DIRECTION('',(-0.,0.,-1.));
#3566 = ORIENTED_EDGE('',*,*,#3567,.T.);
#3567 = EDGE_CURVE('',#3560,#3423,#3568,.T.);
#3568 = LINE('',#3569,#3570);
#3569 = CARTESIAN_POINT('',(-0.3,-10.46,0.9));
#3570 = VECTOR('',#3571,1.);
#3571 = DIRECTION('',(1.,-1.110223024625E-16,0.));
#3572 = ORIENTED_EDGE('',*,*,#3422,.F.);
#3573 = PLANE('',#3574);
#3574 = AXIS2_PLACEMENT_3D('',#3575,#3576,#3577);
#3575 = CARTESIAN_POINT('',(-0.3,-10.46,8.2));
#3576 = DIRECTION('',(-1.110223024625E-16,-1.,0.));
#3577 = DIRECTION('',(1.,-1.110223024625E-16,0.));
#3578 = ADVANCED_FACE('',(#3579),#3604,.F.);
#3579 = FACE_BOUND('',#3580,.F.);
#3580 = EDGE_LOOP('',(#3581,#3589,#3597,#3603));
#3581 = ORIENTED_EDGE('',*,*,#3582,.T.);
#3582 = EDGE_CURVE('',#1535,#3583,#3585,.T.);
#3583 = VERTEX_POINT('',#3584);
#3584 = CARTESIAN_POINT('',(0.3,-7.92,0.9));
#3585 = LINE('',#3586,#3587);
#3586 = CARTESIAN_POINT('',(0.3,-7.92,8.2));
#3587 = VECTOR('',#3588,1.);
#3588 = DIRECTION('',(0.,-0.,-1.));
#3589 = ORIENTED_EDGE('',*,*,#3590,.T.);
#3590 = EDGE_CURVE('',#3583,#3591,#3593,.T.);
#3591 = VERTEX_POINT('',#3592);
#3592 = CARTESIAN_POINT('',(0.3,-7.32,0.9));
#3593 = LINE('',#3594,#3595);
#3594 = CARTESIAN_POINT('',(0.3,-7.92,0.9));
#3595 = VECTOR('',#3596,1.);
#3596 = DIRECTION('',(1.110223024625E-16,1.,0.));
#3597 = ORIENTED_EDGE('',*,*,#3598,.F.);
#3598 = EDGE_CURVE('',#1544,#3591,#3599,.T.);
#3599 = LINE('',#3600,#3601);
#3600 = CARTESIAN_POINT('',(0.3,-7.32,8.2));
#3601 = VECTOR('',#3602,1.);
#3602 = DIRECTION('',(0.,-0.,-1.));
#3603 = ORIENTED_EDGE('',*,*,#1551,.F.);
#3604 = PLANE('',#3605);
#3605 = AXIS2_PLACEMENT_3D('',#3606,#3607,#3608);
#3606 = CARTESIAN_POINT('',(0.3,-7.92,8.2));
#3607 = DIRECTION('',(1.,-1.110223024625E-16,0.));
#3608 = DIRECTION('',(1.110223024625E-16,1.,0.));
#3609 = ADVANCED_FACE('',(#3610),#3660,.F.);
#3610 = FACE_BOUND('',#3611,.F.);
#3611 = EDGE_LOOP('',(#3612,#3613,#3614,#3622,#3630,#3638,#3646,#3654));
#3612 = ORIENTED_EDGE('',*,*,#1575,.F.);
#3613 = ORIENTED_EDGE('',*,*,#3598,.T.);
#3614 = ORIENTED_EDGE('',*,*,#3615,.T.);
#3615 = EDGE_CURVE('',#3591,#3616,#3618,.T.);
#3616 = VERTEX_POINT('',#3617);
#3617 = CARTESIAN_POINT('',(0.1,-7.32,0.9));
#3618 = LINE('',#3619,#3620);
#3619 = CARTESIAN_POINT('',(0.3,-7.32,0.9));
#3620 = VECTOR('',#3621,1.);
#3621 = DIRECTION('',(-1.,1.110223024625E-16,0.));
#3622 = ORIENTED_EDGE('',*,*,#3623,.T.);
#3623 = EDGE_CURVE('',#3616,#3624,#3626,.T.);
#3624 = VERTEX_POINT('',#3625);
#3625 = CARTESIAN_POINT('',(0.1,-7.32,7.4));
#3626 = LINE('',#3627,#3628);
#3627 = CARTESIAN_POINT('',(0.1,-7.32,6.055738799212));
#3628 = VECTOR('',#3629,1.);
#3629 = DIRECTION('',(0.,-0.,1.));
#3630 = ORIENTED_EDGE('',*,*,#3631,.F.);
#3631 = EDGE_CURVE('',#3632,#3624,#3634,.T.);
#3632 = VERTEX_POINT('',#3633);
#3633 = CARTESIAN_POINT('',(-0.1,-7.32,7.4));
#3634 = LINE('',#3635,#3636);
#3635 = CARTESIAN_POINT('',(-0.1,-7.32,7.4));
#3636 = VECTOR('',#3637,1.);
#3637 = DIRECTION('',(1.,-1.110223024625E-16,0.));
#3638 = ORIENTED_EDGE('',*,*,#3639,.F.);
#3639 = EDGE_CURVE('',#3640,#3632,#3642,.T.);
#3640 = VERTEX_POINT('',#3641);
#3641 = CARTESIAN_POINT('',(-0.1,-7.32,0.9));
#3642 = LINE('',#3643,#3644);
#3643 = CARTESIAN_POINT('',(-0.1,-7.32,6.055738799212));
#3644 = VECTOR('',#3645,1.);
#3645 = DIRECTION('',(0.,-0.,1.));
#3646 = ORIENTED_EDGE('',*,*,#3647,.T.);
#3647 = EDGE_CURVE('',#3640,#3648,#3650,.T.);
#3648 = VERTEX_POINT('',#3649);
#3649 = CARTESIAN_POINT('',(-0.3,-7.32,0.9));
#3650 = LINE('',#3651,#3652);
#3651 = CARTESIAN_POINT('',(0.3,-7.32,0.9));
#3652 = VECTOR('',#3653,1.);
#3653 = DIRECTION('',(-1.,1.110223024625E-16,0.));
#3654 = ORIENTED_EDGE('',*,*,#3655,.F.);
#3655 = EDGE_CURVE('',#1568,#3648,#3656,.T.);
#3656 = LINE('',#3657,#3658);
#3657 = CARTESIAN_POINT('',(-0.3,-7.32,8.2));
#3658 = VECTOR('',#3659,1.);
#3659 = DIRECTION('',(0.,-0.,-1.));
#3660 = PLANE('',#3661);
#3661 = AXIS2_PLACEMENT_3D('',#3662,#3663,#3664);
#3662 = CARTESIAN_POINT('',(0.3,-7.32,8.2));
#3663 = DIRECTION('',(1.110223024625E-16,1.,0.));
#3664 = DIRECTION('',(-1.,1.110223024625E-16,0.));
#3665 = ADVANCED_FACE('',(#3666),#3684,.F.);
#3666 = FACE_BOUND('',#3667,.F.);
#3667 = EDGE_LOOP('',(#3668,#3669,#3677,#3683));
#3668 = ORIENTED_EDGE('',*,*,#3655,.T.);
#3669 = ORIENTED_EDGE('',*,*,#3670,.T.);
#3670 = EDGE_CURVE('',#3648,#3671,#3673,.T.);
#3671 = VERTEX_POINT('',#3672);
#3672 = CARTESIAN_POINT('',(-0.3,-7.92,0.9));
#3673 = LINE('',#3674,#3675);
#3674 = CARTESIAN_POINT('',(-0.3,-7.32,0.9));
#3675 = VECTOR('',#3676,1.);
#3676 = DIRECTION('',(-1.110223024625E-16,-1.,0.));
#3677 = ORIENTED_EDGE('',*,*,#3678,.F.);
#3678 = EDGE_CURVE('',#1592,#3671,#3679,.T.);
#3679 = LINE('',#3680,#3681);
#3680 = CARTESIAN_POINT('',(-0.3,-7.92,8.2));
#3681 = VECTOR('',#3682,1.);
#3682 = DIRECTION('',(0.,-0.,-1.));
#3683 = ORIENTED_EDGE('',*,*,#1599,.F.);
#3684 = PLANE('',#3685);
#3685 = AXIS2_PLACEMENT_3D('',#3686,#3687,#3688);
#3686 = CARTESIAN_POINT('',(-0.3,-7.32,8.2));
#3687 = DIRECTION('',(-1.,1.110223024625E-16,0.));
#3688 = DIRECTION('',(-1.110223024625E-16,-1.,0.));
#3689 = ADVANCED_FACE('',(#3690),#3733,.F.);
#3690 = FACE_BOUND('',#3691,.F.);
#3691 = EDGE_LOOP('',(#3692,#3693,#3694,#3702,#3710,#3718,#3726,#3732));
#3692 = ORIENTED_EDGE('',*,*,#1616,.F.);
#3693 = ORIENTED_EDGE('',*,*,#3678,.T.);
#3694 = ORIENTED_EDGE('',*,*,#3695,.T.);
#3695 = EDGE_CURVE('',#3671,#3696,#3698,.T.);
#3696 = VERTEX_POINT('',#3697);
#3697 = CARTESIAN_POINT('',(-0.1,-7.92,0.9));
#3698 = LINE('',#3699,#3700);
#3699 = CARTESIAN_POINT('',(-0.3,-7.92,0.9));
#3700 = VECTOR('',#3701,1.);
#3701 = DIRECTION('',(1.,-1.110223024625E-16,0.));
#3702 = ORIENTED_EDGE('',*,*,#3703,.F.);
#3703 = EDGE_CURVE('',#3704,#3696,#3706,.T.);
#3704 = VERTEX_POINT('',#3705);
#3705 = CARTESIAN_POINT('',(-0.1,-7.92,7.4));
#3706 = LINE('',#3707,#3708);
#3707 = CARTESIAN_POINT('',(-0.1,-7.92,6.055738799212));
#3708 = VECTOR('',#3709,1.);
#3709 = DIRECTION('',(-0.,0.,-1.));
#3710 = ORIENTED_EDGE('',*,*,#3711,.T.);
#3711 = EDGE_CURVE('',#3704,#3712,#3714,.T.);
#3712 = VERTEX_POINT('',#3713);
#3713 = CARTESIAN_POINT('',(0.1,-7.92,7.4));
#3714 = LINE('',#3715,#3716);
#3715 = CARTESIAN_POINT('',(-0.1,-7.92,7.4));
#3716 = VECTOR('',#3717,1.);
#3717 = DIRECTION('',(1.,-1.110223024625E-16,0.));
#3718 = ORIENTED_EDGE('',*,*,#3719,.T.);
#3719 = EDGE_CURVE('',#3712,#3720,#3722,.T.);
#3720 = VERTEX_POINT('',#3721);
#3721 = CARTESIAN_POINT('',(0.1,-7.92,0.9));
#3722 = LINE('',#3723,#3724);
#3723 = CARTESIAN_POINT('',(0.1,-7.92,6.055738799212));
#3724 = VECTOR('',#3725,1.);
#3725 = DIRECTION('',(-0.,0.,-1.));
#3726 = ORIENTED_EDGE('',*,*,#3727,.T.);
#3727 = EDGE_CURVE('',#3720,#3583,#3728,.T.);
#3728 = LINE('',#3729,#3730);
#3729 = CARTESIAN_POINT('',(-0.3,-7.92,0.9));
#3730 = VECTOR('',#3731,1.);
#3731 = DIRECTION('',(1.,-1.110223024625E-16,0.));
#3732 = ORIENTED_EDGE('',*,*,#3582,.F.);
#3733 = PLANE('',#3734);
#3734 = AXIS2_PLACEMENT_3D('',#3735,#3736,#3737);
#3735 = CARTESIAN_POINT('',(-0.3,-7.92,8.2));
#3736 = DIRECTION('',(-1.110223024625E-16,-1.,0.));
#3737 = DIRECTION('',(1.,-1.110223024625E-16,0.));
#3738 = ADVANCED_FACE('',(#3739),#3764,.F.);
#3739 = FACE_BOUND('',#3740,.F.);
#3740 = EDGE_LOOP('',(#3741,#3749,#3757,#3763));
#3741 = ORIENTED_EDGE('',*,*,#3742,.T.);
#3742 = EDGE_CURVE('',#1631,#3743,#3745,.T.);
#3743 = VERTEX_POINT('',#3744);
#3744 = CARTESIAN_POINT('',(0.3,-5.38,0.9));
#3745 = LINE('',#3746,#3747);
#3746 = CARTESIAN_POINT('',(0.3,-5.38,8.2));
#3747 = VECTOR('',#3748,1.);
#3748 = DIRECTION('',(0.,-0.,-1.));
#3749 = ORIENTED_EDGE('',*,*,#3750,.T.);
#3750 = EDGE_CURVE('',#3743,#3751,#3753,.T.);
#3751 = VERTEX_POINT('',#3752);
#3752 = CARTESIAN_POINT('',(0.3,-4.78,0.9));
#3753 = LINE('',#3754,#3755);
#3754 = CARTESIAN_POINT('',(0.3,-5.38,0.9));
#3755 = VECTOR('',#3756,1.);
#3756 = DIRECTION('',(1.110223024625E-16,1.,0.));
#3757 = ORIENTED_EDGE('',*,*,#3758,.F.);
#3758 = EDGE_CURVE('',#1640,#3751,#3759,.T.);
#3759 = LINE('',#3760,#3761);
#3760 = CARTESIAN_POINT('',(0.3,-4.78,8.2));
#3761 = VECTOR('',#3762,1.);
#3762 = DIRECTION('',(0.,-0.,-1.));
#3763 = ORIENTED_EDGE('',*,*,#1647,.F.);
#3764 = PLANE('',#3765);
#3765 = AXIS2_PLACEMENT_3D('',#3766,#3767,#3768);
#3766 = CARTESIAN_POINT('',(0.3,-5.38,8.2));
#3767 = DIRECTION('',(1.,-1.110223024625E-16,0.));
#3768 = DIRECTION('',(1.110223024625E-16,1.,0.));
#3769 = ADVANCED_FACE('',(#3770),#3820,.F.);
#3770 = FACE_BOUND('',#3771,.F.);
#3771 = EDGE_LOOP('',(#3772,#3773,#3774,#3782,#3790,#3798,#3806,#3814));
#3772 = ORIENTED_EDGE('',*,*,#1671,.F.);
#3773 = ORIENTED_EDGE('',*,*,#3758,.T.);
#3774 = ORIENTED_EDGE('',*,*,#3775,.T.);
#3775 = EDGE_CURVE('',#3751,#3776,#3778,.T.);
#3776 = VERTEX_POINT('',#3777);
#3777 = CARTESIAN_POINT('',(0.1,-4.78,0.9));
#3778 = LINE('',#3779,#3780);
#3779 = CARTESIAN_POINT('',(0.3,-4.78,0.9));
#3780 = VECTOR('',#3781,1.);
#3781 = DIRECTION('',(-1.,1.110223024625E-16,0.));
#3782 = ORIENTED_EDGE('',*,*,#3783,.T.);
#3783 = EDGE_CURVE('',#3776,#3784,#3786,.T.);
#3784 = VERTEX_POINT('',#3785);
#3785 = CARTESIAN_POINT('',(0.1,-4.78,7.4));
#3786 = LINE('',#3787,#3788);
#3787 = CARTESIAN_POINT('',(0.1,-4.78,6.055738799212));
#3788 = VECTOR('',#3789,1.);
#3789 = DIRECTION('',(0.,-0.,1.));
#3790 = ORIENTED_EDGE('',*,*,#3791,.F.);
#3791 = EDGE_CURVE('',#3792,#3784,#3794,.T.);
#3792 = VERTEX_POINT('',#3793);
#3793 = CARTESIAN_POINT('',(-0.1,-4.78,7.4));
#3794 = LINE('',#3795,#3796);
#3795 = CARTESIAN_POINT('',(-0.1,-4.78,7.4));
#3796 = VECTOR('',#3797,1.);
#3797 = DIRECTION('',(1.,-1.110223024625E-16,0.));
#3798 = ORIENTED_EDGE('',*,*,#3799,.F.);
#3799 = EDGE_CURVE('',#3800,#3792,#3802,.T.);
#3800 = VERTEX_POINT('',#3801);
#3801 = CARTESIAN_POINT('',(-0.1,-4.78,0.9));
#3802 = LINE('',#3803,#3804);
#3803 = CARTESIAN_POINT('',(-0.1,-4.78,6.055738799212));
#3804 = VECTOR('',#3805,1.);
#3805 = DIRECTION('',(0.,-0.,1.));
#3806 = ORIENTED_EDGE('',*,*,#3807,.T.);
#3807 = EDGE_CURVE('',#3800,#3808,#3810,.T.);
#3808 = VERTEX_POINT('',#3809);
#3809 = CARTESIAN_POINT('',(-0.3,-4.78,0.9));
#3810 = LINE('',#3811,#3812);
#3811 = CARTESIAN_POINT('',(0.3,-4.78,0.9));
#3812 = VECTOR('',#3813,1.);
#3813 = DIRECTION('',(-1.,1.110223024625E-16,0.));
#3814 = ORIENTED_EDGE('',*,*,#3815,.F.);
#3815 = EDGE_CURVE('',#1664,#3808,#3816,.T.);
#3816 = LINE('',#3817,#3818);
#3817 = CARTESIAN_POINT('',(-0.3,-4.78,8.2));
#3818 = VECTOR('',#3819,1.);
#3819 = DIRECTION('',(0.,-0.,-1.));
#3820 = PLANE('',#3821);
#3821 = AXIS2_PLACEMENT_3D('',#3822,#3823,#3824);
#3822 = CARTESIAN_POINT('',(0.3,-4.78,8.2));
#3823 = DIRECTION('',(1.110223024625E-16,1.,0.));
#3824 = DIRECTION('',(-1.,1.110223024625E-16,0.));
#3825 = ADVANCED_FACE('',(#3826),#3844,.F.);
#3826 = FACE_BOUND('',#3827,.F.);
#3827 = EDGE_LOOP('',(#3828,#3829,#3837,#3843));
#3828 = ORIENTED_EDGE('',*,*,#3815,.T.);
#3829 = ORIENTED_EDGE('',*,*,#3830,.T.);
#3830 = EDGE_CURVE('',#3808,#3831,#3833,.T.);
#3831 = VERTEX_POINT('',#3832);
#3832 = CARTESIAN_POINT('',(-0.3,-5.38,0.9));
#3833 = LINE('',#3834,#3835);
#3834 = CARTESIAN_POINT('',(-0.3,-4.78,0.9));
#3835 = VECTOR('',#3836,1.);
#3836 = DIRECTION('',(-1.110223024625E-16,-1.,0.));
#3837 = ORIENTED_EDGE('',*,*,#3838,.F.);
#3838 = EDGE_CURVE('',#1688,#3831,#3839,.T.);
#3839 = LINE('',#3840,#3841);
#3840 = CARTESIAN_POINT('',(-0.3,-5.38,8.2));
#3841 = VECTOR('',#3842,1.);
#3842 = DIRECTION('',(0.,-0.,-1.));
#3843 = ORIENTED_EDGE('',*,*,#1695,.F.);
#3844 = PLANE('',#3845);
#3845 = AXIS2_PLACEMENT_3D('',#3846,#3847,#3848);
#3846 = CARTESIAN_POINT('',(-0.3,-4.78,8.2));
#3847 = DIRECTION('',(-1.,1.110223024625E-16,0.));
#3848 = DIRECTION('',(-1.110223024625E-16,-1.,0.));
#3849 = ADVANCED_FACE('',(#3850),#3893,.F.);
#3850 = FACE_BOUND('',#3851,.F.);
#3851 = EDGE_LOOP('',(#3852,#3853,#3854,#3862,#3870,#3878,#3886,#3892));
#3852 = ORIENTED_EDGE('',*,*,#1712,.F.);
#3853 = ORIENTED_EDGE('',*,*,#3838,.T.);
#3854 = ORIENTED_EDGE('',*,*,#3855,.T.);
#3855 = EDGE_CURVE('',#3831,#3856,#3858,.T.);
#3856 = VERTEX_POINT('',#3857);
#3857 = CARTESIAN_POINT('',(-0.1,-5.38,0.9));
#3858 = LINE('',#3859,#3860);
#3859 = CARTESIAN_POINT('',(-0.3,-5.38,0.9));
#3860 = VECTOR('',#3861,1.);
#3861 = DIRECTION('',(1.,-1.110223024625E-16,0.));
#3862 = ORIENTED_EDGE('',*,*,#3863,.F.);
#3863 = EDGE_CURVE('',#3864,#3856,#3866,.T.);
#3864 = VERTEX_POINT('',#3865);
#3865 = CARTESIAN_POINT('',(-0.1,-5.38,7.4));
#3866 = LINE('',#3867,#3868);
#3867 = CARTESIAN_POINT('',(-0.1,-5.38,6.055738799212));
#3868 = VECTOR('',#3869,1.);
#3869 = DIRECTION('',(-0.,0.,-1.));
#3870 = ORIENTED_EDGE('',*,*,#3871,.T.);
#3871 = EDGE_CURVE('',#3864,#3872,#3874,.T.);
#3872 = VERTEX_POINT('',#3873);
#3873 = CARTESIAN_POINT('',(0.1,-5.38,7.4));
#3874 = LINE('',#3875,#3876);
#3875 = CARTESIAN_POINT('',(-0.1,-5.38,7.4));
#3876 = VECTOR('',#3877,1.);
#3877 = DIRECTION('',(1.,-1.110223024625E-16,0.));
#3878 = ORIENTED_EDGE('',*,*,#3879,.T.);
#3879 = EDGE_CURVE('',#3872,#3880,#3882,.T.);
#3880 = VERTEX_POINT('',#3881);
#3881 = CARTESIAN_POINT('',(0.1,-5.38,0.9));
#3882 = LINE('',#3883,#3884);
#3883 = CARTESIAN_POINT('',(0.1,-5.38,6.055738799212));
#3884 = VECTOR('',#3885,1.);
#3885 = DIRECTION('',(-0.,0.,-1.));
#3886 = ORIENTED_EDGE('',*,*,#3887,.T.);
#3887 = EDGE_CURVE('',#3880,#3743,#3888,.T.);
#3888 = LINE('',#3889,#3890);
#3889 = CARTESIAN_POINT('',(-0.3,-5.38,0.9));
#3890 = VECTOR('',#3891,1.);
#3891 = DIRECTION('',(1.,-1.110223024625E-16,0.));
#3892 = ORIENTED_EDGE('',*,*,#3742,.F.);
#3893 = PLANE('',#3894);
#3894 = AXIS2_PLACEMENT_3D('',#3895,#3896,#3897);
#3895 = CARTESIAN_POINT('',(-0.3,-5.38,8.2));
#3896 = DIRECTION('',(-1.110223024625E-16,-1.,0.));
#3897 = DIRECTION('',(1.,-1.110223024625E-16,0.));
#3898 = ADVANCED_FACE('',(#3899),#3924,.F.);
#3899 = FACE_BOUND('',#3900,.F.);
#3900 = EDGE_LOOP('',(#3901,#3909,#3917,#3923));
#3901 = ORIENTED_EDGE('',*,*,#3902,.T.);
#3902 = EDGE_CURVE('',#1727,#3903,#3905,.T.);
#3903 = VERTEX_POINT('',#3904);
#3904 = CARTESIAN_POINT('',(0.3,-2.84,0.9));
#3905 = LINE('',#3906,#3907);
#3906 = CARTESIAN_POINT('',(0.3,-2.84,8.2));
#3907 = VECTOR('',#3908,1.);
#3908 = DIRECTION('',(0.,-0.,-1.));
#3909 = ORIENTED_EDGE('',*,*,#3910,.T.);
#3910 = EDGE_CURVE('',#3903,#3911,#3913,.T.);
#3911 = VERTEX_POINT('',#3912);
#3912 = CARTESIAN_POINT('',(0.3,-2.24,0.9));
#3913 = LINE('',#3914,#3915);
#3914 = CARTESIAN_POINT('',(0.3,-2.84,0.9));
#3915 = VECTOR('',#3916,1.);
#3916 = DIRECTION('',(1.110223024625E-16,1.,0.));
#3917 = ORIENTED_EDGE('',*,*,#3918,.F.);
#3918 = EDGE_CURVE('',#1736,#3911,#3919,.T.);
#3919 = LINE('',#3920,#3921);
#3920 = CARTESIAN_POINT('',(0.3,-2.24,8.2));
#3921 = VECTOR('',#3922,1.);
#3922 = DIRECTION('',(0.,-0.,-1.));
#3923 = ORIENTED_EDGE('',*,*,#1743,.F.);
#3924 = PLANE('',#3925);
#3925 = AXIS2_PLACEMENT_3D('',#3926,#3927,#3928);
#3926 = CARTESIAN_POINT('',(0.3,-2.84,8.2));
#3927 = DIRECTION('',(1.,-1.110223024625E-16,0.));
#3928 = DIRECTION('',(1.110223024625E-16,1.,0.));
#3929 = ADVANCED_FACE('',(#3930),#3980,.F.);
#3930 = FACE_BOUND('',#3931,.F.);
#3931 = EDGE_LOOP('',(#3932,#3933,#3934,#3942,#3950,#3958,#3966,#3974));
#3932 = ORIENTED_EDGE('',*,*,#1767,.F.);
#3933 = ORIENTED_EDGE('',*,*,#3918,.T.);
#3934 = ORIENTED_EDGE('',*,*,#3935,.T.);
#3935 = EDGE_CURVE('',#3911,#3936,#3938,.T.);
#3936 = VERTEX_POINT('',#3937);
#3937 = CARTESIAN_POINT('',(0.1,-2.24,0.9));
#3938 = LINE('',#3939,#3940);
#3939 = CARTESIAN_POINT('',(0.3,-2.24,0.9));
#3940 = VECTOR('',#3941,1.);
#3941 = DIRECTION('',(-1.,1.110223024625E-16,0.));
#3942 = ORIENTED_EDGE('',*,*,#3943,.T.);
#3943 = EDGE_CURVE('',#3936,#3944,#3946,.T.);
#3944 = VERTEX_POINT('',#3945);
#3945 = CARTESIAN_POINT('',(0.1,-2.24,7.4));
#3946 = LINE('',#3947,#3948);
#3947 = CARTESIAN_POINT('',(0.1,-2.24,6.055738799212));
#3948 = VECTOR('',#3949,1.);
#3949 = DIRECTION('',(0.,-0.,1.));
#3950 = ORIENTED_EDGE('',*,*,#3951,.F.);
#3951 = EDGE_CURVE('',#3952,#3944,#3954,.T.);
#3952 = VERTEX_POINT('',#3953);
#3953 = CARTESIAN_POINT('',(-0.1,-2.24,7.4));
#3954 = LINE('',#3955,#3956);
#3955 = CARTESIAN_POINT('',(-0.1,-2.24,7.4));
#3956 = VECTOR('',#3957,1.);
#3957 = DIRECTION('',(1.,-1.110223024625E-16,0.));
#3958 = ORIENTED_EDGE('',*,*,#3959,.F.);
#3959 = EDGE_CURVE('',#3960,#3952,#3962,.T.);
#3960 = VERTEX_POINT('',#3961);
#3961 = CARTESIAN_POINT('',(-0.1,-2.24,0.9));
#3962 = LINE('',#3963,#3964);
#3963 = CARTESIAN_POINT('',(-0.1,-2.24,6.055738799212));
#3964 = VECTOR('',#3965,1.);
#3965 = DIRECTION('',(0.,-0.,1.));
#3966 = ORIENTED_EDGE('',*,*,#3967,.T.);
#3967 = EDGE_CURVE('',#3960,#3968,#3970,.T.);
#3968 = VERTEX_POINT('',#3969);
#3969 = CARTESIAN_POINT('',(-0.3,-2.24,0.9));
#3970 = LINE('',#3971,#3972);
#3971 = CARTESIAN_POINT('',(0.3,-2.24,0.9));
#3972 = VECTOR('',#3973,1.);
#3973 = DIRECTION('',(-1.,1.110223024625E-16,0.));
#3974 = ORIENTED_EDGE('',*,*,#3975,.F.);
#3975 = EDGE_CURVE('',#1760,#3968,#3976,.T.);
#3976 = LINE('',#3977,#3978);
#3977 = CARTESIAN_POINT('',(-0.3,-2.24,8.2));
#3978 = VECTOR('',#3979,1.);
#3979 = DIRECTION('',(0.,-0.,-1.));
#3980 = PLANE('',#3981);
#3981 = AXIS2_PLACEMENT_3D('',#3982,#3983,#3984);
#3982 = CARTESIAN_POINT('',(0.3,-2.24,8.2));
#3983 = DIRECTION('',(1.110223024625E-16,1.,0.));
#3984 = DIRECTION('',(-1.,1.110223024625E-16,0.));
#3985 = ADVANCED_FACE('',(#3986),#4004,.F.);
#3986 = FACE_BOUND('',#3987,.F.);
#3987 = EDGE_LOOP('',(#3988,#3989,#3997,#4003));
#3988 = ORIENTED_EDGE('',*,*,#3975,.T.);
#3989 = ORIENTED_EDGE('',*,*,#3990,.T.);
#3990 = EDGE_CURVE('',#3968,#3991,#3993,.T.);
#3991 = VERTEX_POINT('',#3992);
#3992 = CARTESIAN_POINT('',(-0.3,-2.84,0.9));
#3993 = LINE('',#3994,#3995);
#3994 = CARTESIAN_POINT('',(-0.3,-2.24,0.9));
#3995 = VECTOR('',#3996,1.);
#3996 = DIRECTION('',(-1.110223024625E-16,-1.,0.));
#3997 = ORIENTED_EDGE('',*,*,#3998,.F.);
#3998 = EDGE_CURVE('',#1784,#3991,#3999,.T.);
#3999 = LINE('',#4000,#4001);
#4000 = CARTESIAN_POINT('',(-0.3,-2.84,8.2));
#4001 = VECTOR('',#4002,1.);
#4002 = DIRECTION('',(0.,-0.,-1.));
#4003 = ORIENTED_EDGE('',*,*,#1791,.F.);
#4004 = PLANE('',#4005);
#4005 = AXIS2_PLACEMENT_3D('',#4006,#4007,#4008);
#4006 = CARTESIAN_POINT('',(-0.3,-2.24,8.2));
#4007 = DIRECTION('',(-1.,1.110223024625E-16,0.));
#4008 = DIRECTION('',(-1.110223024625E-16,-1.,0.));
#4009 = ADVANCED_FACE('',(#4010),#4053,.F.);
#4010 = FACE_BOUND('',#4011,.F.);
#4011 = EDGE_LOOP('',(#4012,#4013,#4014,#4022,#4030,#4038,#4046,#4052));
#4012 = ORIENTED_EDGE('',*,*,#1808,.F.);
#4013 = ORIENTED_EDGE('',*,*,#3998,.T.);
#4014 = ORIENTED_EDGE('',*,*,#4015,.T.);
#4015 = EDGE_CURVE('',#3991,#4016,#4018,.T.);
#4016 = VERTEX_POINT('',#4017);
#4017 = CARTESIAN_POINT('',(-0.1,-2.84,0.9));
#4018 = LINE('',#4019,#4020);
#4019 = CARTESIAN_POINT('',(-0.3,-2.84,0.9));
#4020 = VECTOR('',#4021,1.);
#4021 = DIRECTION('',(1.,-1.110223024625E-16,0.));
#4022 = ORIENTED_EDGE('',*,*,#4023,.F.);
#4023 = EDGE_CURVE('',#4024,#4016,#4026,.T.);
#4024 = VERTEX_POINT('',#4025);
#4025 = CARTESIAN_POINT('',(-0.1,-2.84,7.4));
#4026 = LINE('',#4027,#4028);
#4027 = CARTESIAN_POINT('',(-0.1,-2.84,6.055738799212));
#4028 = VECTOR('',#4029,1.);
#4029 = DIRECTION('',(-0.,0.,-1.));
#4030 = ORIENTED_EDGE('',*,*,#4031,.T.);
#4031 = EDGE_CURVE('',#4024,#4032,#4034,.T.);
#4032 = VERTEX_POINT('',#4033);
#4033 = CARTESIAN_POINT('',(0.1,-2.84,7.4));
#4034 = LINE('',#4035,#4036);
#4035 = CARTESIAN_POINT('',(-0.1,-2.84,7.4));
#4036 = VECTOR('',#4037,1.);
#4037 = DIRECTION('',(1.,-1.110223024625E-16,0.));
#4038 = ORIENTED_EDGE('',*,*,#4039,.T.);
#4039 = EDGE_CURVE('',#4032,#4040,#4042,.T.);
#4040 = VERTEX_POINT('',#4041);
#4041 = CARTESIAN_POINT('',(0.1,-2.84,0.9));
#4042 = LINE('',#4043,#4044);
#4043 = CARTESIAN_POINT('',(0.1,-2.84,6.055738799212));
#4044 = VECTOR('',#4045,1.);
#4045 = DIRECTION('',(-0.,0.,-1.));
#4046 = ORIENTED_EDGE('',*,*,#4047,.T.);
#4047 = EDGE_CURVE('',#4040,#3903,#4048,.T.);
#4048 = LINE('',#4049,#4050);
#4049 = CARTESIAN_POINT('',(-0.3,-2.84,0.9));
#4050 = VECTOR('',#4051,1.);
#4051 = DIRECTION('',(1.,-1.110223024625E-16,0.));
#4052 = ORIENTED_EDGE('',*,*,#3902,.F.);
#4053 = PLANE('',#4054);
#4054 = AXIS2_PLACEMENT_3D('',#4055,#4056,#4057);
#4055 = CARTESIAN_POINT('',(-0.3,-2.84,8.2));
#4056 = DIRECTION('',(-1.110223024625E-16,-1.,0.));
#4057 = DIRECTION('',(1.,-1.110223024625E-16,0.));
#4058 = ADVANCED_FACE('',(#4059),#4084,.F.);
#4059 = FACE_BOUND('',#4060,.F.);
#4060 = EDGE_LOOP('',(#4061,#4069,#4077,#4083));
#4061 = ORIENTED_EDGE('',*,*,#4062,.T.);
#4062 = EDGE_CURVE('',#1823,#4063,#4065,.T.);
#4063 = VERTEX_POINT('',#4064);
#4064 = CARTESIAN_POINT('',(0.3,-0.3,0.9));
#4065 = LINE('',#4066,#4067);
#4066 = CARTESIAN_POINT('',(0.3,-0.3,8.2));
#4067 = VECTOR('',#4068,1.);
#4068 = DIRECTION('',(0.,-0.,-1.));
#4069 = ORIENTED_EDGE('',*,*,#4070,.T.);
#4070 = EDGE_CURVE('',#4063,#4071,#4073,.T.);
#4071 = VERTEX_POINT('',#4072);
#4072 = CARTESIAN_POINT('',(0.3,0.3,0.9));
#4073 = LINE('',#4074,#4075);
#4074 = CARTESIAN_POINT('',(0.3,-0.3,0.9));
#4075 = VECTOR('',#4076,1.);
#4076 = DIRECTION('',(1.110223024625E-16,1.,0.));
#4077 = ORIENTED_EDGE('',*,*,#4078,.F.);
#4078 = EDGE_CURVE('',#1832,#4071,#4079,.T.);
#4079 = LINE('',#4080,#4081);
#4080 = CARTESIAN_POINT('',(0.3,0.3,8.2));
#4081 = VECTOR('',#4082,1.);
#4082 = DIRECTION('',(0.,-0.,-1.));
#4083 = ORIENTED_EDGE('',*,*,#1839,.F.);
#4084 = PLANE('',#4085);
#4085 = AXIS2_PLACEMENT_3D('',#4086,#4087,#4088);
#4086 = CARTESIAN_POINT('',(0.3,-0.3,8.2));
#4087 = DIRECTION('',(1.,-1.110223024625E-16,0.));
#4088 = DIRECTION('',(1.110223024625E-16,1.,0.));
#4089 = ADVANCED_FACE('',(#4090),#4140,.F.);
#4090 = FACE_BOUND('',#4091,.F.);
#4091 = EDGE_LOOP('',(#4092,#4093,#4094,#4102,#4110,#4118,#4126,#4134));
#4092 = ORIENTED_EDGE('',*,*,#1863,.F.);
#4093 = ORIENTED_EDGE('',*,*,#4078,.T.);
#4094 = ORIENTED_EDGE('',*,*,#4095,.T.);
#4095 = EDGE_CURVE('',#4071,#4096,#4098,.T.);
#4096 = VERTEX_POINT('',#4097);
#4097 = CARTESIAN_POINT('',(0.1,0.3,0.9));
#4098 = LINE('',#4099,#4100);
#4099 = CARTESIAN_POINT('',(0.3,0.3,0.9));
#4100 = VECTOR('',#4101,1.);
#4101 = DIRECTION('',(-1.,1.110223024625E-16,0.));
#4102 = ORIENTED_EDGE('',*,*,#4103,.T.);
#4103 = EDGE_CURVE('',#4096,#4104,#4106,.T.);
#4104 = VERTEX_POINT('',#4105);
#4105 = CARTESIAN_POINT('',(0.1,0.3,7.4));
#4106 = LINE('',#4107,#4108);
#4107 = CARTESIAN_POINT('',(0.1,0.3,6.055738799212));
#4108 = VECTOR('',#4109,1.);
#4109 = DIRECTION('',(0.,-0.,1.));
#4110 = ORIENTED_EDGE('',*,*,#4111,.F.);
#4111 = EDGE_CURVE('',#4112,#4104,#4114,.T.);
#4112 = VERTEX_POINT('',#4113);
#4113 = CARTESIAN_POINT('',(-0.1,0.3,7.4));
#4114 = LINE('',#4115,#4116);
#4115 = CARTESIAN_POINT('',(-0.1,0.3,7.4));
#4116 = VECTOR('',#4117,1.);
#4117 = DIRECTION('',(1.,-1.110223024625E-16,0.));
#4118 = ORIENTED_EDGE('',*,*,#4119,.F.);
#4119 = EDGE_CURVE('',#4120,#4112,#4122,.T.);
#4120 = VERTEX_POINT('',#4121);
#4121 = CARTESIAN_POINT('',(-0.1,0.3,0.9));
#4122 = LINE('',#4123,#4124);
#4123 = CARTESIAN_POINT('',(-0.1,0.3,6.055738799212));
#4124 = VECTOR('',#4125,1.);
#4125 = DIRECTION('',(0.,-0.,1.));
#4126 = ORIENTED_EDGE('',*,*,#4127,.T.);
#4127 = EDGE_CURVE('',#4120,#4128,#4130,.T.);
#4128 = VERTEX_POINT('',#4129);
#4129 = CARTESIAN_POINT('',(-0.3,0.3,0.9));
#4130 = LINE('',#4131,#4132);
#4131 = CARTESIAN_POINT('',(0.3,0.3,0.9));
#4132 = VECTOR('',#4133,1.);
#4133 = DIRECTION('',(-1.,1.110223024625E-16,0.));
#4134 = ORIENTED_EDGE('',*,*,#4135,.F.);
#4135 = EDGE_CURVE('',#1856,#4128,#4136,.T.);
#4136 = LINE('',#4137,#4138);
#4137 = CARTESIAN_POINT('',(-0.3,0.3,8.2));
#4138 = VECTOR('',#4139,1.);
#4139 = DIRECTION('',(0.,-0.,-1.));
#4140 = PLANE('',#4141);
#4141 = AXIS2_PLACEMENT_3D('',#4142,#4143,#4144);
#4142 = CARTESIAN_POINT('',(0.3,0.3,8.2));
#4143 = DIRECTION('',(1.110223024625E-16,1.,0.));
#4144 = DIRECTION('',(-1.,1.110223024625E-16,0.));
#4145 = ADVANCED_FACE('',(#4146),#4164,.F.);
#4146 = FACE_BOUND('',#4147,.F.);
#4147 = EDGE_LOOP('',(#4148,#4149,#4157,#4163));
#4148 = ORIENTED_EDGE('',*,*,#4135,.T.);
#4149 = ORIENTED_EDGE('',*,*,#4150,.T.);
#4150 = EDGE_CURVE('',#4128,#4151,#4153,.T.);
#4151 = VERTEX_POINT('',#4152);
#4152 = CARTESIAN_POINT('',(-0.3,-0.3,0.9));
#4153 = LINE('',#4154,#4155);
#4154 = CARTESIAN_POINT('',(-0.3,0.3,0.9));
#4155 = VECTOR('',#4156,1.);
#4156 = DIRECTION('',(-1.110223024625E-16,-1.,0.));
#4157 = ORIENTED_EDGE('',*,*,#4158,.F.);
#4158 = EDGE_CURVE('',#1880,#4151,#4159,.T.);
#4159 = LINE('',#4160,#4161);
#4160 = CARTESIAN_POINT('',(-0.3,-0.3,8.2));
#4161 = VECTOR('',#4162,1.);
#4162 = DIRECTION('',(0.,-0.,-1.));
#4163 = ORIENTED_EDGE('',*,*,#1887,.F.);
#4164 = PLANE('',#4165);
#4165 = AXIS2_PLACEMENT_3D('',#4166,#4167,#4168);
#4166 = CARTESIAN_POINT('',(-0.3,0.3,8.2));
#4167 = DIRECTION('',(-1.,1.110223024625E-16,0.));
#4168 = DIRECTION('',(-1.110223024625E-16,-1.,0.));
#4169 = ADVANCED_FACE('',(#4170),#4213,.F.);
#4170 = FACE_BOUND('',#4171,.F.);
#4171 = EDGE_LOOP('',(#4172,#4173,#4174,#4182,#4190,#4198,#4206,#4212));
#4172 = ORIENTED_EDGE('',*,*,#1904,.F.);
#4173 = ORIENTED_EDGE('',*,*,#4158,.T.);
#4174 = ORIENTED_EDGE('',*,*,#4175,.T.);
#4175 = EDGE_CURVE('',#4151,#4176,#4178,.T.);
#4176 = VERTEX_POINT('',#4177);
#4177 = CARTESIAN_POINT('',(-0.1,-0.3,0.9));
#4178 = LINE('',#4179,#4180);
#4179 = CARTESIAN_POINT('',(-0.3,-0.3,0.9));
#4180 = VECTOR('',#4181,1.);
#4181 = DIRECTION('',(1.,-1.110223024625E-16,0.));
#4182 = ORIENTED_EDGE('',*,*,#4183,.F.);
#4183 = EDGE_CURVE('',#4184,#4176,#4186,.T.);
#4184 = VERTEX_POINT('',#4185);
#4185 = CARTESIAN_POINT('',(-0.1,-0.3,7.4));
#4186 = LINE('',#4187,#4188);
#4187 = CARTESIAN_POINT('',(-0.1,-0.3,6.055738799212));
#4188 = VECTOR('',#4189,1.);
#4189 = DIRECTION('',(-0.,0.,-1.));
#4190 = ORIENTED_EDGE('',*,*,#4191,.T.);
#4191 = EDGE_CURVE('',#4184,#4192,#4194,.T.);
#4192 = VERTEX_POINT('',#4193);
#4193 = CARTESIAN_POINT('',(0.1,-0.3,7.4));
#4194 = LINE('',#4195,#4196);
#4195 = CARTESIAN_POINT('',(-0.1,-0.3,7.4));
#4196 = VECTOR('',#4197,1.);
#4197 = DIRECTION('',(1.,-1.110223024625E-16,0.));
#4198 = ORIENTED_EDGE('',*,*,#4199,.T.);
#4199 = EDGE_CURVE('',#4192,#4200,#4202,.T.);
#4200 = VERTEX_POINT('',#4201);
#4201 = CARTESIAN_POINT('',(0.1,-0.3,0.9));
#4202 = LINE('',#4203,#4204);
#4203 = CARTESIAN_POINT('',(0.1,-0.3,6.055738799212));
#4204 = VECTOR('',#4205,1.);
#4205 = DIRECTION('',(-0.,0.,-1.));
#4206 = ORIENTED_EDGE('',*,*,#4207,.T.);
#4207 = EDGE_CURVE('',#4200,#4063,#4208,.T.);
#4208 = LINE('',#4209,#4210);
#4209 = CARTESIAN_POINT('',(-0.3,-0.3,0.9));
#4210 = VECTOR('',#4211,1.);
#4211 = DIRECTION('',(1.,-1.110223024625E-16,0.));
#4212 = ORIENTED_EDGE('',*,*,#4062,.F.);
#4213 = PLANE('',#4214);
#4214 = AXIS2_PLACEMENT_3D('',#4215,#4216,#4217);
#4215 = CARTESIAN_POINT('',(-0.3,-0.3,8.2));
#4216 = DIRECTION('',(-1.110223024625E-16,-1.,0.));
#4217 = DIRECTION('',(1.,-1.110223024625E-16,0.));
#4218 = ADVANCED_FACE('',(#4219),#4230,.T.);
#4219 = FACE_BOUND('',#4220,.T.);
#4220 = EDGE_LOOP('',(#4221,#4227,#4228,#4229));
#4221 = ORIENTED_EDGE('',*,*,#4222,.T.);
#4222 = EDGE_CURVE('',#2000,#1936,#4223,.T.);
#4223 = LINE('',#4224,#4225);
#4224 = CARTESIAN_POINT('',(-0.1,-18.08,-2.5));
#4225 = VECTOR('',#4226,1.);
#4226 = DIRECTION('',(1.,-1.110223024625E-16,0.));
#4227 = ORIENTED_EDGE('',*,*,#1935,.T.);
#4228 = ORIENTED_EDGE('',*,*,#1920,.F.);
#4229 = ORIENTED_EDGE('',*,*,#1999,.F.);
#4230 = PLANE('',#4231);
#4231 = AXIS2_PLACEMENT_3D('',#4232,#4233,#4234);
#4232 = CARTESIAN_POINT('',(-0.1,-18.08,-2.5));
#4233 = DIRECTION('',(-1.110223024625E-16,-1.,0.));
#4234 = DIRECTION('',(0.,0.,1.));
#4235 = ADVANCED_FACE('',(#4236),#4247,.T.);
#4236 = FACE_BOUND('',#4237,.T.);
#4237 = EDGE_LOOP('',(#4238,#4244,#4245,#4246));
#4238 = ORIENTED_EDGE('',*,*,#4239,.T.);
#4239 = EDGE_CURVE('',#2025,#1961,#4240,.T.);
#4240 = LINE('',#4241,#4242);
#4241 = CARTESIAN_POINT('',(-0.1,-17.93,-3.1));
#4242 = VECTOR('',#4243,1.);
#4243 = DIRECTION('',(1.,-1.110223024625E-16,0.));
#4244 = ORIENTED_EDGE('',*,*,#1968,.T.);
#4245 = ORIENTED_EDGE('',*,*,#4222,.F.);
#4246 = ORIENTED_EDGE('',*,*,#2032,.F.);
#4247 = PLANE('',#4248);
#4248 = AXIS2_PLACEMENT_3D('',#4249,#4250,#4251);
#4249 = CARTESIAN_POINT('',(-0.1,-17.93,-3.1));
#4250 = DIRECTION('',(-1.077074540829E-16,-0.970142500145,
    -0.242535625036));
#4251 = DIRECTION('',(-2.692686352073E-17,-0.242535625036,0.970142500145
    ));
#4252 = ADVANCED_FACE('',(#4253),#4264,.T.);
#4253 = FACE_BOUND('',#4254,.T.);
#4254 = EDGE_LOOP('',(#4255,#4261,#4262,#4263));
#4255 = ORIENTED_EDGE('',*,*,#4256,.T.);
#4256 = EDGE_CURVE('',#2017,#1953,#4257,.T.);
#4257 = LINE('',#4258,#4259);
#4258 = CARTESIAN_POINT('',(-0.1,-17.63,-3.1));
#4259 = VECTOR('',#4260,1.);
#4260 = DIRECTION('',(1.,-1.110223024625E-16,0.));
#4261 = ORIENTED_EDGE('',*,*,#1960,.T.);
#4262 = ORIENTED_EDGE('',*,*,#4239,.F.);
#4263 = ORIENTED_EDGE('',*,*,#2024,.T.);
#4264 = PLANE('',#4265);
#4265 = AXIS2_PLACEMENT_3D('',#4266,#4267,#4268);
#4266 = CARTESIAN_POINT('',(-0.1,-17.63,-3.1));
#4267 = DIRECTION('',(0.,-0.,-1.));
#4268 = DIRECTION('',(-1.110223024625E-16,-1.,0.));
#4269 = ADVANCED_FACE('',(#4270),#4281,.T.);
#4270 = FACE_BOUND('',#4271,.T.);
#4271 = EDGE_LOOP('',(#4272,#4278,#4279,#4280));
#4272 = ORIENTED_EDGE('',*,*,#4273,.T.);
#4273 = EDGE_CURVE('',#2009,#1945,#4274,.T.);
#4274 = LINE('',#4275,#4276);
#4275 = CARTESIAN_POINT('',(-0.1,-17.48,-2.5));
#4276 = VECTOR('',#4277,1.);
#4277 = DIRECTION('',(1.,-1.110223024625E-16,0.));
#4278 = ORIENTED_EDGE('',*,*,#1952,.T.);
#4279 = ORIENTED_EDGE('',*,*,#4256,.F.);
#4280 = ORIENTED_EDGE('',*,*,#2016,.F.);
#4281 = PLANE('',#4282);
#4282 = AXIS2_PLACEMENT_3D('',#4283,#4284,#4285);
#4283 = CARTESIAN_POINT('',(-0.1,-17.48,-2.5));
#4284 = DIRECTION('',(1.077074540829E-16,0.970142500145,-0.242535625036)
  );
#4285 = DIRECTION('',(-2.692686352073E-17,-0.242535625036,
    -0.970142500145));
#4286 = ADVANCED_FACE('',(#4287),#4293,.T.);
#4287 = FACE_BOUND('',#4288,.T.);
#4288 = EDGE_LOOP('',(#4289,#4290,#4291,#4292));
#4289 = ORIENTED_EDGE('',*,*,#1982,.T.);
#4290 = ORIENTED_EDGE('',*,*,#1944,.T.);
#4291 = ORIENTED_EDGE('',*,*,#4273,.F.);
#4292 = ORIENTED_EDGE('',*,*,#2008,.F.);
#4293 = PLANE('',#4294);
#4294 = AXIS2_PLACEMENT_3D('',#4295,#4296,#4297);
#4295 = CARTESIAN_POINT('',(-0.1,-17.48,0.2));
#4296 = DIRECTION('',(1.110223024625E-16,1.,0.));
#4297 = DIRECTION('',(0.,0.,-1.));
#4298 = ADVANCED_FACE('',(#4299),#4310,.T.);
#4299 = FACE_BOUND('',#4300,.T.);
#4300 = EDGE_LOOP('',(#4301,#4307,#4308,#4309));
#4301 = ORIENTED_EDGE('',*,*,#4302,.T.);
#4302 = EDGE_CURVE('',#2128,#2064,#4303,.T.);
#4303 = LINE('',#4304,#4305);
#4304 = CARTESIAN_POINT('',(-0.1,-15.54,-2.5));
#4305 = VECTOR('',#4306,1.);
#4306 = DIRECTION('',(1.,-1.110223024625E-16,0.));
#4307 = ORIENTED_EDGE('',*,*,#2063,.T.);
#4308 = ORIENTED_EDGE('',*,*,#2048,.F.);
#4309 = ORIENTED_EDGE('',*,*,#2127,.F.);
#4310 = PLANE('',#4311);
#4311 = AXIS2_PLACEMENT_3D('',#4312,#4313,#4314);
#4312 = CARTESIAN_POINT('',(-0.1,-15.54,-2.5));
#4313 = DIRECTION('',(-1.110223024625E-16,-1.,0.));
#4314 = DIRECTION('',(0.,0.,1.));
#4315 = ADVANCED_FACE('',(#4316),#4327,.T.);
#4316 = FACE_BOUND('',#4317,.T.);
#4317 = EDGE_LOOP('',(#4318,#4324,#4325,#4326));
#4318 = ORIENTED_EDGE('',*,*,#4319,.T.);
#4319 = EDGE_CURVE('',#2153,#2089,#4320,.T.);
#4320 = LINE('',#4321,#4322);
#4321 = CARTESIAN_POINT('',(-0.1,-15.39,-3.1));
#4322 = VECTOR('',#4323,1.);
#4323 = DIRECTION('',(1.,-1.110223024625E-16,0.));
#4324 = ORIENTED_EDGE('',*,*,#2096,.T.);
#4325 = ORIENTED_EDGE('',*,*,#4302,.F.);
#4326 = ORIENTED_EDGE('',*,*,#2160,.F.);
#4327 = PLANE('',#4328);
#4328 = AXIS2_PLACEMENT_3D('',#4329,#4330,#4331);
#4329 = CARTESIAN_POINT('',(-0.1,-15.39,-3.1));
#4330 = DIRECTION('',(-1.077074540829E-16,-0.970142500145,
    -0.242535625036));
#4331 = DIRECTION('',(-2.692686352073E-17,-0.242535625036,0.970142500145
    ));
#4332 = ADVANCED_FACE('',(#4333),#4344,.T.);
#4333 = FACE_BOUND('',#4334,.T.);
#4334 = EDGE_LOOP('',(#4335,#4341,#4342,#4343));
#4335 = ORIENTED_EDGE('',*,*,#4336,.T.);
#4336 = EDGE_CURVE('',#2145,#2081,#4337,.T.);
#4337 = LINE('',#4338,#4339);
#4338 = CARTESIAN_POINT('',(-0.1,-15.09,-3.1));
#4339 = VECTOR('',#4340,1.);
#4340 = DIRECTION('',(1.,-1.110223024625E-16,0.));
#4341 = ORIENTED_EDGE('',*,*,#2088,.T.);
#4342 = ORIENTED_EDGE('',*,*,#4319,.F.);
#4343 = ORIENTED_EDGE('',*,*,#2152,.T.);
#4344 = PLANE('',#4345);
#4345 = AXIS2_PLACEMENT_3D('',#4346,#4347,#4348);
#4346 = CARTESIAN_POINT('',(-0.1,-15.09,-3.1));
#4347 = DIRECTION('',(0.,-0.,-1.));
#4348 = DIRECTION('',(-1.110223024625E-16,-1.,0.));
#4349 = ADVANCED_FACE('',(#4350),#4361,.T.);
#4350 = FACE_BOUND('',#4351,.T.);
#4351 = EDGE_LOOP('',(#4352,#4358,#4359,#4360));
#4352 = ORIENTED_EDGE('',*,*,#4353,.T.);
#4353 = EDGE_CURVE('',#2137,#2073,#4354,.T.);
#4354 = LINE('',#4355,#4356);
#4355 = CARTESIAN_POINT('',(-0.1,-14.94,-2.5));
#4356 = VECTOR('',#4357,1.);
#4357 = DIRECTION('',(1.,-1.110223024625E-16,0.));
#4358 = ORIENTED_EDGE('',*,*,#2080,.T.);
#4359 = ORIENTED_EDGE('',*,*,#4336,.F.);
#4360 = ORIENTED_EDGE('',*,*,#2144,.F.);
#4361 = PLANE('',#4362);
#4362 = AXIS2_PLACEMENT_3D('',#4363,#4364,#4365);
#4363 = CARTESIAN_POINT('',(-0.1,-14.94,-2.5));
#4364 = DIRECTION('',(1.077074540829E-16,0.970142500145,-0.242535625036)
  );
#4365 = DIRECTION('',(-2.692686352073E-17,-0.242535625036,
    -0.970142500145));
#4366 = ADVANCED_FACE('',(#4367),#4373,.T.);
#4367 = FACE_BOUND('',#4368,.T.);
#4368 = EDGE_LOOP('',(#4369,#4370,#4371,#4372));
#4369 = ORIENTED_EDGE('',*,*,#2110,.T.);
#4370 = ORIENTED_EDGE('',*,*,#2072,.T.);
#4371 = ORIENTED_EDGE('',*,*,#4353,.F.);
#4372 = ORIENTED_EDGE('',*,*,#2136,.F.);
#4373 = PLANE('',#4374);
#4374 = AXIS2_PLACEMENT_3D('',#4375,#4376,#4377);
#4375 = CARTESIAN_POINT('',(-0.1,-14.94,0.2));
#4376 = DIRECTION('',(1.110223024625E-16,1.,0.));
#4377 = DIRECTION('',(0.,0.,-1.));
#4378 = ADVANCED_FACE('',(#4379),#4390,.T.);
#4379 = FACE_BOUND('',#4380,.T.);
#4380 = EDGE_LOOP('',(#4381,#4387,#4388,#4389));
#4381 = ORIENTED_EDGE('',*,*,#4382,.T.);
#4382 = EDGE_CURVE('',#2256,#2192,#4383,.T.);
#4383 = LINE('',#4384,#4385);
#4384 = CARTESIAN_POINT('',(-0.1,-13.,-2.5));
#4385 = VECTOR('',#4386,1.);
#4386 = DIRECTION('',(1.,-1.110223024625E-16,0.));
#4387 = ORIENTED_EDGE('',*,*,#2191,.T.);
#4388 = ORIENTED_EDGE('',*,*,#2176,.F.);
#4389 = ORIENTED_EDGE('',*,*,#2255,.F.);
#4390 = PLANE('',#4391);
#4391 = AXIS2_PLACEMENT_3D('',#4392,#4393,#4394);
#4392 = CARTESIAN_POINT('',(-0.1,-13.,-2.5));
#4393 = DIRECTION('',(-1.110223024625E-16,-1.,0.));
#4394 = DIRECTION('',(0.,0.,1.));
#4395 = ADVANCED_FACE('',(#4396),#4407,.T.);
#4396 = FACE_BOUND('',#4397,.T.);
#4397 = EDGE_LOOP('',(#4398,#4404,#4405,#4406));
#4398 = ORIENTED_EDGE('',*,*,#4399,.T.);
#4399 = EDGE_CURVE('',#2281,#2217,#4400,.T.);
#4400 = LINE('',#4401,#4402);
#4401 = CARTESIAN_POINT('',(-0.1,-12.85,-3.1));
#4402 = VECTOR('',#4403,1.);
#4403 = DIRECTION('',(1.,-1.110223024625E-16,0.));
#4404 = ORIENTED_EDGE('',*,*,#2224,.T.);
#4405 = ORIENTED_EDGE('',*,*,#4382,.F.);
#4406 = ORIENTED_EDGE('',*,*,#2288,.F.);
#4407 = PLANE('',#4408);
#4408 = AXIS2_PLACEMENT_3D('',#4409,#4410,#4411);
#4409 = CARTESIAN_POINT('',(-0.1,-12.85,-3.1));
#4410 = DIRECTION('',(-1.077074540829E-16,-0.970142500145,
    -0.242535625036));
#4411 = DIRECTION('',(-2.692686352073E-17,-0.242535625036,0.970142500145
    ));
#4412 = ADVANCED_FACE('',(#4413),#4424,.T.);
#4413 = FACE_BOUND('',#4414,.T.);
#4414 = EDGE_LOOP('',(#4415,#4421,#4422,#4423));
#4415 = ORIENTED_EDGE('',*,*,#4416,.T.);
#4416 = EDGE_CURVE('',#2273,#2209,#4417,.T.);
#4417 = LINE('',#4418,#4419);
#4418 = CARTESIAN_POINT('',(-0.1,-12.55,-3.1));
#4419 = VECTOR('',#4420,1.);
#4420 = DIRECTION('',(1.,-1.110223024625E-16,0.));
#4421 = ORIENTED_EDGE('',*,*,#2216,.T.);
#4422 = ORIENTED_EDGE('',*,*,#4399,.F.);
#4423 = ORIENTED_EDGE('',*,*,#2280,.T.);
#4424 = PLANE('',#4425);
#4425 = AXIS2_PLACEMENT_3D('',#4426,#4427,#4428);
#4426 = CARTESIAN_POINT('',(-0.1,-12.55,-3.1));
#4427 = DIRECTION('',(0.,-0.,-1.));
#4428 = DIRECTION('',(-1.110223024625E-16,-1.,0.));
#4429 = ADVANCED_FACE('',(#4430),#4441,.T.);
#4430 = FACE_BOUND('',#4431,.T.);
#4431 = EDGE_LOOP('',(#4432,#4438,#4439,#4440));
#4432 = ORIENTED_EDGE('',*,*,#4433,.T.);
#4433 = EDGE_CURVE('',#2265,#2201,#4434,.T.);
#4434 = LINE('',#4435,#4436);
#4435 = CARTESIAN_POINT('',(-0.1,-12.4,-2.5));
#4436 = VECTOR('',#4437,1.);
#4437 = DIRECTION('',(1.,-1.110223024625E-16,0.));
#4438 = ORIENTED_EDGE('',*,*,#2208,.T.);
#4439 = ORIENTED_EDGE('',*,*,#4416,.F.);
#4440 = ORIENTED_EDGE('',*,*,#2272,.F.);
#4441 = PLANE('',#4442);
#4442 = AXIS2_PLACEMENT_3D('',#4443,#4444,#4445);
#4443 = CARTESIAN_POINT('',(-0.1,-12.4,-2.5));
#4444 = DIRECTION('',(1.077074540829E-16,0.970142500145,-0.242535625036)
  );
#4445 = DIRECTION('',(-2.692686352073E-17,-0.242535625036,
    -0.970142500145));
#4446 = ADVANCED_FACE('',(#4447),#4453,.T.);
#4447 = FACE_BOUND('',#4448,.T.);
#4448 = EDGE_LOOP('',(#4449,#4450,#4451,#4452));
#4449 = ORIENTED_EDGE('',*,*,#2238,.T.);
#4450 = ORIENTED_EDGE('',*,*,#2200,.T.);
#4451 = ORIENTED_EDGE('',*,*,#4433,.F.);
#4452 = ORIENTED_EDGE('',*,*,#2264,.F.);
#4453 = PLANE('',#4454);
#4454 = AXIS2_PLACEMENT_3D('',#4455,#4456,#4457);
#4455 = CARTESIAN_POINT('',(-0.1,-12.4,0.2));
#4456 = DIRECTION('',(1.110223024625E-16,1.,0.));
#4457 = DIRECTION('',(0.,0.,-1.));
#4458 = ADVANCED_FACE('',(#4459),#4470,.T.);
#4459 = FACE_BOUND('',#4460,.T.);
#4460 = EDGE_LOOP('',(#4461,#4467,#4468,#4469));
#4461 = ORIENTED_EDGE('',*,*,#4462,.T.);
#4462 = EDGE_CURVE('',#2384,#2320,#4463,.T.);
#4463 = LINE('',#4464,#4465);
#4464 = CARTESIAN_POINT('',(-0.1,-10.46,-2.5));
#4465 = VECTOR('',#4466,1.);
#4466 = DIRECTION('',(1.,-1.110223024625E-16,0.));
#4467 = ORIENTED_EDGE('',*,*,#2319,.T.);
#4468 = ORIENTED_EDGE('',*,*,#2304,.F.);
#4469 = ORIENTED_EDGE('',*,*,#2383,.F.);
#4470 = PLANE('',#4471);
#4471 = AXIS2_PLACEMENT_3D('',#4472,#4473,#4474);
#4472 = CARTESIAN_POINT('',(-0.1,-10.46,-2.5));
#4473 = DIRECTION('',(-1.110223024625E-16,-1.,0.));
#4474 = DIRECTION('',(0.,0.,1.));
#4475 = ADVANCED_FACE('',(#4476),#4487,.T.);
#4476 = FACE_BOUND('',#4477,.T.);
#4477 = EDGE_LOOP('',(#4478,#4484,#4485,#4486));
#4478 = ORIENTED_EDGE('',*,*,#4479,.T.);
#4479 = EDGE_CURVE('',#2409,#2345,#4480,.T.);
#4480 = LINE('',#4481,#4482);
#4481 = CARTESIAN_POINT('',(-0.1,-10.31,-3.1));
#4482 = VECTOR('',#4483,1.);
#4483 = DIRECTION('',(1.,-1.110223024625E-16,0.));
#4484 = ORIENTED_EDGE('',*,*,#2352,.T.);
#4485 = ORIENTED_EDGE('',*,*,#4462,.F.);
#4486 = ORIENTED_EDGE('',*,*,#2416,.F.);
#4487 = PLANE('',#4488);
#4488 = AXIS2_PLACEMENT_3D('',#4489,#4490,#4491);
#4489 = CARTESIAN_POINT('',(-0.1,-10.31,-3.1));
#4490 = DIRECTION('',(-1.077074540829E-16,-0.970142500145,
    -0.242535625036));
#4491 = DIRECTION('',(-2.692686352073E-17,-0.242535625036,0.970142500145
    ));
#4492 = ADVANCED_FACE('',(#4493),#4504,.T.);
#4493 = FACE_BOUND('',#4494,.T.);
#4494 = EDGE_LOOP('',(#4495,#4501,#4502,#4503));
#4495 = ORIENTED_EDGE('',*,*,#4496,.T.);
#4496 = EDGE_CURVE('',#2401,#2337,#4497,.T.);
#4497 = LINE('',#4498,#4499);
#4498 = CARTESIAN_POINT('',(-0.1,-10.01,-3.1));
#4499 = VECTOR('',#4500,1.);
#4500 = DIRECTION('',(1.,-1.110223024625E-16,0.));
#4501 = ORIENTED_EDGE('',*,*,#2344,.T.);
#4502 = ORIENTED_EDGE('',*,*,#4479,.F.);
#4503 = ORIENTED_EDGE('',*,*,#2408,.T.);
#4504 = PLANE('',#4505);
#4505 = AXIS2_PLACEMENT_3D('',#4506,#4507,#4508);
#4506 = CARTESIAN_POINT('',(-0.1,-10.01,-3.1));
#4507 = DIRECTION('',(0.,-0.,-1.));
#4508 = DIRECTION('',(-1.110223024625E-16,-1.,0.));
#4509 = ADVANCED_FACE('',(#4510),#4521,.T.);
#4510 = FACE_BOUND('',#4511,.T.);
#4511 = EDGE_LOOP('',(#4512,#4518,#4519,#4520));
#4512 = ORIENTED_EDGE('',*,*,#4513,.T.);
#4513 = EDGE_CURVE('',#2393,#2329,#4514,.T.);
#4514 = LINE('',#4515,#4516);
#4515 = CARTESIAN_POINT('',(-0.1,-9.86,-2.5));
#4516 = VECTOR('',#4517,1.);
#4517 = DIRECTION('',(1.,-1.110223024625E-16,0.));
#4518 = ORIENTED_EDGE('',*,*,#2336,.T.);
#4519 = ORIENTED_EDGE('',*,*,#4496,.F.);
#4520 = ORIENTED_EDGE('',*,*,#2400,.F.);
#4521 = PLANE('',#4522);
#4522 = AXIS2_PLACEMENT_3D('',#4523,#4524,#4525);
#4523 = CARTESIAN_POINT('',(-0.1,-9.86,-2.5));
#4524 = DIRECTION('',(1.077074540829E-16,0.970142500145,-0.242535625036)
  );
#4525 = DIRECTION('',(-2.692686352073E-17,-0.242535625036,
    -0.970142500145));
#4526 = ADVANCED_FACE('',(#4527),#4533,.T.);
#4527 = FACE_BOUND('',#4528,.T.);
#4528 = EDGE_LOOP('',(#4529,#4530,#4531,#4532));
#4529 = ORIENTED_EDGE('',*,*,#2366,.T.);
#4530 = ORIENTED_EDGE('',*,*,#2328,.T.);
#4531 = ORIENTED_EDGE('',*,*,#4513,.F.);
#4532 = ORIENTED_EDGE('',*,*,#2392,.F.);
#4533 = PLANE('',#4534);
#4534 = AXIS2_PLACEMENT_3D('',#4535,#4536,#4537);
#4535 = CARTESIAN_POINT('',(-0.1,-9.86,0.2));
#4536 = DIRECTION('',(1.110223024625E-16,1.,0.));
#4537 = DIRECTION('',(0.,0.,-1.));
#4538 = ADVANCED_FACE('',(#4539),#4550,.T.);
#4539 = FACE_BOUND('',#4540,.T.);
#4540 = EDGE_LOOP('',(#4541,#4547,#4548,#4549));
#4541 = ORIENTED_EDGE('',*,*,#4542,.T.);
#4542 = EDGE_CURVE('',#2512,#2448,#4543,.T.);
#4543 = LINE('',#4544,#4545);
#4544 = CARTESIAN_POINT('',(-0.1,-7.92,-2.5));
#4545 = VECTOR('',#4546,1.);
#4546 = DIRECTION('',(1.,-1.110223024625E-16,0.));
#4547 = ORIENTED_EDGE('',*,*,#2447,.T.);
#4548 = ORIENTED_EDGE('',*,*,#2432,.F.);
#4549 = ORIENTED_EDGE('',*,*,#2511,.F.);
#4550 = PLANE('',#4551);
#4551 = AXIS2_PLACEMENT_3D('',#4552,#4553,#4554);
#4552 = CARTESIAN_POINT('',(-0.1,-7.92,-2.5));
#4553 = DIRECTION('',(-1.110223024625E-16,-1.,0.));
#4554 = DIRECTION('',(0.,0.,1.));
#4555 = ADVANCED_FACE('',(#4556),#4567,.T.);
#4556 = FACE_BOUND('',#4557,.T.);
#4557 = EDGE_LOOP('',(#4558,#4564,#4565,#4566));
#4558 = ORIENTED_EDGE('',*,*,#4559,.T.);
#4559 = EDGE_CURVE('',#2537,#2473,#4560,.T.);
#4560 = LINE('',#4561,#4562);
#4561 = CARTESIAN_POINT('',(-0.1,-7.77,-3.1));
#4562 = VECTOR('',#4563,1.);
#4563 = DIRECTION('',(1.,-1.110223024625E-16,0.));
#4564 = ORIENTED_EDGE('',*,*,#2480,.T.);
#4565 = ORIENTED_EDGE('',*,*,#4542,.F.);
#4566 = ORIENTED_EDGE('',*,*,#2544,.F.);
#4567 = PLANE('',#4568);
#4568 = AXIS2_PLACEMENT_3D('',#4569,#4570,#4571);
#4569 = CARTESIAN_POINT('',(-0.1,-7.77,-3.1));
#4570 = DIRECTION('',(-1.077074540829E-16,-0.970142500145,
    -0.242535625036));
#4571 = DIRECTION('',(-2.692686352073E-17,-0.242535625036,0.970142500145
    ));
#4572 = ADVANCED_FACE('',(#4573),#4584,.T.);
#4573 = FACE_BOUND('',#4574,.T.);
#4574 = EDGE_LOOP('',(#4575,#4581,#4582,#4583));
#4575 = ORIENTED_EDGE('',*,*,#4576,.T.);
#4576 = EDGE_CURVE('',#2529,#2465,#4577,.T.);
#4577 = LINE('',#4578,#4579);
#4578 = CARTESIAN_POINT('',(-0.1,-7.47,-3.1));
#4579 = VECTOR('',#4580,1.);
#4580 = DIRECTION('',(1.,-1.110223024625E-16,0.));
#4581 = ORIENTED_EDGE('',*,*,#2472,.T.);
#4582 = ORIENTED_EDGE('',*,*,#4559,.F.);
#4583 = ORIENTED_EDGE('',*,*,#2536,.T.);
#4584 = PLANE('',#4585);
#4585 = AXIS2_PLACEMENT_3D('',#4586,#4587,#4588);
#4586 = CARTESIAN_POINT('',(-0.1,-7.47,-3.1));
#4587 = DIRECTION('',(0.,-0.,-1.));
#4588 = DIRECTION('',(-1.110223024625E-16,-1.,0.));
#4589 = ADVANCED_FACE('',(#4590),#4601,.T.);
#4590 = FACE_BOUND('',#4591,.T.);
#4591 = EDGE_LOOP('',(#4592,#4598,#4599,#4600));
#4592 = ORIENTED_EDGE('',*,*,#4593,.T.);
#4593 = EDGE_CURVE('',#2521,#2457,#4594,.T.);
#4594 = LINE('',#4595,#4596);
#4595 = CARTESIAN_POINT('',(-0.1,-7.32,-2.5));
#4596 = VECTOR('',#4597,1.);
#4597 = DIRECTION('',(1.,-1.110223024625E-16,0.));
#4598 = ORIENTED_EDGE('',*,*,#2464,.T.);
#4599 = ORIENTED_EDGE('',*,*,#4576,.F.);
#4600 = ORIENTED_EDGE('',*,*,#2528,.F.);
#4601 = PLANE('',#4602);
#4602 = AXIS2_PLACEMENT_3D('',#4603,#4604,#4605);
#4603 = CARTESIAN_POINT('',(-0.1,-7.32,-2.5));
#4604 = DIRECTION('',(1.077074540829E-16,0.970142500145,-0.242535625036)
  );
#4605 = DIRECTION('',(-2.692686352073E-17,-0.242535625036,
    -0.970142500145));
#4606 = ADVANCED_FACE('',(#4607),#4613,.T.);
#4607 = FACE_BOUND('',#4608,.T.);
#4608 = EDGE_LOOP('',(#4609,#4610,#4611,#4612));
#4609 = ORIENTED_EDGE('',*,*,#2494,.T.);
#4610 = ORIENTED_EDGE('',*,*,#2456,.T.);
#4611 = ORIENTED_EDGE('',*,*,#4593,.F.);
#4612 = ORIENTED_EDGE('',*,*,#2520,.F.);
#4613 = PLANE('',#4614);
#4614 = AXIS2_PLACEMENT_3D('',#4615,#4616,#4617);
#4615 = CARTESIAN_POINT('',(-0.1,-7.32,0.2));
#4616 = DIRECTION('',(1.110223024625E-16,1.,0.));
#4617 = DIRECTION('',(0.,0.,-1.));
#4618 = ADVANCED_FACE('',(#4619),#4630,.T.);
#4619 = FACE_BOUND('',#4620,.T.);
#4620 = EDGE_LOOP('',(#4621,#4627,#4628,#4629));
#4621 = ORIENTED_EDGE('',*,*,#4622,.T.);
#4622 = EDGE_CURVE('',#2640,#2576,#4623,.T.);
#4623 = LINE('',#4624,#4625);
#4624 = CARTESIAN_POINT('',(-0.1,-5.38,-2.5));
#4625 = VECTOR('',#4626,1.);
#4626 = DIRECTION('',(1.,-1.110223024625E-16,0.));
#4627 = ORIENTED_EDGE('',*,*,#2575,.T.);
#4628 = ORIENTED_EDGE('',*,*,#2560,.F.);
#4629 = ORIENTED_EDGE('',*,*,#2639,.F.);
#4630 = PLANE('',#4631);
#4631 = AXIS2_PLACEMENT_3D('',#4632,#4633,#4634);
#4632 = CARTESIAN_POINT('',(-0.1,-5.38,-2.5));
#4633 = DIRECTION('',(-1.110223024625E-16,-1.,0.));
#4634 = DIRECTION('',(0.,0.,1.));
#4635 = ADVANCED_FACE('',(#4636),#4647,.T.);
#4636 = FACE_BOUND('',#4637,.T.);
#4637 = EDGE_LOOP('',(#4638,#4644,#4645,#4646));
#4638 = ORIENTED_EDGE('',*,*,#4639,.T.);
#4639 = EDGE_CURVE('',#2665,#2601,#4640,.T.);
#4640 = LINE('',#4641,#4642);
#4641 = CARTESIAN_POINT('',(-0.1,-5.23,-3.1));
#4642 = VECTOR('',#4643,1.);
#4643 = DIRECTION('',(1.,-1.110223024625E-16,0.));
#4644 = ORIENTED_EDGE('',*,*,#2608,.T.);
#4645 = ORIENTED_EDGE('',*,*,#4622,.F.);
#4646 = ORIENTED_EDGE('',*,*,#2672,.F.);
#4647 = PLANE('',#4648);
#4648 = AXIS2_PLACEMENT_3D('',#4649,#4650,#4651);
#4649 = CARTESIAN_POINT('',(-0.1,-5.23,-3.1));
#4650 = DIRECTION('',(-1.077074540829E-16,-0.970142500145,
    -0.242535625036));
#4651 = DIRECTION('',(-2.692686352073E-17,-0.242535625036,0.970142500145
    ));
#4652 = ADVANCED_FACE('',(#4653),#4664,.T.);
#4653 = FACE_BOUND('',#4654,.T.);
#4654 = EDGE_LOOP('',(#4655,#4661,#4662,#4663));
#4655 = ORIENTED_EDGE('',*,*,#4656,.T.);
#4656 = EDGE_CURVE('',#2657,#2593,#4657,.T.);
#4657 = LINE('',#4658,#4659);
#4658 = CARTESIAN_POINT('',(-0.1,-4.93,-3.1));
#4659 = VECTOR('',#4660,1.);
#4660 = DIRECTION('',(1.,-1.110223024625E-16,0.));
#4661 = ORIENTED_EDGE('',*,*,#2600,.T.);
#4662 = ORIENTED_EDGE('',*,*,#4639,.F.);
#4663 = ORIENTED_EDGE('',*,*,#2664,.T.);
#4664 = PLANE('',#4665);
#4665 = AXIS2_PLACEMENT_3D('',#4666,#4667,#4668);
#4666 = CARTESIAN_POINT('',(-0.1,-4.93,-3.1));
#4667 = DIRECTION('',(0.,-0.,-1.));
#4668 = DIRECTION('',(-1.110223024625E-16,-1.,0.));
#4669 = ADVANCED_FACE('',(#4670),#4681,.T.);
#4670 = FACE_BOUND('',#4671,.T.);
#4671 = EDGE_LOOP('',(#4672,#4678,#4679,#4680));
#4672 = ORIENTED_EDGE('',*,*,#4673,.T.);
#4673 = EDGE_CURVE('',#2649,#2585,#4674,.T.);
#4674 = LINE('',#4675,#4676);
#4675 = CARTESIAN_POINT('',(-0.1,-4.78,-2.5));
#4676 = VECTOR('',#4677,1.);
#4677 = DIRECTION('',(1.,-1.110223024625E-16,0.));
#4678 = ORIENTED_EDGE('',*,*,#2592,.T.);
#4679 = ORIENTED_EDGE('',*,*,#4656,.F.);
#4680 = ORIENTED_EDGE('',*,*,#2656,.F.);
#4681 = PLANE('',#4682);
#4682 = AXIS2_PLACEMENT_3D('',#4683,#4684,#4685);
#4683 = CARTESIAN_POINT('',(-0.1,-4.78,-2.5));
#4684 = DIRECTION('',(1.077074540829E-16,0.970142500145,-0.242535625036)
  );
#4685 = DIRECTION('',(-2.692686352073E-17,-0.242535625036,
    -0.970142500145));
#4686 = ADVANCED_FACE('',(#4687),#4693,.T.);
#4687 = FACE_BOUND('',#4688,.T.);
#4688 = EDGE_LOOP('',(#4689,#4690,#4691,#4692));
#4689 = ORIENTED_EDGE('',*,*,#2622,.T.);
#4690 = ORIENTED_EDGE('',*,*,#2584,.T.);
#4691 = ORIENTED_EDGE('',*,*,#4673,.F.);
#4692 = ORIENTED_EDGE('',*,*,#2648,.F.);
#4693 = PLANE('',#4694);
#4694 = AXIS2_PLACEMENT_3D('',#4695,#4696,#4697);
#4695 = CARTESIAN_POINT('',(-0.1,-4.78,0.2));
#4696 = DIRECTION('',(1.110223024625E-16,1.,0.));
#4697 = DIRECTION('',(0.,0.,-1.));
#4698 = ADVANCED_FACE('',(#4699),#4710,.T.);
#4699 = FACE_BOUND('',#4700,.T.);
#4700 = EDGE_LOOP('',(#4701,#4707,#4708,#4709));
#4701 = ORIENTED_EDGE('',*,*,#4702,.T.);
#4702 = EDGE_CURVE('',#2768,#2704,#4703,.T.);
#4703 = LINE('',#4704,#4705);
#4704 = CARTESIAN_POINT('',(-0.1,-2.84,-2.5));
#4705 = VECTOR('',#4706,1.);
#4706 = DIRECTION('',(1.,-1.110223024625E-16,0.));
#4707 = ORIENTED_EDGE('',*,*,#2703,.T.);
#4708 = ORIENTED_EDGE('',*,*,#2688,.F.);
#4709 = ORIENTED_EDGE('',*,*,#2767,.F.);
#4710 = PLANE('',#4711);
#4711 = AXIS2_PLACEMENT_3D('',#4712,#4713,#4714);
#4712 = CARTESIAN_POINT('',(-0.1,-2.84,-2.5));
#4713 = DIRECTION('',(-1.110223024625E-16,-1.,0.));
#4714 = DIRECTION('',(0.,0.,1.));
#4715 = ADVANCED_FACE('',(#4716),#4727,.T.);
#4716 = FACE_BOUND('',#4717,.T.);
#4717 = EDGE_LOOP('',(#4718,#4724,#4725,#4726));
#4718 = ORIENTED_EDGE('',*,*,#4719,.T.);
#4719 = EDGE_CURVE('',#2793,#2729,#4720,.T.);
#4720 = LINE('',#4721,#4722);
#4721 = CARTESIAN_POINT('',(-0.1,-2.69,-3.1));
#4722 = VECTOR('',#4723,1.);
#4723 = DIRECTION('',(1.,-1.110223024625E-16,0.));
#4724 = ORIENTED_EDGE('',*,*,#2736,.T.);
#4725 = ORIENTED_EDGE('',*,*,#4702,.F.);
#4726 = ORIENTED_EDGE('',*,*,#2800,.F.);
#4727 = PLANE('',#4728);
#4728 = AXIS2_PLACEMENT_3D('',#4729,#4730,#4731);
#4729 = CARTESIAN_POINT('',(-0.1,-2.69,-3.1));
#4730 = DIRECTION('',(-1.077074540829E-16,-0.970142500145,
    -0.242535625036));
#4731 = DIRECTION('',(-2.692686352073E-17,-0.242535625036,0.970142500145
    ));
#4732 = ADVANCED_FACE('',(#4733),#4744,.T.);
#4733 = FACE_BOUND('',#4734,.T.);
#4734 = EDGE_LOOP('',(#4735,#4741,#4742,#4743));
#4735 = ORIENTED_EDGE('',*,*,#4736,.T.);
#4736 = EDGE_CURVE('',#2785,#2721,#4737,.T.);
#4737 = LINE('',#4738,#4739);
#4738 = CARTESIAN_POINT('',(-0.1,-2.39,-3.1));
#4739 = VECTOR('',#4740,1.);
#4740 = DIRECTION('',(1.,-1.110223024625E-16,0.));
#4741 = ORIENTED_EDGE('',*,*,#2728,.T.);
#4742 = ORIENTED_EDGE('',*,*,#4719,.F.);
#4743 = ORIENTED_EDGE('',*,*,#2792,.T.);
#4744 = PLANE('',#4745);
#4745 = AXIS2_PLACEMENT_3D('',#4746,#4747,#4748);
#4746 = CARTESIAN_POINT('',(-0.1,-2.39,-3.1));
#4747 = DIRECTION('',(0.,-0.,-1.));
#4748 = DIRECTION('',(-1.110223024625E-16,-1.,0.));
#4749 = ADVANCED_FACE('',(#4750),#4761,.T.);
#4750 = FACE_BOUND('',#4751,.T.);
#4751 = EDGE_LOOP('',(#4752,#4758,#4759,#4760));
#4752 = ORIENTED_EDGE('',*,*,#4753,.T.);
#4753 = EDGE_CURVE('',#2777,#2713,#4754,.T.);
#4754 = LINE('',#4755,#4756);
#4755 = CARTESIAN_POINT('',(-0.1,-2.24,-2.5));
#4756 = VECTOR('',#4757,1.);
#4757 = DIRECTION('',(1.,-1.110223024625E-16,0.));
#4758 = ORIENTED_EDGE('',*,*,#2720,.T.);
#4759 = ORIENTED_EDGE('',*,*,#4736,.F.);
#4760 = ORIENTED_EDGE('',*,*,#2784,.F.);
#4761 = PLANE('',#4762);
#4762 = AXIS2_PLACEMENT_3D('',#4763,#4764,#4765);
#4763 = CARTESIAN_POINT('',(-0.1,-2.24,-2.5));
#4764 = DIRECTION('',(1.077074540829E-16,0.970142500145,-0.242535625036)
  );
#4765 = DIRECTION('',(-2.692686352073E-17,-0.242535625036,
    -0.970142500145));
#4766 = ADVANCED_FACE('',(#4767),#4773,.T.);
#4767 = FACE_BOUND('',#4768,.T.);
#4768 = EDGE_LOOP('',(#4769,#4770,#4771,#4772));
#4769 = ORIENTED_EDGE('',*,*,#2750,.T.);
#4770 = ORIENTED_EDGE('',*,*,#2712,.T.);
#4771 = ORIENTED_EDGE('',*,*,#4753,.F.);
#4772 = ORIENTED_EDGE('',*,*,#2776,.F.);
#4773 = PLANE('',#4774);
#4774 = AXIS2_PLACEMENT_3D('',#4775,#4776,#4777);
#4775 = CARTESIAN_POINT('',(-0.1,-2.24,0.2));
#4776 = DIRECTION('',(1.110223024625E-16,1.,0.));
#4777 = DIRECTION('',(0.,0.,-1.));
#4778 = ADVANCED_FACE('',(#4779),#4790,.T.);
#4779 = FACE_BOUND('',#4780,.T.);
#4780 = EDGE_LOOP('',(#4781,#4787,#4788,#4789));
#4781 = ORIENTED_EDGE('',*,*,#4782,.T.);
#4782 = EDGE_CURVE('',#2896,#2832,#4783,.T.);
#4783 = LINE('',#4784,#4785);
#4784 = CARTESIAN_POINT('',(-0.1,-0.3,-2.5));
#4785 = VECTOR('',#4786,1.);
#4786 = DIRECTION('',(1.,-1.110223024625E-16,0.));
#4787 = ORIENTED_EDGE('',*,*,#2831,.T.);
#4788 = ORIENTED_EDGE('',*,*,#2816,.F.);
#4789 = ORIENTED_EDGE('',*,*,#2895,.F.);
#4790 = PLANE('',#4791);
#4791 = AXIS2_PLACEMENT_3D('',#4792,#4793,#4794);
#4792 = CARTESIAN_POINT('',(-0.1,-0.3,-2.5));
#4793 = DIRECTION('',(-1.110223024625E-16,-1.,0.));
#4794 = DIRECTION('',(0.,0.,1.));
#4795 = ADVANCED_FACE('',(#4796),#4807,.T.);
#4796 = FACE_BOUND('',#4797,.T.);
#4797 = EDGE_LOOP('',(#4798,#4804,#4805,#4806));
#4798 = ORIENTED_EDGE('',*,*,#4799,.T.);
#4799 = EDGE_CURVE('',#2921,#2857,#4800,.T.);
#4800 = LINE('',#4801,#4802);
#4801 = CARTESIAN_POINT('',(-0.1,-0.15,-3.1));
#4802 = VECTOR('',#4803,1.);
#4803 = DIRECTION('',(1.,-1.110223024625E-16,0.));
#4804 = ORIENTED_EDGE('',*,*,#2864,.T.);
#4805 = ORIENTED_EDGE('',*,*,#4782,.F.);
#4806 = ORIENTED_EDGE('',*,*,#2928,.F.);
#4807 = PLANE('',#4808);
#4808 = AXIS2_PLACEMENT_3D('',#4809,#4810,#4811);
#4809 = CARTESIAN_POINT('',(-0.1,-0.15,-3.1));
#4810 = DIRECTION('',(-1.077074540829E-16,-0.970142500145,
    -0.242535625036));
#4811 = DIRECTION('',(-2.692686352073E-17,-0.242535625036,0.970142500145
    ));
#4812 = ADVANCED_FACE('',(#4813),#4824,.T.);
#4813 = FACE_BOUND('',#4814,.T.);
#4814 = EDGE_LOOP('',(#4815,#4821,#4822,#4823));
#4815 = ORIENTED_EDGE('',*,*,#4816,.T.);
#4816 = EDGE_CURVE('',#2913,#2849,#4817,.T.);
#4817 = LINE('',#4818,#4819);
#4818 = CARTESIAN_POINT('',(-0.1,0.15,-3.1));
#4819 = VECTOR('',#4820,1.);
#4820 = DIRECTION('',(1.,-1.110223024625E-16,0.));
#4821 = ORIENTED_EDGE('',*,*,#2856,.T.);
#4822 = ORIENTED_EDGE('',*,*,#4799,.F.);
#4823 = ORIENTED_EDGE('',*,*,#2920,.T.);
#4824 = PLANE('',#4825);
#4825 = AXIS2_PLACEMENT_3D('',#4826,#4827,#4828);
#4826 = CARTESIAN_POINT('',(-0.1,0.15,-3.1));
#4827 = DIRECTION('',(0.,-0.,-1.));
#4828 = DIRECTION('',(-1.110223024625E-16,-1.,0.));
#4829 = ADVANCED_FACE('',(#4830),#4841,.T.);
#4830 = FACE_BOUND('',#4831,.T.);
#4831 = EDGE_LOOP('',(#4832,#4838,#4839,#4840));
#4832 = ORIENTED_EDGE('',*,*,#4833,.T.);
#4833 = EDGE_CURVE('',#2905,#2841,#4834,.T.);
#4834 = LINE('',#4835,#4836);
#4835 = CARTESIAN_POINT('',(-0.1,0.3,-2.5));
#4836 = VECTOR('',#4837,1.);
#4837 = DIRECTION('',(1.,-1.110223024625E-16,0.));
#4838 = ORIENTED_EDGE('',*,*,#2848,.T.);
#4839 = ORIENTED_EDGE('',*,*,#4816,.F.);
#4840 = ORIENTED_EDGE('',*,*,#2912,.F.);
#4841 = PLANE('',#4842);
#4842 = AXIS2_PLACEMENT_3D('',#4843,#4844,#4845);
#4843 = CARTESIAN_POINT('',(-0.1,0.3,-2.5));
#4844 = DIRECTION('',(1.077074540829E-16,0.970142500145,-0.242535625036)
  );
#4845 = DIRECTION('',(-2.692686352073E-17,-0.242535625036,
    -0.970142500145));
#4846 = ADVANCED_FACE('',(#4847),#4853,.T.);
#4847 = FACE_BOUND('',#4848,.T.);
#4848 = EDGE_LOOP('',(#4849,#4850,#4851,#4852));
#4849 = ORIENTED_EDGE('',*,*,#2878,.T.);
#4850 = ORIENTED_EDGE('',*,*,#2840,.T.);
#4851 = ORIENTED_EDGE('',*,*,#4833,.F.);
#4852 = ORIENTED_EDGE('',*,*,#2904,.F.);
#4853 = PLANE('',#4854);
#4854 = AXIS2_PLACEMENT_3D('',#4855,#4856,#4857);
#4855 = CARTESIAN_POINT('',(-0.1,0.3,0.2));
#4856 = DIRECTION('',(1.110223024625E-16,1.,0.));
#4857 = DIRECTION('',(0.,0.,-1.));
#4858 = ADVANCED_FACE('',(#4859),#4870,.T.);
#4859 = FACE_BOUND('',#4860,.T.);
#4860 = EDGE_LOOP('',(#4861,#4862,#4863,#4864));
#4861 = ORIENTED_EDGE('',*,*,#3087,.T.);
#4862 = ORIENTED_EDGE('',*,*,#2950,.T.);
#4863 = ORIENTED_EDGE('',*,*,#2975,.T.);
#4864 = ORIENTED_EDGE('',*,*,#4865,.T.);
#4865 = EDGE_CURVE('',#2976,#3080,#4866,.T.);
#4866 = LINE('',#4867,#4868);
#4867 = CARTESIAN_POINT('',(0.1,-17.78,0.9));
#4868 = VECTOR('',#4869,1.);
#4869 = DIRECTION('',(-1.110223024625E-16,-1.,0.));
#4870 = PLANE('',#4871);
#4871 = AXIS2_PLACEMENT_3D('',#4872,#4873,#4874);
#4872 = CARTESIAN_POINT('',(-2.067651605486E-15,-17.78,0.9));
#4873 = DIRECTION('',(0.,0.,1.));
#4874 = DIRECTION('',(1.110223024625E-16,1.,-0.));
#4875 = ADVANCED_FACE('',(#4876),#4887,.T.);
#4876 = FACE_BOUND('',#4877,.T.);
#4877 = EDGE_LOOP('',(#4878,#4879,#4885,#4886));
#4878 = ORIENTED_EDGE('',*,*,#3055,.T.);
#4879 = ORIENTED_EDGE('',*,*,#4880,.F.);
#4880 = EDGE_CURVE('',#3000,#3056,#4881,.T.);
#4881 = LINE('',#4882,#4883);
#4882 = CARTESIAN_POINT('',(-0.1,-17.78,0.9));
#4883 = VECTOR('',#4884,1.);
#4884 = DIRECTION('',(-1.110223024625E-16,-1.,0.));
#4885 = ORIENTED_EDGE('',*,*,#3007,.T.);
#4886 = ORIENTED_EDGE('',*,*,#3030,.T.);
#4887 = PLANE('',#4888);
#4888 = AXIS2_PLACEMENT_3D('',#4889,#4890,#4891);
#4889 = CARTESIAN_POINT('',(-2.067651605486E-15,-17.78,0.9));
#4890 = DIRECTION('',(0.,0.,1.));
#4891 = DIRECTION('',(1.110223024625E-16,1.,-0.));
#4892 = ADVANCED_FACE('',(#4893),#4936,.T.);
#4893 = FACE_BOUND('',#4894,.T.);
#4894 = EDGE_LOOP('',(#4895,#4896,#4904,#4912,#4920,#4928,#4934,#4935));
#4895 = ORIENTED_EDGE('',*,*,#3063,.F.);
#4896 = ORIENTED_EDGE('',*,*,#4897,.T.);
#4897 = EDGE_CURVE('',#3064,#4898,#4900,.T.);
#4898 = VERTEX_POINT('',#4899);
#4899 = CARTESIAN_POINT('',(-0.1,-18.03,7.35));
#4900 = LINE('',#4901,#4902);
#4901 = CARTESIAN_POINT('',(-0.1,-18.08,7.4));
#4902 = VECTOR('',#4903,1.);
#4903 = DIRECTION('',(7.850462293414E-17,0.707106781187,-0.707106781187)
  );
#4904 = ORIENTED_EDGE('',*,*,#4905,.T.);
#4905 = EDGE_CURVE('',#4898,#4906,#4908,.T.);
#4906 = VERTEX_POINT('',#4907);
#4907 = CARTESIAN_POINT('',(-0.1,-18.03,1.25));
#4908 = LINE('',#4909,#4910);
#4909 = CARTESIAN_POINT('',(-0.1,-18.03,7.35));
#4910 = VECTOR('',#4911,1.);
#4911 = DIRECTION('',(0.,0.,-1.));
#4912 = ORIENTED_EDGE('',*,*,#4913,.T.);
#4913 = EDGE_CURVE('',#4906,#4914,#4916,.T.);
#4914 = VERTEX_POINT('',#4915);
#4915 = CARTESIAN_POINT('',(-0.1,-17.53,1.25));
#4916 = LINE('',#4917,#4918);
#4917 = CARTESIAN_POINT('',(-0.1,-18.03,1.25));
#4918 = VECTOR('',#4919,1.);
#4919 = DIRECTION('',(1.110223024625E-16,1.,0.));
#4920 = ORIENTED_EDGE('',*,*,#4921,.T.);
#4921 = EDGE_CURVE('',#4914,#4922,#4924,.T.);
#4922 = VERTEX_POINT('',#4923);
#4923 = CARTESIAN_POINT('',(-0.1,-17.53,7.35));
#4924 = LINE('',#4925,#4926);
#4925 = CARTESIAN_POINT('',(-0.1,-17.53,1.25));
#4926 = VECTOR('',#4927,1.);
#4927 = DIRECTION('',(0.,0.,1.));
#4928 = ORIENTED_EDGE('',*,*,#4929,.T.);
#4929 = EDGE_CURVE('',#4922,#2992,#4930,.T.);
#4930 = LINE('',#4931,#4932);
#4931 = CARTESIAN_POINT('',(-0.1,-17.53,7.35));
#4932 = VECTOR('',#4933,1.);
#4933 = DIRECTION('',(7.850462293414E-17,0.707106781187,0.707106781187)
  );
#4934 = ORIENTED_EDGE('',*,*,#2999,.F.);
#4935 = ORIENTED_EDGE('',*,*,#4880,.T.);
#4936 = PLANE('',#4937);
#4937 = AXIS2_PLACEMENT_3D('',#4938,#4939,#4940);
#4938 = CARTESIAN_POINT('',(-0.1,-17.78,3.911477598424));
#4939 = DIRECTION('',(-1.,1.110223024625E-16,0.));
#4940 = DIRECTION('',(0.,0.,1.));
#4941 = ADVANCED_FACE('',(#4942),#4960,.T.);
#4942 = FACE_BOUND('',#4943,.T.);
#4943 = EDGE_LOOP('',(#4944,#4952,#4958,#4959));
#4944 = ORIENTED_EDGE('',*,*,#4945,.T.);
#4945 = EDGE_CURVE('',#4922,#4946,#4948,.T.);
#4946 = VERTEX_POINT('',#4947);
#4947 = CARTESIAN_POINT('',(0.1,-17.53,7.35));
#4948 = LINE('',#4949,#4950);
#4949 = CARTESIAN_POINT('',(-0.1,-17.53,7.35));
#4950 = VECTOR('',#4951,1.);
#4951 = DIRECTION('',(1.,-1.110223024625E-16,0.));
#4952 = ORIENTED_EDGE('',*,*,#4953,.T.);
#4953 = EDGE_CURVE('',#4946,#2984,#4954,.T.);
#4954 = LINE('',#4955,#4956);
#4955 = CARTESIAN_POINT('',(0.1,-17.53,7.35));
#4956 = VECTOR('',#4957,1.);
#4957 = DIRECTION('',(7.850462293414E-17,0.707106781187,0.707106781187)
  );
#4958 = ORIENTED_EDGE('',*,*,#2991,.F.);
#4959 = ORIENTED_EDGE('',*,*,#4929,.F.);
#4960 = PLANE('',#4961);
#4961 = AXIS2_PLACEMENT_3D('',#4962,#4963,#4964);
#4962 = CARTESIAN_POINT('',(-0.1,-17.53,7.35));
#4963 = DIRECTION('',(-7.850462293414E-17,-0.707106781187,0.707106781187
    ));
#4964 = DIRECTION('',(7.850462293414E-17,0.707106781187,0.707106781187)
  );
#4965 = ADVANCED_FACE('',(#4966),#5002,.F.);
#4966 = FACE_BOUND('',#4967,.F.);
#4967 = EDGE_LOOP('',(#4968,#4969,#4977,#4985,#4993,#4999,#5000,#5001));
#4968 = ORIENTED_EDGE('',*,*,#3079,.F.);
#4969 = ORIENTED_EDGE('',*,*,#4970,.T.);
#4970 = EDGE_CURVE('',#3072,#4971,#4973,.T.);
#4971 = VERTEX_POINT('',#4972);
#4972 = CARTESIAN_POINT('',(0.1,-18.03,7.35));
#4973 = LINE('',#4974,#4975);
#4974 = CARTESIAN_POINT('',(0.1,-18.08,7.4));
#4975 = VECTOR('',#4976,1.);
#4976 = DIRECTION('',(7.850462293414E-17,0.707106781187,-0.707106781187)
  );
#4977 = ORIENTED_EDGE('',*,*,#4978,.T.);
#4978 = EDGE_CURVE('',#4971,#4979,#4981,.T.);
#4979 = VERTEX_POINT('',#4980);
#4980 = CARTESIAN_POINT('',(0.1,-18.03,1.25));
#4981 = LINE('',#4982,#4983);
#4982 = CARTESIAN_POINT('',(0.1,-18.03,7.35));
#4983 = VECTOR('',#4984,1.);
#4984 = DIRECTION('',(0.,0.,-1.));
#4985 = ORIENTED_EDGE('',*,*,#4986,.T.);
#4986 = EDGE_CURVE('',#4979,#4987,#4989,.T.);
#4987 = VERTEX_POINT('',#4988);
#4988 = CARTESIAN_POINT('',(0.1,-17.53,1.25));
#4989 = LINE('',#4990,#4991);
#4990 = CARTESIAN_POINT('',(0.1,-18.03,1.25));
#4991 = VECTOR('',#4992,1.);
#4992 = DIRECTION('',(1.110223024625E-16,1.,0.));
#4993 = ORIENTED_EDGE('',*,*,#4994,.T.);
#4994 = EDGE_CURVE('',#4987,#4946,#4995,.T.);
#4995 = LINE('',#4996,#4997);
#4996 = CARTESIAN_POINT('',(0.1,-17.53,1.25));
#4997 = VECTOR('',#4998,1.);
#4998 = DIRECTION('',(0.,0.,1.));
#4999 = ORIENTED_EDGE('',*,*,#4953,.T.);
#5000 = ORIENTED_EDGE('',*,*,#2983,.F.);
#5001 = ORIENTED_EDGE('',*,*,#4865,.T.);
#5002 = PLANE('',#5003);
#5003 = AXIS2_PLACEMENT_3D('',#5004,#5005,#5006);
#5004 = CARTESIAN_POINT('',(0.1,-17.78,3.911477598424));
#5005 = DIRECTION('',(-1.,1.110223024625E-16,0.));
#5006 = DIRECTION('',(0.,0.,1.));
#5007 = ADVANCED_FACE('',(#5008),#5019,.T.);
#5008 = FACE_BOUND('',#5009,.T.);
#5009 = EDGE_LOOP('',(#5010,#5011,#5012,#5018));
#5010 = ORIENTED_EDGE('',*,*,#3071,.T.);
#5011 = ORIENTED_EDGE('',*,*,#4970,.T.);
#5012 = ORIENTED_EDGE('',*,*,#5013,.F.);
#5013 = EDGE_CURVE('',#4898,#4971,#5014,.T.);
#5014 = LINE('',#5015,#5016);
#5015 = CARTESIAN_POINT('',(-0.1,-18.03,7.35));
#5016 = VECTOR('',#5017,1.);
#5017 = DIRECTION('',(1.,-1.110223024625E-16,0.));
#5018 = ORIENTED_EDGE('',*,*,#4897,.F.);
#5019 = PLANE('',#5020);
#5020 = AXIS2_PLACEMENT_3D('',#5021,#5022,#5023);
#5021 = CARTESIAN_POINT('',(-0.1,-18.08,7.4));
#5022 = DIRECTION('',(7.850462293414E-17,0.707106781187,0.707106781187)
  );
#5023 = DIRECTION('',(7.850462293414E-17,0.707106781187,-0.707106781187)
  );
#5024 = ADVANCED_FACE('',(#5025),#5036,.T.);
#5025 = FACE_BOUND('',#5026,.T.);
#5026 = EDGE_LOOP('',(#5027,#5028,#5029,#5030));
#5027 = ORIENTED_EDGE('',*,*,#3247,.T.);
#5028 = ORIENTED_EDGE('',*,*,#3110,.T.);
#5029 = ORIENTED_EDGE('',*,*,#3135,.T.);
#5030 = ORIENTED_EDGE('',*,*,#5031,.T.);
#5031 = EDGE_CURVE('',#3136,#3240,#5032,.T.);
#5032 = LINE('',#5033,#5034);
#5033 = CARTESIAN_POINT('',(0.1,-15.24,0.9));
#5034 = VECTOR('',#5035,1.);
#5035 = DIRECTION('',(-1.110223024625E-16,-1.,0.));
#5036 = PLANE('',#5037);
#5037 = AXIS2_PLACEMENT_3D('',#5038,#5039,#5040);
#5038 = CARTESIAN_POINT('',(-1.785654957231E-15,-15.24,0.9));
#5039 = DIRECTION('',(0.,0.,1.));
#5040 = DIRECTION('',(1.110223024625E-16,1.,-0.));
#5041 = ADVANCED_FACE('',(#5042),#5053,.T.);
#5042 = FACE_BOUND('',#5043,.T.);
#5043 = EDGE_LOOP('',(#5044,#5045,#5051,#5052));
#5044 = ORIENTED_EDGE('',*,*,#3215,.T.);
#5045 = ORIENTED_EDGE('',*,*,#5046,.F.);
#5046 = EDGE_CURVE('',#3160,#3216,#5047,.T.);
#5047 = LINE('',#5048,#5049);
#5048 = CARTESIAN_POINT('',(-0.1,-15.24,0.9));
#5049 = VECTOR('',#5050,1.);
#5050 = DIRECTION('',(-1.110223024625E-16,-1.,0.));
#5051 = ORIENTED_EDGE('',*,*,#3167,.T.);
#5052 = ORIENTED_EDGE('',*,*,#3190,.T.);
#5053 = PLANE('',#5054);
#5054 = AXIS2_PLACEMENT_3D('',#5055,#5056,#5057);
#5055 = CARTESIAN_POINT('',(-1.785654957231E-15,-15.24,0.9));
#5056 = DIRECTION('',(0.,0.,1.));
#5057 = DIRECTION('',(1.110223024625E-16,1.,-0.));
#5058 = ADVANCED_FACE('',(#5059),#5102,.T.);
#5059 = FACE_BOUND('',#5060,.T.);
#5060 = EDGE_LOOP('',(#5061,#5062,#5070,#5078,#5086,#5094,#5100,#5101));
#5061 = ORIENTED_EDGE('',*,*,#3223,.F.);
#5062 = ORIENTED_EDGE('',*,*,#5063,.T.);
#5063 = EDGE_CURVE('',#3224,#5064,#5066,.T.);
#5064 = VERTEX_POINT('',#5065);
#5065 = CARTESIAN_POINT('',(-0.1,-15.49,7.35));
#5066 = LINE('',#5067,#5068);
#5067 = CARTESIAN_POINT('',(-0.1,-15.54,7.4));
#5068 = VECTOR('',#5069,1.);
#5069 = DIRECTION('',(7.850462293414E-17,0.707106781187,-0.707106781187)
  );
#5070 = ORIENTED_EDGE('',*,*,#5071,.T.);
#5071 = EDGE_CURVE('',#5064,#5072,#5074,.T.);
#5072 = VERTEX_POINT('',#5073);
#5073 = CARTESIAN_POINT('',(-0.1,-15.49,1.25));
#5074 = LINE('',#5075,#5076);
#5075 = CARTESIAN_POINT('',(-0.1,-15.49,7.35));
#5076 = VECTOR('',#5077,1.);
#5077 = DIRECTION('',(0.,0.,-1.));
#5078 = ORIENTED_EDGE('',*,*,#5079,.T.);
#5079 = EDGE_CURVE('',#5072,#5080,#5082,.T.);
#5080 = VERTEX_POINT('',#5081);
#5081 = CARTESIAN_POINT('',(-0.1,-14.99,1.25));
#5082 = LINE('',#5083,#5084);
#5083 = CARTESIAN_POINT('',(-0.1,-15.49,1.25));
#5084 = VECTOR('',#5085,1.);
#5085 = DIRECTION('',(1.110223024625E-16,1.,0.));
#5086 = ORIENTED_EDGE('',*,*,#5087,.T.);
#5087 = EDGE_CURVE('',#5080,#5088,#5090,.T.);
#5088 = VERTEX_POINT('',#5089);
#5089 = CARTESIAN_POINT('',(-0.1,-14.99,7.35));
#5090 = LINE('',#5091,#5092);
#5091 = CARTESIAN_POINT('',(-0.1,-14.99,1.25));
#5092 = VECTOR('',#5093,1.);
#5093 = DIRECTION('',(0.,0.,1.));
#5094 = ORIENTED_EDGE('',*,*,#5095,.T.);
#5095 = EDGE_CURVE('',#5088,#3152,#5096,.T.);
#5096 = LINE('',#5097,#5098);
#5097 = CARTESIAN_POINT('',(-0.1,-14.99,7.35));
#5098 = VECTOR('',#5099,1.);
#5099 = DIRECTION('',(7.850462293414E-17,0.707106781187,0.707106781187)
  );
#5100 = ORIENTED_EDGE('',*,*,#3159,.F.);
#5101 = ORIENTED_EDGE('',*,*,#5046,.T.);
#5102 = PLANE('',#5103);
#5103 = AXIS2_PLACEMENT_3D('',#5104,#5105,#5106);
#5104 = CARTESIAN_POINT('',(-0.1,-15.24,3.911477598424));
#5105 = DIRECTION('',(-1.,1.110223024625E-16,0.));
#5106 = DIRECTION('',(0.,0.,1.));
#5107 = ADVANCED_FACE('',(#5108),#5126,.T.);
#5108 = FACE_BOUND('',#5109,.T.);
#5109 = EDGE_LOOP('',(#5110,#5118,#5124,#5125));
#5110 = ORIENTED_EDGE('',*,*,#5111,.T.);
#5111 = EDGE_CURVE('',#5088,#5112,#5114,.T.);
#5112 = VERTEX_POINT('',#5113);
#5113 = CARTESIAN_POINT('',(0.1,-14.99,7.35));
#5114 = LINE('',#5115,#5116);
#5115 = CARTESIAN_POINT('',(-0.1,-14.99,7.35));
#5116 = VECTOR('',#5117,1.);
#5117 = DIRECTION('',(1.,-1.110223024625E-16,0.));
#5118 = ORIENTED_EDGE('',*,*,#5119,.T.);
#5119 = EDGE_CURVE('',#5112,#3144,#5120,.T.);
#5120 = LINE('',#5121,#5122);
#5121 = CARTESIAN_POINT('',(0.1,-14.99,7.35));
#5122 = VECTOR('',#5123,1.);
#5123 = DIRECTION('',(7.850462293414E-17,0.707106781187,0.707106781187)
  );
#5124 = ORIENTED_EDGE('',*,*,#3151,.F.);
#5125 = ORIENTED_EDGE('',*,*,#5095,.F.);
#5126 = PLANE('',#5127);
#5127 = AXIS2_PLACEMENT_3D('',#5128,#5129,#5130);
#5128 = CARTESIAN_POINT('',(-0.1,-14.99,7.35));
#5129 = DIRECTION('',(-7.850462293414E-17,-0.707106781187,0.707106781187
    ));
#5130 = DIRECTION('',(7.850462293414E-17,0.707106781187,0.707106781187)
  );
#5131 = ADVANCED_FACE('',(#5132),#5168,.F.);
#5132 = FACE_BOUND('',#5133,.F.);
#5133 = EDGE_LOOP('',(#5134,#5135,#5143,#5151,#5159,#5165,#5166,#5167));
#5134 = ORIENTED_EDGE('',*,*,#3239,.F.);
#5135 = ORIENTED_EDGE('',*,*,#5136,.T.);
#5136 = EDGE_CURVE('',#3232,#5137,#5139,.T.);
#5137 = VERTEX_POINT('',#5138);
#5138 = CARTESIAN_POINT('',(0.1,-15.49,7.35));
#5139 = LINE('',#5140,#5141);
#5140 = CARTESIAN_POINT('',(0.1,-15.54,7.4));
#5141 = VECTOR('',#5142,1.);
#5142 = DIRECTION('',(7.850462293414E-17,0.707106781187,-0.707106781187)
  );
#5143 = ORIENTED_EDGE('',*,*,#5144,.T.);
#5144 = EDGE_CURVE('',#5137,#5145,#5147,.T.);
#5145 = VERTEX_POINT('',#5146);
#5146 = CARTESIAN_POINT('',(0.1,-15.49,1.25));
#5147 = LINE('',#5148,#5149);
#5148 = CARTESIAN_POINT('',(0.1,-15.49,7.35));
#5149 = VECTOR('',#5150,1.);
#5150 = DIRECTION('',(0.,0.,-1.));
#5151 = ORIENTED_EDGE('',*,*,#5152,.T.);
#5152 = EDGE_CURVE('',#5145,#5153,#5155,.T.);
#5153 = VERTEX_POINT('',#5154);
#5154 = CARTESIAN_POINT('',(0.1,-14.99,1.25));
#5155 = LINE('',#5156,#5157);
#5156 = CARTESIAN_POINT('',(0.1,-15.49,1.25));
#5157 = VECTOR('',#5158,1.);
#5158 = DIRECTION('',(1.110223024625E-16,1.,0.));
#5159 = ORIENTED_EDGE('',*,*,#5160,.T.);
#5160 = EDGE_CURVE('',#5153,#5112,#5161,.T.);
#5161 = LINE('',#5162,#5163);
#5162 = CARTESIAN_POINT('',(0.1,-14.99,1.25));
#5163 = VECTOR('',#5164,1.);
#5164 = DIRECTION('',(0.,0.,1.));
#5165 = ORIENTED_EDGE('',*,*,#5119,.T.);
#5166 = ORIENTED_EDGE('',*,*,#3143,.F.);
#5167 = ORIENTED_EDGE('',*,*,#5031,.T.);
#5168 = PLANE('',#5169);
#5169 = AXIS2_PLACEMENT_3D('',#5170,#5171,#5172);
#5170 = CARTESIAN_POINT('',(0.1,-15.24,3.911477598424));
#5171 = DIRECTION('',(-1.,1.110223024625E-16,0.));
#5172 = DIRECTION('',(0.,0.,1.));
#5173 = ADVANCED_FACE('',(#5174),#5185,.T.);
#5174 = FACE_BOUND('',#5175,.T.);
#5175 = EDGE_LOOP('',(#5176,#5177,#5178,#5184));
#5176 = ORIENTED_EDGE('',*,*,#3231,.T.);
#5177 = ORIENTED_EDGE('',*,*,#5136,.T.);
#5178 = ORIENTED_EDGE('',*,*,#5179,.F.);
#5179 = EDGE_CURVE('',#5064,#5137,#5180,.T.);
#5180 = LINE('',#5181,#5182);
#5181 = CARTESIAN_POINT('',(-0.1,-15.49,7.35));
#5182 = VECTOR('',#5183,1.);
#5183 = DIRECTION('',(1.,-1.110223024625E-16,0.));
#5184 = ORIENTED_EDGE('',*,*,#5063,.F.);
#5185 = PLANE('',#5186);
#5186 = AXIS2_PLACEMENT_3D('',#5187,#5188,#5189);
#5187 = CARTESIAN_POINT('',(-0.1,-15.54,7.4));
#5188 = DIRECTION('',(7.850462293414E-17,0.707106781187,0.707106781187)
  );
#5189 = DIRECTION('',(7.850462293414E-17,0.707106781187,-0.707106781187)
  );
#5190 = ADVANCED_FACE('',(#5191),#5202,.T.);
#5191 = FACE_BOUND('',#5192,.T.);
#5192 = EDGE_LOOP('',(#5193,#5194,#5195,#5196));
#5193 = ORIENTED_EDGE('',*,*,#3407,.T.);
#5194 = ORIENTED_EDGE('',*,*,#3270,.T.);
#5195 = ORIENTED_EDGE('',*,*,#3295,.T.);
#5196 = ORIENTED_EDGE('',*,*,#5197,.T.);
#5197 = EDGE_CURVE('',#3296,#3400,#5198,.T.);
#5198 = LINE('',#5199,#5200);
#5199 = CARTESIAN_POINT('',(0.1,-12.7,0.9));
#5200 = VECTOR('',#5201,1.);
#5201 = DIRECTION('',(-1.110223024625E-16,-1.,0.));
#5202 = PLANE('',#5203);
#5203 = AXIS2_PLACEMENT_3D('',#5204,#5205,#5206);
#5204 = CARTESIAN_POINT('',(-1.503658308977E-15,-12.7,0.9));
#5205 = DIRECTION('',(0.,0.,1.));
#5206 = DIRECTION('',(1.110223024625E-16,1.,-0.));
#5207 = ADVANCED_FACE('',(#5208),#5219,.T.);
#5208 = FACE_BOUND('',#5209,.T.);
#5209 = EDGE_LOOP('',(#5210,#5211,#5217,#5218));
#5210 = ORIENTED_EDGE('',*,*,#3375,.T.);
#5211 = ORIENTED_EDGE('',*,*,#5212,.F.);
#5212 = EDGE_CURVE('',#3320,#3376,#5213,.T.);
#5213 = LINE('',#5214,#5215);
#5214 = CARTESIAN_POINT('',(-0.1,-12.7,0.9));
#5215 = VECTOR('',#5216,1.);
#5216 = DIRECTION('',(-1.110223024625E-16,-1.,0.));
#5217 = ORIENTED_EDGE('',*,*,#3327,.T.);
#5218 = ORIENTED_EDGE('',*,*,#3350,.T.);
#5219 = PLANE('',#5220);
#5220 = AXIS2_PLACEMENT_3D('',#5221,#5222,#5223);
#5221 = CARTESIAN_POINT('',(-1.503658308977E-15,-12.7,0.9));
#5222 = DIRECTION('',(0.,0.,1.));
#5223 = DIRECTION('',(1.110223024625E-16,1.,-0.));
#5224 = ADVANCED_FACE('',(#5225),#5268,.T.);
#5225 = FACE_BOUND('',#5226,.T.);
#5226 = EDGE_LOOP('',(#5227,#5228,#5236,#5244,#5252,#5260,#5266,#5267));
#5227 = ORIENTED_EDGE('',*,*,#3383,.F.);
#5228 = ORIENTED_EDGE('',*,*,#5229,.T.);
#5229 = EDGE_CURVE('',#3384,#5230,#5232,.T.);
#5230 = VERTEX_POINT('',#5231);
#5231 = CARTESIAN_POINT('',(-0.1,-12.95,7.35));
#5232 = LINE('',#5233,#5234);
#5233 = CARTESIAN_POINT('',(-0.1,-13.,7.4));
#5234 = VECTOR('',#5235,1.);
#5235 = DIRECTION('',(7.850462293414E-17,0.707106781187,-0.707106781187)
  );
#5236 = ORIENTED_EDGE('',*,*,#5237,.T.);
#5237 = EDGE_CURVE('',#5230,#5238,#5240,.T.);
#5238 = VERTEX_POINT('',#5239);
#5239 = CARTESIAN_POINT('',(-0.1,-12.95,1.25));
#5240 = LINE('',#5241,#5242);
#5241 = CARTESIAN_POINT('',(-0.1,-12.95,7.35));
#5242 = VECTOR('',#5243,1.);
#5243 = DIRECTION('',(0.,0.,-1.));
#5244 = ORIENTED_EDGE('',*,*,#5245,.T.);
#5245 = EDGE_CURVE('',#5238,#5246,#5248,.T.);
#5246 = VERTEX_POINT('',#5247);
#5247 = CARTESIAN_POINT('',(-0.1,-12.45,1.25));
#5248 = LINE('',#5249,#5250);
#5249 = CARTESIAN_POINT('',(-0.1,-12.95,1.25));
#5250 = VECTOR('',#5251,1.);
#5251 = DIRECTION('',(1.110223024625E-16,1.,0.));
#5252 = ORIENTED_EDGE('',*,*,#5253,.T.);
#5253 = EDGE_CURVE('',#5246,#5254,#5256,.T.);
#5254 = VERTEX_POINT('',#5255);
#5255 = CARTESIAN_POINT('',(-0.1,-12.45,7.35));
#5256 = LINE('',#5257,#5258);
#5257 = CARTESIAN_POINT('',(-0.1,-12.45,1.25));
#5258 = VECTOR('',#5259,1.);
#5259 = DIRECTION('',(0.,0.,1.));
#5260 = ORIENTED_EDGE('',*,*,#5261,.T.);
#5261 = EDGE_CURVE('',#5254,#3312,#5262,.T.);
#5262 = LINE('',#5263,#5264);
#5263 = CARTESIAN_POINT('',(-0.1,-12.45,7.35));
#5264 = VECTOR('',#5265,1.);
#5265 = DIRECTION('',(7.850462293414E-17,0.707106781187,0.707106781187)
  );
#5266 = ORIENTED_EDGE('',*,*,#3319,.F.);
#5267 = ORIENTED_EDGE('',*,*,#5212,.T.);
#5268 = PLANE('',#5269);
#5269 = AXIS2_PLACEMENT_3D('',#5270,#5271,#5272);
#5270 = CARTESIAN_POINT('',(-0.1,-12.7,3.911477598424));
#5271 = DIRECTION('',(-1.,1.110223024625E-16,0.));
#5272 = DIRECTION('',(0.,0.,1.));
#5273 = ADVANCED_FACE('',(#5274),#5292,.T.);
#5274 = FACE_BOUND('',#5275,.T.);
#5275 = EDGE_LOOP('',(#5276,#5284,#5290,#5291));
#5276 = ORIENTED_EDGE('',*,*,#5277,.T.);
#5277 = EDGE_CURVE('',#5254,#5278,#5280,.T.);
#5278 = VERTEX_POINT('',#5279);
#5279 = CARTESIAN_POINT('',(0.1,-12.45,7.35));
#5280 = LINE('',#5281,#5282);
#5281 = CARTESIAN_POINT('',(-0.1,-12.45,7.35));
#5282 = VECTOR('',#5283,1.);
#5283 = DIRECTION('',(1.,-1.110223024625E-16,0.));
#5284 = ORIENTED_EDGE('',*,*,#5285,.T.);
#5285 = EDGE_CURVE('',#5278,#3304,#5286,.T.);
#5286 = LINE('',#5287,#5288);
#5287 = CARTESIAN_POINT('',(0.1,-12.45,7.35));
#5288 = VECTOR('',#5289,1.);
#5289 = DIRECTION('',(7.850462293414E-17,0.707106781187,0.707106781187)
  );
#5290 = ORIENTED_EDGE('',*,*,#3311,.F.);
#5291 = ORIENTED_EDGE('',*,*,#5261,.F.);
#5292 = PLANE('',#5293);
#5293 = AXIS2_PLACEMENT_3D('',#5294,#5295,#5296);
#5294 = CARTESIAN_POINT('',(-0.1,-12.45,7.35));
#5295 = DIRECTION('',(-7.850462293414E-17,-0.707106781187,0.707106781187
    ));
#5296 = DIRECTION('',(7.850462293414E-17,0.707106781187,0.707106781187)
  );
#5297 = ADVANCED_FACE('',(#5298),#5334,.F.);
#5298 = FACE_BOUND('',#5299,.F.);
#5299 = EDGE_LOOP('',(#5300,#5301,#5309,#5317,#5325,#5331,#5332,#5333));
#5300 = ORIENTED_EDGE('',*,*,#3399,.F.);
#5301 = ORIENTED_EDGE('',*,*,#5302,.T.);
#5302 = EDGE_CURVE('',#3392,#5303,#5305,.T.);
#5303 = VERTEX_POINT('',#5304);
#5304 = CARTESIAN_POINT('',(0.1,-12.95,7.35));
#5305 = LINE('',#5306,#5307);
#5306 = CARTESIAN_POINT('',(0.1,-13.,7.4));
#5307 = VECTOR('',#5308,1.);
#5308 = DIRECTION('',(7.850462293414E-17,0.707106781187,-0.707106781187)
  );
#5309 = ORIENTED_EDGE('',*,*,#5310,.T.);
#5310 = EDGE_CURVE('',#5303,#5311,#5313,.T.);
#5311 = VERTEX_POINT('',#5312);
#5312 = CARTESIAN_POINT('',(0.1,-12.95,1.25));
#5313 = LINE('',#5314,#5315);
#5314 = CARTESIAN_POINT('',(0.1,-12.95,7.35));
#5315 = VECTOR('',#5316,1.);
#5316 = DIRECTION('',(0.,0.,-1.));
#5317 = ORIENTED_EDGE('',*,*,#5318,.T.);
#5318 = EDGE_CURVE('',#5311,#5319,#5321,.T.);
#5319 = VERTEX_POINT('',#5320);
#5320 = CARTESIAN_POINT('',(0.1,-12.45,1.25));
#5321 = LINE('',#5322,#5323);
#5322 = CARTESIAN_POINT('',(0.1,-12.95,1.25));
#5323 = VECTOR('',#5324,1.);
#5324 = DIRECTION('',(1.110223024625E-16,1.,0.));
#5325 = ORIENTED_EDGE('',*,*,#5326,.T.);
#5326 = EDGE_CURVE('',#5319,#5278,#5327,.T.);
#5327 = LINE('',#5328,#5329);
#5328 = CARTESIAN_POINT('',(0.1,-12.45,1.25));
#5329 = VECTOR('',#5330,1.);
#5330 = DIRECTION('',(0.,0.,1.));
#5331 = ORIENTED_EDGE('',*,*,#5285,.T.);
#5332 = ORIENTED_EDGE('',*,*,#3303,.F.);
#5333 = ORIENTED_EDGE('',*,*,#5197,.T.);
#5334 = PLANE('',#5335);
#5335 = AXIS2_PLACEMENT_3D('',#5336,#5337,#5338);
#5336 = CARTESIAN_POINT('',(0.1,-12.7,3.911477598424));
#5337 = DIRECTION('',(-1.,1.110223024625E-16,0.));
#5338 = DIRECTION('',(0.,0.,1.));
#5339 = ADVANCED_FACE('',(#5340),#5351,.T.);
#5340 = FACE_BOUND('',#5341,.T.);
#5341 = EDGE_LOOP('',(#5342,#5343,#5344,#5350));
#5342 = ORIENTED_EDGE('',*,*,#3391,.T.);
#5343 = ORIENTED_EDGE('',*,*,#5302,.T.);
#5344 = ORIENTED_EDGE('',*,*,#5345,.F.);
#5345 = EDGE_CURVE('',#5230,#5303,#5346,.T.);
#5346 = LINE('',#5347,#5348);
#5347 = CARTESIAN_POINT('',(-0.1,-12.95,7.35));
#5348 = VECTOR('',#5349,1.);
#5349 = DIRECTION('',(1.,-1.110223024625E-16,0.));
#5350 = ORIENTED_EDGE('',*,*,#5229,.F.);
#5351 = PLANE('',#5352);
#5352 = AXIS2_PLACEMENT_3D('',#5353,#5354,#5355);
#5353 = CARTESIAN_POINT('',(-0.1,-13.,7.4));
#5354 = DIRECTION('',(7.850462293414E-17,0.707106781187,0.707106781187)
  );
#5355 = DIRECTION('',(7.850462293414E-17,0.707106781187,-0.707106781187)
  );
#5356 = ADVANCED_FACE('',(#5357),#5368,.T.);
#5357 = FACE_BOUND('',#5358,.T.);
#5358 = EDGE_LOOP('',(#5359,#5360,#5361,#5362));
#5359 = ORIENTED_EDGE('',*,*,#3567,.T.);
#5360 = ORIENTED_EDGE('',*,*,#3430,.T.);
#5361 = ORIENTED_EDGE('',*,*,#3455,.T.);
#5362 = ORIENTED_EDGE('',*,*,#5363,.T.);
#5363 = EDGE_CURVE('',#3456,#3560,#5364,.T.);
#5364 = LINE('',#5365,#5366);
#5365 = CARTESIAN_POINT('',(0.1,-10.16,0.9));
#5366 = VECTOR('',#5367,1.);
#5367 = DIRECTION('',(-1.110223024625E-16,-1.,0.));
#5368 = PLANE('',#5369);
#5369 = AXIS2_PLACEMENT_3D('',#5370,#5371,#5372);
#5370 = CARTESIAN_POINT('',(-1.221661660722E-15,-10.16,0.9));
#5371 = DIRECTION('',(0.,0.,1.));
#5372 = DIRECTION('',(1.110223024625E-16,1.,-0.));
#5373 = ADVANCED_FACE('',(#5374),#5385,.T.);
#5374 = FACE_BOUND('',#5375,.T.);
#5375 = EDGE_LOOP('',(#5376,#5377,#5383,#5384));
#5376 = ORIENTED_EDGE('',*,*,#3535,.T.);
#5377 = ORIENTED_EDGE('',*,*,#5378,.F.);
#5378 = EDGE_CURVE('',#3480,#3536,#5379,.T.);
#5379 = LINE('',#5380,#5381);
#5380 = CARTESIAN_POINT('',(-0.1,-10.16,0.9));
#5381 = VECTOR('',#5382,1.);
#5382 = DIRECTION('',(-1.110223024625E-16,-1.,0.));
#5383 = ORIENTED_EDGE('',*,*,#3487,.T.);
#5384 = ORIENTED_EDGE('',*,*,#3510,.T.);
#5385 = PLANE('',#5386);
#5386 = AXIS2_PLACEMENT_3D('',#5387,#5388,#5389);
#5387 = CARTESIAN_POINT('',(-1.221661660722E-15,-10.16,0.9));
#5388 = DIRECTION('',(0.,0.,1.));
#5389 = DIRECTION('',(1.110223024625E-16,1.,-0.));
#5390 = ADVANCED_FACE('',(#5391),#5434,.T.);
#5391 = FACE_BOUND('',#5392,.T.);
#5392 = EDGE_LOOP('',(#5393,#5394,#5402,#5410,#5418,#5426,#5432,#5433));
#5393 = ORIENTED_EDGE('',*,*,#3543,.F.);
#5394 = ORIENTED_EDGE('',*,*,#5395,.T.);
#5395 = EDGE_CURVE('',#3544,#5396,#5398,.T.);
#5396 = VERTEX_POINT('',#5397);
#5397 = CARTESIAN_POINT('',(-0.1,-10.41,7.35));
#5398 = LINE('',#5399,#5400);
#5399 = CARTESIAN_POINT('',(-0.1,-10.46,7.4));
#5400 = VECTOR('',#5401,1.);
#5401 = DIRECTION('',(7.850462293414E-17,0.707106781187,-0.707106781187)
  );
#5402 = ORIENTED_EDGE('',*,*,#5403,.T.);
#5403 = EDGE_CURVE('',#5396,#5404,#5406,.T.);
#5404 = VERTEX_POINT('',#5405);
#5405 = CARTESIAN_POINT('',(-0.1,-10.41,1.25));
#5406 = LINE('',#5407,#5408);
#5407 = CARTESIAN_POINT('',(-0.1,-10.41,7.35));
#5408 = VECTOR('',#5409,1.);
#5409 = DIRECTION('',(0.,0.,-1.));
#5410 = ORIENTED_EDGE('',*,*,#5411,.T.);
#5411 = EDGE_CURVE('',#5404,#5412,#5414,.T.);
#5412 = VERTEX_POINT('',#5413);
#5413 = CARTESIAN_POINT('',(-0.1,-9.91,1.25));
#5414 = LINE('',#5415,#5416);
#5415 = CARTESIAN_POINT('',(-0.1,-10.41,1.25));
#5416 = VECTOR('',#5417,1.);
#5417 = DIRECTION('',(1.110223024625E-16,1.,0.));
#5418 = ORIENTED_EDGE('',*,*,#5419,.T.);
#5419 = EDGE_CURVE('',#5412,#5420,#5422,.T.);
#5420 = VERTEX_POINT('',#5421);
#5421 = CARTESIAN_POINT('',(-0.1,-9.91,7.35));
#5422 = LINE('',#5423,#5424);
#5423 = CARTESIAN_POINT('',(-0.1,-9.91,1.25));
#5424 = VECTOR('',#5425,1.);
#5425 = DIRECTION('',(0.,0.,1.));
#5426 = ORIENTED_EDGE('',*,*,#5427,.T.);
#5427 = EDGE_CURVE('',#5420,#3472,#5428,.T.);
#5428 = LINE('',#5429,#5430);
#5429 = CARTESIAN_POINT('',(-0.1,-9.91,7.35));
#5430 = VECTOR('',#5431,1.);
#5431 = DIRECTION('',(7.850462293414E-17,0.707106781187,0.707106781187)
  );
#5432 = ORIENTED_EDGE('',*,*,#3479,.F.);
#5433 = ORIENTED_EDGE('',*,*,#5378,.T.);
#5434 = PLANE('',#5435);
#5435 = AXIS2_PLACEMENT_3D('',#5436,#5437,#5438);
#5436 = CARTESIAN_POINT('',(-0.1,-10.16,3.911477598424));
#5437 = DIRECTION('',(-1.,1.110223024625E-16,0.));
#5438 = DIRECTION('',(0.,0.,1.));
#5439 = ADVANCED_FACE('',(#5440),#5458,.T.);
#5440 = FACE_BOUND('',#5441,.T.);
#5441 = EDGE_LOOP('',(#5442,#5450,#5456,#5457));
#5442 = ORIENTED_EDGE('',*,*,#5443,.T.);
#5443 = EDGE_CURVE('',#5420,#5444,#5446,.T.);
#5444 = VERTEX_POINT('',#5445);
#5445 = CARTESIAN_POINT('',(0.1,-9.91,7.35));
#5446 = LINE('',#5447,#5448);
#5447 = CARTESIAN_POINT('',(-0.1,-9.91,7.35));
#5448 = VECTOR('',#5449,1.);
#5449 = DIRECTION('',(1.,-1.110223024625E-16,0.));
#5450 = ORIENTED_EDGE('',*,*,#5451,.T.);
#5451 = EDGE_CURVE('',#5444,#3464,#5452,.T.);
#5452 = LINE('',#5453,#5454);
#5453 = CARTESIAN_POINT('',(0.1,-9.91,7.35));
#5454 = VECTOR('',#5455,1.);
#5455 = DIRECTION('',(7.850462293414E-17,0.707106781187,0.707106781187)
  );
#5456 = ORIENTED_EDGE('',*,*,#3471,.F.);
#5457 = ORIENTED_EDGE('',*,*,#5427,.F.);
#5458 = PLANE('',#5459);
#5459 = AXIS2_PLACEMENT_3D('',#5460,#5461,#5462);
#5460 = CARTESIAN_POINT('',(-0.1,-9.91,7.35));
#5461 = DIRECTION('',(-7.850462293414E-17,-0.707106781187,0.707106781187
    ));
#5462 = DIRECTION('',(7.850462293414E-17,0.707106781187,0.707106781187)
  );
#5463 = ADVANCED_FACE('',(#5464),#5500,.F.);
#5464 = FACE_BOUND('',#5465,.F.);
#5465 = EDGE_LOOP('',(#5466,#5467,#5475,#5483,#5491,#5497,#5498,#5499));
#5466 = ORIENTED_EDGE('',*,*,#3559,.F.);
#5467 = ORIENTED_EDGE('',*,*,#5468,.T.);
#5468 = EDGE_CURVE('',#3552,#5469,#5471,.T.);
#5469 = VERTEX_POINT('',#5470);
#5470 = CARTESIAN_POINT('',(0.1,-10.41,7.35));
#5471 = LINE('',#5472,#5473);
#5472 = CARTESIAN_POINT('',(0.1,-10.46,7.4));
#5473 = VECTOR('',#5474,1.);
#5474 = DIRECTION('',(7.850462293414E-17,0.707106781187,-0.707106781187)
  );
#5475 = ORIENTED_EDGE('',*,*,#5476,.T.);
#5476 = EDGE_CURVE('',#5469,#5477,#5479,.T.);
#5477 = VERTEX_POINT('',#5478);
#5478 = CARTESIAN_POINT('',(0.1,-10.41,1.25));
#5479 = LINE('',#5480,#5481);
#5480 = CARTESIAN_POINT('',(0.1,-10.41,7.35));
#5481 = VECTOR('',#5482,1.);
#5482 = DIRECTION('',(0.,0.,-1.));
#5483 = ORIENTED_EDGE('',*,*,#5484,.T.);
#5484 = EDGE_CURVE('',#5477,#5485,#5487,.T.);
#5485 = VERTEX_POINT('',#5486);
#5486 = CARTESIAN_POINT('',(0.1,-9.91,1.25));
#5487 = LINE('',#5488,#5489);
#5488 = CARTESIAN_POINT('',(0.1,-10.41,1.25));
#5489 = VECTOR('',#5490,1.);
#5490 = DIRECTION('',(1.110223024625E-16,1.,0.));
#5491 = ORIENTED_EDGE('',*,*,#5492,.T.);
#5492 = EDGE_CURVE('',#5485,#5444,#5493,.T.);
#5493 = LINE('',#5494,#5495);
#5494 = CARTESIAN_POINT('',(0.1,-9.91,1.25));
#5495 = VECTOR('',#5496,1.);
#5496 = DIRECTION('',(0.,0.,1.));
#5497 = ORIENTED_EDGE('',*,*,#5451,.T.);
#5498 = ORIENTED_EDGE('',*,*,#3463,.F.);
#5499 = ORIENTED_EDGE('',*,*,#5363,.T.);
#5500 = PLANE('',#5501);
#5501 = AXIS2_PLACEMENT_3D('',#5502,#5503,#5504);
#5502 = CARTESIAN_POINT('',(0.1,-10.16,3.911477598424));
#5503 = DIRECTION('',(-1.,1.110223024625E-16,0.));
#5504 = DIRECTION('',(0.,0.,1.));
#5505 = ADVANCED_FACE('',(#5506),#5517,.T.);
#5506 = FACE_BOUND('',#5507,.T.);
#5507 = EDGE_LOOP('',(#5508,#5509,#5510,#5516));
#5508 = ORIENTED_EDGE('',*,*,#3551,.T.);
#5509 = ORIENTED_EDGE('',*,*,#5468,.T.);
#5510 = ORIENTED_EDGE('',*,*,#5511,.F.);
#5511 = EDGE_CURVE('',#5396,#5469,#5512,.T.);
#5512 = LINE('',#5513,#5514);
#5513 = CARTESIAN_POINT('',(-0.1,-10.41,7.35));
#5514 = VECTOR('',#5515,1.);
#5515 = DIRECTION('',(1.,-1.110223024625E-16,0.));
#5516 = ORIENTED_EDGE('',*,*,#5395,.F.);
#5517 = PLANE('',#5518);
#5518 = AXIS2_PLACEMENT_3D('',#5519,#5520,#5521);
#5519 = CARTESIAN_POINT('',(-0.1,-10.46,7.4));
#5520 = DIRECTION('',(7.850462293414E-17,0.707106781187,0.707106781187)
  );
#5521 = DIRECTION('',(7.850462293414E-17,0.707106781187,-0.707106781187)
  );
#5522 = ADVANCED_FACE('',(#5523),#5534,.T.);
#5523 = FACE_BOUND('',#5524,.T.);
#5524 = EDGE_LOOP('',(#5525,#5526,#5527,#5528));
#5525 = ORIENTED_EDGE('',*,*,#3727,.T.);
#5526 = ORIENTED_EDGE('',*,*,#3590,.T.);
#5527 = ORIENTED_EDGE('',*,*,#3615,.T.);
#5528 = ORIENTED_EDGE('',*,*,#5529,.T.);
#5529 = EDGE_CURVE('',#3616,#3720,#5530,.T.);
#5530 = LINE('',#5531,#5532);
#5531 = CARTESIAN_POINT('',(0.1,-7.62,0.9));
#5532 = VECTOR('',#5533,1.);
#5533 = DIRECTION('',(-1.110223024625E-16,-1.,0.));
#5534 = PLANE('',#5535);
#5535 = AXIS2_PLACEMENT_3D('',#5536,#5537,#5538);
#5536 = CARTESIAN_POINT('',(-9.396650124671E-16,-7.62,0.9));
#5537 = DIRECTION('',(0.,0.,1.));
#5538 = DIRECTION('',(1.110223024625E-16,1.,-0.));
#5539 = ADVANCED_FACE('',(#5540),#5551,.T.);
#5540 = FACE_BOUND('',#5541,.T.);
#5541 = EDGE_LOOP('',(#5542,#5543,#5549,#5550));
#5542 = ORIENTED_EDGE('',*,*,#3695,.T.);
#5543 = ORIENTED_EDGE('',*,*,#5544,.F.);
#5544 = EDGE_CURVE('',#3640,#3696,#5545,.T.);
#5545 = LINE('',#5546,#5547);
#5546 = CARTESIAN_POINT('',(-0.1,-7.62,0.9));
#5547 = VECTOR('',#5548,1.);
#5548 = DIRECTION('',(-1.110223024625E-16,-1.,0.));
#5549 = ORIENTED_EDGE('',*,*,#3647,.T.);
#5550 = ORIENTED_EDGE('',*,*,#3670,.T.);
#5551 = PLANE('',#5552);
#5552 = AXIS2_PLACEMENT_3D('',#5553,#5554,#5555);
#5553 = CARTESIAN_POINT('',(-9.396650124671E-16,-7.62,0.9));
#5554 = DIRECTION('',(0.,0.,1.));
#5555 = DIRECTION('',(1.110223024625E-16,1.,-0.));
#5556 = ADVANCED_FACE('',(#5557),#5600,.T.);
#5557 = FACE_BOUND('',#5558,.T.);
#5558 = EDGE_LOOP('',(#5559,#5560,#5568,#5576,#5584,#5592,#5598,#5599));
#5559 = ORIENTED_EDGE('',*,*,#3703,.F.);
#5560 = ORIENTED_EDGE('',*,*,#5561,.T.);
#5561 = EDGE_CURVE('',#3704,#5562,#5564,.T.);
#5562 = VERTEX_POINT('',#5563);
#5563 = CARTESIAN_POINT('',(-0.1,-7.87,7.35));
#5564 = LINE('',#5565,#5566);
#5565 = CARTESIAN_POINT('',(-0.1,-7.92,7.4));
#5566 = VECTOR('',#5567,1.);
#5567 = DIRECTION('',(7.850462293414E-17,0.707106781187,-0.707106781187)
  );
#5568 = ORIENTED_EDGE('',*,*,#5569,.T.);
#5569 = EDGE_CURVE('',#5562,#5570,#5572,.T.);
#5570 = VERTEX_POINT('',#5571);
#5571 = CARTESIAN_POINT('',(-0.1,-7.87,1.25));
#5572 = LINE('',#5573,#5574);
#5573 = CARTESIAN_POINT('',(-0.1,-7.87,7.35));
#5574 = VECTOR('',#5575,1.);
#5575 = DIRECTION('',(0.,0.,-1.));
#5576 = ORIENTED_EDGE('',*,*,#5577,.T.);
#5577 = EDGE_CURVE('',#5570,#5578,#5580,.T.);
#5578 = VERTEX_POINT('',#5579);
#5579 = CARTESIAN_POINT('',(-0.1,-7.37,1.25));
#5580 = LINE('',#5581,#5582);
#5581 = CARTESIAN_POINT('',(-0.1,-7.87,1.25));
#5582 = VECTOR('',#5583,1.);
#5583 = DIRECTION('',(1.110223024625E-16,1.,0.));
#5584 = ORIENTED_EDGE('',*,*,#5585,.T.);
#5585 = EDGE_CURVE('',#5578,#5586,#5588,.T.);
#5586 = VERTEX_POINT('',#5587);
#5587 = CARTESIAN_POINT('',(-0.1,-7.37,7.35));
#5588 = LINE('',#5589,#5590);
#5589 = CARTESIAN_POINT('',(-0.1,-7.37,1.25));
#5590 = VECTOR('',#5591,1.);
#5591 = DIRECTION('',(0.,0.,1.));
#5592 = ORIENTED_EDGE('',*,*,#5593,.T.);
#5593 = EDGE_CURVE('',#5586,#3632,#5594,.T.);
#5594 = LINE('',#5595,#5596);
#5595 = CARTESIAN_POINT('',(-0.1,-7.37,7.35));
#5596 = VECTOR('',#5597,1.);
#5597 = DIRECTION('',(7.850462293414E-17,0.707106781187,0.707106781187)
  );
#5598 = ORIENTED_EDGE('',*,*,#3639,.F.);
#5599 = ORIENTED_EDGE('',*,*,#5544,.T.);
#5600 = PLANE('',#5601);
#5601 = AXIS2_PLACEMENT_3D('',#5602,#5603,#5604);
#5602 = CARTESIAN_POINT('',(-0.1,-7.62,3.911477598424));
#5603 = DIRECTION('',(-1.,1.110223024625E-16,0.));
#5604 = DIRECTION('',(0.,0.,1.));
#5605 = ADVANCED_FACE('',(#5606),#5624,.T.);
#5606 = FACE_BOUND('',#5607,.T.);
#5607 = EDGE_LOOP('',(#5608,#5616,#5622,#5623));
#5608 = ORIENTED_EDGE('',*,*,#5609,.T.);
#5609 = EDGE_CURVE('',#5586,#5610,#5612,.T.);
#5610 = VERTEX_POINT('',#5611);
#5611 = CARTESIAN_POINT('',(0.1,-7.37,7.35));
#5612 = LINE('',#5613,#5614);
#5613 = CARTESIAN_POINT('',(-0.1,-7.37,7.35));
#5614 = VECTOR('',#5615,1.);
#5615 = DIRECTION('',(1.,-1.110223024625E-16,0.));
#5616 = ORIENTED_EDGE('',*,*,#5617,.T.);
#5617 = EDGE_CURVE('',#5610,#3624,#5618,.T.);
#5618 = LINE('',#5619,#5620);
#5619 = CARTESIAN_POINT('',(0.1,-7.37,7.35));
#5620 = VECTOR('',#5621,1.);
#5621 = DIRECTION('',(7.850462293414E-17,0.707106781187,0.707106781187)
  );
#5622 = ORIENTED_EDGE('',*,*,#3631,.F.);
#5623 = ORIENTED_EDGE('',*,*,#5593,.F.);
#5624 = PLANE('',#5625);
#5625 = AXIS2_PLACEMENT_3D('',#5626,#5627,#5628);
#5626 = CARTESIAN_POINT('',(-0.1,-7.37,7.35));
#5627 = DIRECTION('',(-7.850462293414E-17,-0.707106781187,0.707106781187
    ));
#5628 = DIRECTION('',(7.850462293414E-17,0.707106781187,0.707106781187)
  );
#5629 = ADVANCED_FACE('',(#5630),#5666,.F.);
#5630 = FACE_BOUND('',#5631,.F.);
#5631 = EDGE_LOOP('',(#5632,#5633,#5641,#5649,#5657,#5663,#5664,#5665));
#5632 = ORIENTED_EDGE('',*,*,#3719,.F.);
#5633 = ORIENTED_EDGE('',*,*,#5634,.T.);
#5634 = EDGE_CURVE('',#3712,#5635,#5637,.T.);
#5635 = VERTEX_POINT('',#5636);
#5636 = CARTESIAN_POINT('',(0.1,-7.87,7.35));
#5637 = LINE('',#5638,#5639);
#5638 = CARTESIAN_POINT('',(0.1,-7.92,7.4));
#5639 = VECTOR('',#5640,1.);
#5640 = DIRECTION('',(7.850462293414E-17,0.707106781187,-0.707106781187)
  );
#5641 = ORIENTED_EDGE('',*,*,#5642,.T.);
#5642 = EDGE_CURVE('',#5635,#5643,#5645,.T.);
#5643 = VERTEX_POINT('',#5644);
#5644 = CARTESIAN_POINT('',(0.1,-7.87,1.25));
#5645 = LINE('',#5646,#5647);
#5646 = CARTESIAN_POINT('',(0.1,-7.87,7.35));
#5647 = VECTOR('',#5648,1.);
#5648 = DIRECTION('',(0.,0.,-1.));
#5649 = ORIENTED_EDGE('',*,*,#5650,.T.);
#5650 = EDGE_CURVE('',#5643,#5651,#5653,.T.);
#5651 = VERTEX_POINT('',#5652);
#5652 = CARTESIAN_POINT('',(0.1,-7.37,1.25));
#5653 = LINE('',#5654,#5655);
#5654 = CARTESIAN_POINT('',(0.1,-7.87,1.25));
#5655 = VECTOR('',#5656,1.);
#5656 = DIRECTION('',(1.110223024625E-16,1.,0.));
#5657 = ORIENTED_EDGE('',*,*,#5658,.T.);
#5658 = EDGE_CURVE('',#5651,#5610,#5659,.T.);
#5659 = LINE('',#5660,#5661);
#5660 = CARTESIAN_POINT('',(0.1,-7.37,1.25));
#5661 = VECTOR('',#5662,1.);
#5662 = DIRECTION('',(0.,0.,1.));
#5663 = ORIENTED_EDGE('',*,*,#5617,.T.);
#5664 = ORIENTED_EDGE('',*,*,#3623,.F.);
#5665 = ORIENTED_EDGE('',*,*,#5529,.T.);
#5666 = PLANE('',#5667);
#5667 = AXIS2_PLACEMENT_3D('',#5668,#5669,#5670);
#5668 = CARTESIAN_POINT('',(0.1,-7.62,3.911477598424));
#5669 = DIRECTION('',(-1.,1.110223024625E-16,0.));
#5670 = DIRECTION('',(0.,0.,1.));
#5671 = ADVANCED_FACE('',(#5672),#5683,.T.);
#5672 = FACE_BOUND('',#5673,.T.);
#5673 = EDGE_LOOP('',(#5674,#5675,#5676,#5682));
#5674 = ORIENTED_EDGE('',*,*,#3711,.T.);
#5675 = ORIENTED_EDGE('',*,*,#5634,.T.);
#5676 = ORIENTED_EDGE('',*,*,#5677,.F.);
#5677 = EDGE_CURVE('',#5562,#5635,#5678,.T.);
#5678 = LINE('',#5679,#5680);
#5679 = CARTESIAN_POINT('',(-0.1,-7.87,7.35));
#5680 = VECTOR('',#5681,1.);
#5681 = DIRECTION('',(1.,-1.110223024625E-16,0.));
#5682 = ORIENTED_EDGE('',*,*,#5561,.F.);
#5683 = PLANE('',#5684);
#5684 = AXIS2_PLACEMENT_3D('',#5685,#5686,#5687);
#5685 = CARTESIAN_POINT('',(-0.1,-7.92,7.4));
#5686 = DIRECTION('',(7.850462293414E-17,0.707106781187,0.707106781187)
  );
#5687 = DIRECTION('',(7.850462293414E-17,0.707106781187,-0.707106781187)
  );
#5688 = ADVANCED_FACE('',(#5689),#5700,.T.);
#5689 = FACE_BOUND('',#5690,.T.);
#5690 = EDGE_LOOP('',(#5691,#5692,#5693,#5694));
#5691 = ORIENTED_EDGE('',*,*,#3887,.T.);
#5692 = ORIENTED_EDGE('',*,*,#3750,.T.);
#5693 = ORIENTED_EDGE('',*,*,#3775,.T.);
#5694 = ORIENTED_EDGE('',*,*,#5695,.T.);
#5695 = EDGE_CURVE('',#3776,#3880,#5696,.T.);
#5696 = LINE('',#5697,#5698);
#5697 = CARTESIAN_POINT('',(0.1,-5.08,0.9));
#5698 = VECTOR('',#5699,1.);
#5699 = DIRECTION('',(-1.110223024625E-16,-1.,0.));
#5700 = PLANE('',#5701);
#5701 = AXIS2_PLACEMENT_3D('',#5702,#5703,#5704);
#5702 = CARTESIAN_POINT('',(-6.576683642123E-16,-5.08,0.9));
#5703 = DIRECTION('',(0.,0.,1.));
#5704 = DIRECTION('',(1.110223024625E-16,1.,-0.));
#5705 = ADVANCED_FACE('',(#5706),#5717,.T.);
#5706 = FACE_BOUND('',#5707,.T.);
#5707 = EDGE_LOOP('',(#5708,#5709,#5715,#5716));
#5708 = ORIENTED_EDGE('',*,*,#3855,.T.);
#5709 = ORIENTED_EDGE('',*,*,#5710,.F.);
#5710 = EDGE_CURVE('',#3800,#3856,#5711,.T.);
#5711 = LINE('',#5712,#5713);
#5712 = CARTESIAN_POINT('',(-0.1,-5.08,0.9));
#5713 = VECTOR('',#5714,1.);
#5714 = DIRECTION('',(-1.110223024625E-16,-1.,0.));
#5715 = ORIENTED_EDGE('',*,*,#3807,.T.);
#5716 = ORIENTED_EDGE('',*,*,#3830,.T.);
#5717 = PLANE('',#5718);
#5718 = AXIS2_PLACEMENT_3D('',#5719,#5720,#5721);
#5719 = CARTESIAN_POINT('',(-6.576683642123E-16,-5.08,0.9));
#5720 = DIRECTION('',(0.,0.,1.));
#5721 = DIRECTION('',(1.110223024625E-16,1.,-0.));
#5722 = ADVANCED_FACE('',(#5723),#5766,.T.);
#5723 = FACE_BOUND('',#5724,.T.);
#5724 = EDGE_LOOP('',(#5725,#5726,#5734,#5742,#5750,#5758,#5764,#5765));
#5725 = ORIENTED_EDGE('',*,*,#3863,.F.);
#5726 = ORIENTED_EDGE('',*,*,#5727,.T.);
#5727 = EDGE_CURVE('',#3864,#5728,#5730,.T.);
#5728 = VERTEX_POINT('',#5729);
#5729 = CARTESIAN_POINT('',(-0.1,-5.33,7.35));
#5730 = LINE('',#5731,#5732);
#5731 = CARTESIAN_POINT('',(-0.1,-5.38,7.4));
#5732 = VECTOR('',#5733,1.);
#5733 = DIRECTION('',(7.850462293414E-17,0.707106781187,-0.707106781187)
  );
#5734 = ORIENTED_EDGE('',*,*,#5735,.T.);
#5735 = EDGE_CURVE('',#5728,#5736,#5738,.T.);
#5736 = VERTEX_POINT('',#5737);
#5737 = CARTESIAN_POINT('',(-0.1,-5.33,1.25));
#5738 = LINE('',#5739,#5740);
#5739 = CARTESIAN_POINT('',(-0.1,-5.33,7.35));
#5740 = VECTOR('',#5741,1.);
#5741 = DIRECTION('',(0.,0.,-1.));
#5742 = ORIENTED_EDGE('',*,*,#5743,.T.);
#5743 = EDGE_CURVE('',#5736,#5744,#5746,.T.);
#5744 = VERTEX_POINT('',#5745);
#5745 = CARTESIAN_POINT('',(-0.1,-4.83,1.25));
#5746 = LINE('',#5747,#5748);
#5747 = CARTESIAN_POINT('',(-0.1,-5.33,1.25));
#5748 = VECTOR('',#5749,1.);
#5749 = DIRECTION('',(1.110223024625E-16,1.,0.));
#5750 = ORIENTED_EDGE('',*,*,#5751,.T.);
#5751 = EDGE_CURVE('',#5744,#5752,#5754,.T.);
#5752 = VERTEX_POINT('',#5753);
#5753 = CARTESIAN_POINT('',(-0.1,-4.83,7.35));
#5754 = LINE('',#5755,#5756);
#5755 = CARTESIAN_POINT('',(-0.1,-4.83,1.25));
#5756 = VECTOR('',#5757,1.);
#5757 = DIRECTION('',(0.,0.,1.));
#5758 = ORIENTED_EDGE('',*,*,#5759,.T.);
#5759 = EDGE_CURVE('',#5752,#3792,#5760,.T.);
#5760 = LINE('',#5761,#5762);
#5761 = CARTESIAN_POINT('',(-0.1,-4.83,7.35));
#5762 = VECTOR('',#5763,1.);
#5763 = DIRECTION('',(7.850462293414E-17,0.707106781187,0.707106781187)
  );
#5764 = ORIENTED_EDGE('',*,*,#3799,.F.);
#5765 = ORIENTED_EDGE('',*,*,#5710,.T.);
#5766 = PLANE('',#5767);
#5767 = AXIS2_PLACEMENT_3D('',#5768,#5769,#5770);
#5768 = CARTESIAN_POINT('',(-0.1,-5.08,3.911477598424));
#5769 = DIRECTION('',(-1.,1.110223024625E-16,0.));
#5770 = DIRECTION('',(0.,0.,1.));
#5771 = ADVANCED_FACE('',(#5772),#5790,.T.);
#5772 = FACE_BOUND('',#5773,.T.);
#5773 = EDGE_LOOP('',(#5774,#5782,#5788,#5789));
#5774 = ORIENTED_EDGE('',*,*,#5775,.T.);
#5775 = EDGE_CURVE('',#5752,#5776,#5778,.T.);
#5776 = VERTEX_POINT('',#5777);
#5777 = CARTESIAN_POINT('',(0.1,-4.83,7.35));
#5778 = LINE('',#5779,#5780);
#5779 = CARTESIAN_POINT('',(-0.1,-4.83,7.35));
#5780 = VECTOR('',#5781,1.);
#5781 = DIRECTION('',(1.,-1.110223024625E-16,0.));
#5782 = ORIENTED_EDGE('',*,*,#5783,.T.);
#5783 = EDGE_CURVE('',#5776,#3784,#5784,.T.);
#5784 = LINE('',#5785,#5786);
#5785 = CARTESIAN_POINT('',(0.1,-4.83,7.35));
#5786 = VECTOR('',#5787,1.);
#5787 = DIRECTION('',(7.850462293414E-17,0.707106781187,0.707106781187)
  );
#5788 = ORIENTED_EDGE('',*,*,#3791,.F.);
#5789 = ORIENTED_EDGE('',*,*,#5759,.F.);
#5790 = PLANE('',#5791);
#5791 = AXIS2_PLACEMENT_3D('',#5792,#5793,#5794);
#5792 = CARTESIAN_POINT('',(-0.1,-4.83,7.35));
#5793 = DIRECTION('',(-7.850462293414E-17,-0.707106781187,0.707106781187
    ));
#5794 = DIRECTION('',(7.850462293414E-17,0.707106781187,0.707106781187)
  );
#5795 = ADVANCED_FACE('',(#5796),#5832,.F.);
#5796 = FACE_BOUND('',#5797,.F.);
#5797 = EDGE_LOOP('',(#5798,#5799,#5807,#5815,#5823,#5829,#5830,#5831));
#5798 = ORIENTED_EDGE('',*,*,#3879,.F.);
#5799 = ORIENTED_EDGE('',*,*,#5800,.T.);
#5800 = EDGE_CURVE('',#3872,#5801,#5803,.T.);
#5801 = VERTEX_POINT('',#5802);
#5802 = CARTESIAN_POINT('',(0.1,-5.33,7.35));
#5803 = LINE('',#5804,#5805);
#5804 = CARTESIAN_POINT('',(0.1,-5.38,7.4));
#5805 = VECTOR('',#5806,1.);
#5806 = DIRECTION('',(7.850462293414E-17,0.707106781187,-0.707106781187)
  );
#5807 = ORIENTED_EDGE('',*,*,#5808,.T.);
#5808 = EDGE_CURVE('',#5801,#5809,#5811,.T.);
#5809 = VERTEX_POINT('',#5810);
#5810 = CARTESIAN_POINT('',(0.1,-5.33,1.25));
#5811 = LINE('',#5812,#5813);
#5812 = CARTESIAN_POINT('',(0.1,-5.33,7.35));
#5813 = VECTOR('',#5814,1.);
#5814 = DIRECTION('',(0.,0.,-1.));
#5815 = ORIENTED_EDGE('',*,*,#5816,.T.);
#5816 = EDGE_CURVE('',#5809,#5817,#5819,.T.);
#5817 = VERTEX_POINT('',#5818);
#5818 = CARTESIAN_POINT('',(0.1,-4.83,1.25));
#5819 = LINE('',#5820,#5821);
#5820 = CARTESIAN_POINT('',(0.1,-5.33,1.25));
#5821 = VECTOR('',#5822,1.);
#5822 = DIRECTION('',(1.110223024625E-16,1.,0.));
#5823 = ORIENTED_EDGE('',*,*,#5824,.T.);
#5824 = EDGE_CURVE('',#5817,#5776,#5825,.T.);
#5825 = LINE('',#5826,#5827);
#5826 = CARTESIAN_POINT('',(0.1,-4.83,1.25));
#5827 = VECTOR('',#5828,1.);
#5828 = DIRECTION('',(0.,0.,1.));
#5829 = ORIENTED_EDGE('',*,*,#5783,.T.);
#5830 = ORIENTED_EDGE('',*,*,#3783,.F.);
#5831 = ORIENTED_EDGE('',*,*,#5695,.T.);
#5832 = PLANE('',#5833);
#5833 = AXIS2_PLACEMENT_3D('',#5834,#5835,#5836);
#5834 = CARTESIAN_POINT('',(0.1,-5.08,3.911477598424));
#5835 = DIRECTION('',(-1.,1.110223024625E-16,0.));
#5836 = DIRECTION('',(0.,0.,1.));
#5837 = ADVANCED_FACE('',(#5838),#5849,.T.);
#5838 = FACE_BOUND('',#5839,.T.);
#5839 = EDGE_LOOP('',(#5840,#5841,#5842,#5848));
#5840 = ORIENTED_EDGE('',*,*,#3871,.T.);
#5841 = ORIENTED_EDGE('',*,*,#5800,.T.);
#5842 = ORIENTED_EDGE('',*,*,#5843,.F.);
#5843 = EDGE_CURVE('',#5728,#5801,#5844,.T.);
#5844 = LINE('',#5845,#5846);
#5845 = CARTESIAN_POINT('',(-0.1,-5.33,7.35));
#5846 = VECTOR('',#5847,1.);
#5847 = DIRECTION('',(1.,-1.110223024625E-16,0.));
#5848 = ORIENTED_EDGE('',*,*,#5727,.F.);
#5849 = PLANE('',#5850);
#5850 = AXIS2_PLACEMENT_3D('',#5851,#5852,#5853);
#5851 = CARTESIAN_POINT('',(-0.1,-5.38,7.4));
#5852 = DIRECTION('',(7.850462293414E-17,0.707106781187,0.707106781187)
  );
#5853 = DIRECTION('',(7.850462293414E-17,0.707106781187,-0.707106781187)
  );
#5854 = ADVANCED_FACE('',(#5855),#5866,.T.);
#5855 = FACE_BOUND('',#5856,.T.);
#5856 = EDGE_LOOP('',(#5857,#5858,#5859,#5860));
#5857 = ORIENTED_EDGE('',*,*,#4047,.T.);
#5858 = ORIENTED_EDGE('',*,*,#3910,.T.);
#5859 = ORIENTED_EDGE('',*,*,#3935,.T.);
#5860 = ORIENTED_EDGE('',*,*,#5861,.T.);
#5861 = EDGE_CURVE('',#3936,#4040,#5862,.T.);
#5862 = LINE('',#5863,#5864);
#5863 = CARTESIAN_POINT('',(0.1,-2.54,0.9));
#5864 = VECTOR('',#5865,1.);
#5865 = DIRECTION('',(-1.110223024625E-16,-1.,0.));
#5866 = PLANE('',#5867);
#5867 = AXIS2_PLACEMENT_3D('',#5868,#5869,#5870);
#5868 = CARTESIAN_POINT('',(-3.756717159575E-16,-2.54,0.9));
#5869 = DIRECTION('',(0.,0.,1.));
#5870 = DIRECTION('',(1.110223024625E-16,1.,-0.));
#5871 = ADVANCED_FACE('',(#5872),#5883,.T.);
#5872 = FACE_BOUND('',#5873,.T.);
#5873 = EDGE_LOOP('',(#5874,#5875,#5881,#5882));
#5874 = ORIENTED_EDGE('',*,*,#4015,.T.);
#5875 = ORIENTED_EDGE('',*,*,#5876,.F.);
#5876 = EDGE_CURVE('',#3960,#4016,#5877,.T.);
#5877 = LINE('',#5878,#5879);
#5878 = CARTESIAN_POINT('',(-0.1,-2.54,0.9));
#5879 = VECTOR('',#5880,1.);
#5880 = DIRECTION('',(-1.110223024625E-16,-1.,0.));
#5881 = ORIENTED_EDGE('',*,*,#3967,.T.);
#5882 = ORIENTED_EDGE('',*,*,#3990,.T.);
#5883 = PLANE('',#5884);
#5884 = AXIS2_PLACEMENT_3D('',#5885,#5886,#5887);
#5885 = CARTESIAN_POINT('',(-3.756717159575E-16,-2.54,0.9));
#5886 = DIRECTION('',(0.,0.,1.));
#5887 = DIRECTION('',(1.110223024625E-16,1.,-0.));
#5888 = ADVANCED_FACE('',(#5889),#5932,.T.);
#5889 = FACE_BOUND('',#5890,.T.);
#5890 = EDGE_LOOP('',(#5891,#5892,#5900,#5908,#5916,#5924,#5930,#5931));
#5891 = ORIENTED_EDGE('',*,*,#4023,.F.);
#5892 = ORIENTED_EDGE('',*,*,#5893,.T.);
#5893 = EDGE_CURVE('',#4024,#5894,#5896,.T.);
#5894 = VERTEX_POINT('',#5895);
#5895 = CARTESIAN_POINT('',(-0.1,-2.79,7.35));
#5896 = LINE('',#5897,#5898);
#5897 = CARTESIAN_POINT('',(-0.1,-2.84,7.4));
#5898 = VECTOR('',#5899,1.);
#5899 = DIRECTION('',(7.850462293414E-17,0.707106781187,-0.707106781187)
  );
#5900 = ORIENTED_EDGE('',*,*,#5901,.T.);
#5901 = EDGE_CURVE('',#5894,#5902,#5904,.T.);
#5902 = VERTEX_POINT('',#5903);
#5903 = CARTESIAN_POINT('',(-0.1,-2.79,1.25));
#5904 = LINE('',#5905,#5906);
#5905 = CARTESIAN_POINT('',(-0.1,-2.79,7.35));
#5906 = VECTOR('',#5907,1.);
#5907 = DIRECTION('',(0.,0.,-1.));
#5908 = ORIENTED_EDGE('',*,*,#5909,.T.);
#5909 = EDGE_CURVE('',#5902,#5910,#5912,.T.);
#5910 = VERTEX_POINT('',#5911);
#5911 = CARTESIAN_POINT('',(-0.1,-2.29,1.25));
#5912 = LINE('',#5913,#5914);
#5913 = CARTESIAN_POINT('',(-0.1,-2.79,1.25));
#5914 = VECTOR('',#5915,1.);
#5915 = DIRECTION('',(1.110223024625E-16,1.,0.));
#5916 = ORIENTED_EDGE('',*,*,#5917,.T.);
#5917 = EDGE_CURVE('',#5910,#5918,#5920,.T.);
#5918 = VERTEX_POINT('',#5919);
#5919 = CARTESIAN_POINT('',(-0.1,-2.29,7.35));
#5920 = LINE('',#5921,#5922);
#5921 = CARTESIAN_POINT('',(-0.1,-2.29,1.25));
#5922 = VECTOR('',#5923,1.);
#5923 = DIRECTION('',(0.,0.,1.));
#5924 = ORIENTED_EDGE('',*,*,#5925,.T.);
#5925 = EDGE_CURVE('',#5918,#3952,#5926,.T.);
#5926 = LINE('',#5927,#5928);
#5927 = CARTESIAN_POINT('',(-0.1,-2.29,7.35));
#5928 = VECTOR('',#5929,1.);
#5929 = DIRECTION('',(7.850462293414E-17,0.707106781187,0.707106781187)
  );
#5930 = ORIENTED_EDGE('',*,*,#3959,.F.);
#5931 = ORIENTED_EDGE('',*,*,#5876,.T.);
#5932 = PLANE('',#5933);
#5933 = AXIS2_PLACEMENT_3D('',#5934,#5935,#5936);
#5934 = CARTESIAN_POINT('',(-0.1,-2.54,3.911477598424));
#5935 = DIRECTION('',(-1.,1.110223024625E-16,0.));
#5936 = DIRECTION('',(0.,0.,1.));
#5937 = ADVANCED_FACE('',(#5938),#5956,.T.);
#5938 = FACE_BOUND('',#5939,.T.);
#5939 = EDGE_LOOP('',(#5940,#5948,#5954,#5955));
#5940 = ORIENTED_EDGE('',*,*,#5941,.T.);
#5941 = EDGE_CURVE('',#5918,#5942,#5944,.T.);
#5942 = VERTEX_POINT('',#5943);
#5943 = CARTESIAN_POINT('',(0.1,-2.29,7.35));
#5944 = LINE('',#5945,#5946);
#5945 = CARTESIAN_POINT('',(-0.1,-2.29,7.35));
#5946 = VECTOR('',#5947,1.);
#5947 = DIRECTION('',(1.,-1.110223024625E-16,0.));
#5948 = ORIENTED_EDGE('',*,*,#5949,.T.);
#5949 = EDGE_CURVE('',#5942,#3944,#5950,.T.);
#5950 = LINE('',#5951,#5952);
#5951 = CARTESIAN_POINT('',(0.1,-2.29,7.35));
#5952 = VECTOR('',#5953,1.);
#5953 = DIRECTION('',(7.850462293414E-17,0.707106781187,0.707106781187)
  );
#5954 = ORIENTED_EDGE('',*,*,#3951,.F.);
#5955 = ORIENTED_EDGE('',*,*,#5925,.F.);
#5956 = PLANE('',#5957);
#5957 = AXIS2_PLACEMENT_3D('',#5958,#5959,#5960);
#5958 = CARTESIAN_POINT('',(-0.1,-2.29,7.35));
#5959 = DIRECTION('',(-7.850462293414E-17,-0.707106781187,0.707106781187
    ));
#5960 = DIRECTION('',(7.850462293414E-17,0.707106781187,0.707106781187)
  );
#5961 = ADVANCED_FACE('',(#5962),#5998,.F.);
#5962 = FACE_BOUND('',#5963,.F.);
#5963 = EDGE_LOOP('',(#5964,#5965,#5973,#5981,#5989,#5995,#5996,#5997));
#5964 = ORIENTED_EDGE('',*,*,#4039,.F.);
#5965 = ORIENTED_EDGE('',*,*,#5966,.T.);
#5966 = EDGE_CURVE('',#4032,#5967,#5969,.T.);
#5967 = VERTEX_POINT('',#5968);
#5968 = CARTESIAN_POINT('',(0.1,-2.79,7.35));
#5969 = LINE('',#5970,#5971);
#5970 = CARTESIAN_POINT('',(0.1,-2.84,7.4));
#5971 = VECTOR('',#5972,1.);
#5972 = DIRECTION('',(7.850462293414E-17,0.707106781187,-0.707106781187)
  );
#5973 = ORIENTED_EDGE('',*,*,#5974,.T.);
#5974 = EDGE_CURVE('',#5967,#5975,#5977,.T.);
#5975 = VERTEX_POINT('',#5976);
#5976 = CARTESIAN_POINT('',(0.1,-2.79,1.25));
#5977 = LINE('',#5978,#5979);
#5978 = CARTESIAN_POINT('',(0.1,-2.79,7.35));
#5979 = VECTOR('',#5980,1.);
#5980 = DIRECTION('',(0.,0.,-1.));
#5981 = ORIENTED_EDGE('',*,*,#5982,.T.);
#5982 = EDGE_CURVE('',#5975,#5983,#5985,.T.);
#5983 = VERTEX_POINT('',#5984);
#5984 = CARTESIAN_POINT('',(0.1,-2.29,1.25));
#5985 = LINE('',#5986,#5987);
#5986 = CARTESIAN_POINT('',(0.1,-2.79,1.25));
#5987 = VECTOR('',#5988,1.);
#5988 = DIRECTION('',(1.110223024625E-16,1.,0.));
#5989 = ORIENTED_EDGE('',*,*,#5990,.T.);
#5990 = EDGE_CURVE('',#5983,#5942,#5991,.T.);
#5991 = LINE('',#5992,#5993);
#5992 = CARTESIAN_POINT('',(0.1,-2.29,1.25));
#5993 = VECTOR('',#5994,1.);
#5994 = DIRECTION('',(0.,0.,1.));
#5995 = ORIENTED_EDGE('',*,*,#5949,.T.);
#5996 = ORIENTED_EDGE('',*,*,#3943,.F.);
#5997 = ORIENTED_EDGE('',*,*,#5861,.T.);
#5998 = PLANE('',#5999);
#5999 = AXIS2_PLACEMENT_3D('',#6000,#6001,#6002);
#6000 = CARTESIAN_POINT('',(0.1,-2.54,3.911477598424));
#6001 = DIRECTION('',(-1.,1.110223024625E-16,0.));
#6002 = DIRECTION('',(0.,0.,1.));
#6003 = ADVANCED_FACE('',(#6004),#6015,.T.);
#6004 = FACE_BOUND('',#6005,.T.);
#6005 = EDGE_LOOP('',(#6006,#6007,#6008,#6014));
#6006 = ORIENTED_EDGE('',*,*,#4031,.T.);
#6007 = ORIENTED_EDGE('',*,*,#5966,.T.);
#6008 = ORIENTED_EDGE('',*,*,#6009,.F.);
#6009 = EDGE_CURVE('',#5894,#5967,#6010,.T.);
#6010 = LINE('',#6011,#6012);
#6011 = CARTESIAN_POINT('',(-0.1,-2.79,7.35));
#6012 = VECTOR('',#6013,1.);
#6013 = DIRECTION('',(1.,-1.110223024625E-16,0.));
#6014 = ORIENTED_EDGE('',*,*,#5893,.F.);
#6015 = PLANE('',#6016);
#6016 = AXIS2_PLACEMENT_3D('',#6017,#6018,#6019);
#6017 = CARTESIAN_POINT('',(-0.1,-2.84,7.4));
#6018 = DIRECTION('',(7.850462293414E-17,0.707106781187,0.707106781187)
  );
#6019 = DIRECTION('',(7.850462293414E-17,0.707106781187,-0.707106781187)
  );
#6020 = ADVANCED_FACE('',(#6021),#6032,.T.);
#6021 = FACE_BOUND('',#6022,.T.);
#6022 = EDGE_LOOP('',(#6023,#6024,#6025,#6026));
#6023 = ORIENTED_EDGE('',*,*,#4207,.T.);
#6024 = ORIENTED_EDGE('',*,*,#4070,.T.);
#6025 = ORIENTED_EDGE('',*,*,#4095,.T.);
#6026 = ORIENTED_EDGE('',*,*,#6027,.T.);
#6027 = EDGE_CURVE('',#4096,#4200,#6028,.T.);
#6028 = LINE('',#6029,#6030);
#6029 = CARTESIAN_POINT('',(0.1,8.770761894539E-16,0.9));
#6030 = VECTOR('',#6031,1.);
#6031 = DIRECTION('',(-1.110223024625E-16,-1.,0.));
#6032 = PLANE('',#6033);
#6033 = AXIS2_PLACEMENT_3D('',#6034,#6035,#6036);
#6034 = CARTESIAN_POINT('',(-9.367506770275E-17,1.7763568394E-15,0.9));
#6035 = DIRECTION('',(0.,0.,1.));
#6036 = DIRECTION('',(1.110223024625E-16,1.,-0.));
#6037 = ADVANCED_FACE('',(#6038),#6049,.T.);
#6038 = FACE_BOUND('',#6039,.T.);
#6039 = EDGE_LOOP('',(#6040,#6041,#6047,#6048));
#6040 = ORIENTED_EDGE('',*,*,#4175,.T.);
#6041 = ORIENTED_EDGE('',*,*,#6042,.F.);
#6042 = EDGE_CURVE('',#4120,#4176,#6043,.T.);
#6043 = LINE('',#6044,#6045);
#6044 = CARTESIAN_POINT('',(-0.1,8.992806499464E-16,0.9));
#6045 = VECTOR('',#6046,1.);
#6046 = DIRECTION('',(-1.110223024625E-16,-1.,0.));
#6047 = ORIENTED_EDGE('',*,*,#4127,.T.);
#6048 = ORIENTED_EDGE('',*,*,#4150,.T.);
#6049 = PLANE('',#6050);
#6050 = AXIS2_PLACEMENT_3D('',#6051,#6052,#6053);
#6051 = CARTESIAN_POINT('',(-9.367506770275E-17,1.7763568394E-15,0.9));
#6052 = DIRECTION('',(0.,0.,1.));
#6053 = DIRECTION('',(1.110223024625E-16,1.,-0.));
#6054 = ADVANCED_FACE('',(#6055),#6098,.T.);
#6055 = FACE_BOUND('',#6056,.T.);
#6056 = EDGE_LOOP('',(#6057,#6058,#6066,#6074,#6082,#6090,#6096,#6097));
#6057 = ORIENTED_EDGE('',*,*,#4183,.F.);
#6058 = ORIENTED_EDGE('',*,*,#6059,.T.);
#6059 = EDGE_CURVE('',#4184,#6060,#6062,.T.);
#6060 = VERTEX_POINT('',#6061);
#6061 = CARTESIAN_POINT('',(-0.1,-0.25,7.35));
#6062 = LINE('',#6063,#6064);
#6063 = CARTESIAN_POINT('',(-0.1,-0.3,7.4));
#6064 = VECTOR('',#6065,1.);
#6065 = DIRECTION('',(7.850462293414E-17,0.707106781187,-0.707106781187)
  );
#6066 = ORIENTED_EDGE('',*,*,#6067,.T.);
#6067 = EDGE_CURVE('',#6060,#6068,#6070,.T.);
#6068 = VERTEX_POINT('',#6069);
#6069 = CARTESIAN_POINT('',(-0.1,-0.25,1.25));
#6070 = LINE('',#6071,#6072);
#6071 = CARTESIAN_POINT('',(-0.1,-0.25,7.35));
#6072 = VECTOR('',#6073,1.);
#6073 = DIRECTION('',(0.,0.,-1.));
#6074 = ORIENTED_EDGE('',*,*,#6075,.T.);
#6075 = EDGE_CURVE('',#6068,#6076,#6078,.T.);
#6076 = VERTEX_POINT('',#6077);
#6077 = CARTESIAN_POINT('',(-0.1,0.25,1.25));
#6078 = LINE('',#6079,#6080);
#6079 = CARTESIAN_POINT('',(-0.1,-0.25,1.25));
#6080 = VECTOR('',#6081,1.);
#6081 = DIRECTION('',(1.110223024625E-16,1.,0.));
#6082 = ORIENTED_EDGE('',*,*,#6083,.T.);
#6083 = EDGE_CURVE('',#6076,#6084,#6086,.T.);
#6084 = VERTEX_POINT('',#6085);
#6085 = CARTESIAN_POINT('',(-0.1,0.25,7.35));
#6086 = LINE('',#6087,#6088);
#6087 = CARTESIAN_POINT('',(-0.1,0.25,1.25));
#6088 = VECTOR('',#6089,1.);
#6089 = DIRECTION('',(0.,0.,1.));
#6090 = ORIENTED_EDGE('',*,*,#6091,.T.);
#6091 = EDGE_CURVE('',#6084,#4112,#6092,.T.);
#6092 = LINE('',#6093,#6094);
#6093 = CARTESIAN_POINT('',(-0.1,0.25,7.35));
#6094 = VECTOR('',#6095,1.);
#6095 = DIRECTION('',(7.850462293414E-17,0.707106781187,0.707106781187)
  );
#6096 = ORIENTED_EDGE('',*,*,#4119,.F.);
#6097 = ORIENTED_EDGE('',*,*,#6042,.T.);
#6098 = PLANE('',#6099);
#6099 = AXIS2_PLACEMENT_3D('',#6100,#6101,#6102);
#6100 = CARTESIAN_POINT('',(-0.1,1.110223024625E-17,3.911477598424));
#6101 = DIRECTION('',(-1.,1.110223024625E-16,0.));
#6102 = DIRECTION('',(0.,0.,1.));
#6103 = ADVANCED_FACE('',(#6104),#6122,.T.);
#6104 = FACE_BOUND('',#6105,.T.);
#6105 = EDGE_LOOP('',(#6106,#6114,#6120,#6121));
#6106 = ORIENTED_EDGE('',*,*,#6107,.T.);
#6107 = EDGE_CURVE('',#6084,#6108,#6110,.T.);
#6108 = VERTEX_POINT('',#6109);
#6109 = CARTESIAN_POINT('',(0.1,0.25,7.35));
#6110 = LINE('',#6111,#6112);
#6111 = CARTESIAN_POINT('',(-0.1,0.25,7.35));
#6112 = VECTOR('',#6113,1.);
#6113 = DIRECTION('',(1.,-1.110223024625E-16,0.));
#6114 = ORIENTED_EDGE('',*,*,#6115,.T.);
#6115 = EDGE_CURVE('',#6108,#4104,#6116,.T.);
#6116 = LINE('',#6117,#6118);
#6117 = CARTESIAN_POINT('',(0.1,0.25,7.35));
#6118 = VECTOR('',#6119,1.);
#6119 = DIRECTION('',(7.850462293414E-17,0.707106781187,0.707106781187)
  );
#6120 = ORIENTED_EDGE('',*,*,#4111,.F.);
#6121 = ORIENTED_EDGE('',*,*,#6091,.F.);
#6122 = PLANE('',#6123);
#6123 = AXIS2_PLACEMENT_3D('',#6124,#6125,#6126);
#6124 = CARTESIAN_POINT('',(-0.1,0.25,7.35));
#6125 = DIRECTION('',(-7.850462293414E-17,-0.707106781187,0.707106781187
    ));
#6126 = DIRECTION('',(7.850462293414E-17,0.707106781187,0.707106781187)
  );
#6127 = ADVANCED_FACE('',(#6128),#6164,.F.);
#6128 = FACE_BOUND('',#6129,.F.);
#6129 = EDGE_LOOP('',(#6130,#6131,#6139,#6147,#6155,#6161,#6162,#6163));
#6130 = ORIENTED_EDGE('',*,*,#4199,.F.);
#6131 = ORIENTED_EDGE('',*,*,#6132,.T.);
#6132 = EDGE_CURVE('',#4192,#6133,#6135,.T.);
#6133 = VERTEX_POINT('',#6134);
#6134 = CARTESIAN_POINT('',(0.1,-0.25,7.35));
#6135 = LINE('',#6136,#6137);
#6136 = CARTESIAN_POINT('',(0.1,-0.3,7.4));
#6137 = VECTOR('',#6138,1.);
#6138 = DIRECTION('',(7.850462293414E-17,0.707106781187,-0.707106781187)
  );
#6139 = ORIENTED_EDGE('',*,*,#6140,.T.);
#6140 = EDGE_CURVE('',#6133,#6141,#6143,.T.);
#6141 = VERTEX_POINT('',#6142);
#6142 = CARTESIAN_POINT('',(0.1,-0.25,1.25));
#6143 = LINE('',#6144,#6145);
#6144 = CARTESIAN_POINT('',(0.1,-0.25,7.35));
#6145 = VECTOR('',#6146,1.);
#6146 = DIRECTION('',(0.,0.,-1.));
#6147 = ORIENTED_EDGE('',*,*,#6148,.T.);
#6148 = EDGE_CURVE('',#6141,#6149,#6151,.T.);
#6149 = VERTEX_POINT('',#6150);
#6150 = CARTESIAN_POINT('',(0.1,0.25,1.25));
#6151 = LINE('',#6152,#6153);
#6152 = CARTESIAN_POINT('',(0.1,-0.25,1.25));
#6153 = VECTOR('',#6154,1.);
#6154 = DIRECTION('',(1.110223024625E-16,1.,0.));
#6155 = ORIENTED_EDGE('',*,*,#6156,.T.);
#6156 = EDGE_CURVE('',#6149,#6108,#6157,.T.);
#6157 = LINE('',#6158,#6159);
#6158 = CARTESIAN_POINT('',(0.1,0.25,1.25));
#6159 = VECTOR('',#6160,1.);
#6160 = DIRECTION('',(0.,0.,1.));
#6161 = ORIENTED_EDGE('',*,*,#6115,.T.);
#6162 = ORIENTED_EDGE('',*,*,#4103,.F.);
#6163 = ORIENTED_EDGE('',*,*,#6027,.T.);
#6164 = PLANE('',#6165);
#6165 = AXIS2_PLACEMENT_3D('',#6166,#6167,#6168);
#6166 = CARTESIAN_POINT('',(0.1,-1.110223024625E-17,3.911477598424));
#6167 = DIRECTION('',(-1.,1.110223024625E-16,0.));
#6168 = DIRECTION('',(0.,0.,1.));
#6169 = ADVANCED_FACE('',(#6170),#6181,.T.);
#6170 = FACE_BOUND('',#6171,.T.);
#6171 = EDGE_LOOP('',(#6172,#6173,#6174,#6180));
#6172 = ORIENTED_EDGE('',*,*,#4191,.T.);
#6173 = ORIENTED_EDGE('',*,*,#6132,.T.);
#6174 = ORIENTED_EDGE('',*,*,#6175,.F.);
#6175 = EDGE_CURVE('',#6060,#6133,#6176,.T.);
#6176 = LINE('',#6177,#6178);
#6177 = CARTESIAN_POINT('',(-0.1,-0.25,7.35));
#6178 = VECTOR('',#6179,1.);
#6179 = DIRECTION('',(1.,-1.110223024625E-16,0.));
#6180 = ORIENTED_EDGE('',*,*,#6059,.F.);
#6181 = PLANE('',#6182);
#6182 = AXIS2_PLACEMENT_3D('',#6183,#6184,#6185);
#6183 = CARTESIAN_POINT('',(-0.1,-0.3,7.4));
#6184 = DIRECTION('',(7.850462293414E-17,0.707106781187,0.707106781187)
  );
#6185 = DIRECTION('',(7.850462293414E-17,0.707106781187,-0.707106781187)
  );
#6186 = ADVANCED_FACE('',(#6187),#6198,.T.);
#6187 = FACE_BOUND('',#6188,.T.);
#6188 = EDGE_LOOP('',(#6189,#6195,#6196,#6197));
#6189 = ORIENTED_EDGE('',*,*,#6190,.T.);
#6190 = EDGE_CURVE('',#4914,#4987,#6191,.T.);
#6191 = LINE('',#6192,#6193);
#6192 = CARTESIAN_POINT('',(-0.1,-17.53,1.25));
#6193 = VECTOR('',#6194,1.);
#6194 = DIRECTION('',(1.,-1.110223024625E-16,0.));
#6195 = ORIENTED_EDGE('',*,*,#4994,.T.);
#6196 = ORIENTED_EDGE('',*,*,#4945,.F.);
#6197 = ORIENTED_EDGE('',*,*,#4921,.F.);
#6198 = PLANE('',#6199);
#6199 = AXIS2_PLACEMENT_3D('',#6200,#6201,#6202);
#6200 = CARTESIAN_POINT('',(-0.1,-17.53,1.25));
#6201 = DIRECTION('',(-1.110223024625E-16,-1.,0.));
#6202 = DIRECTION('',(0.,0.,1.));
#6203 = ADVANCED_FACE('',(#6204),#6215,.T.);
#6204 = FACE_BOUND('',#6205,.T.);
#6205 = EDGE_LOOP('',(#6206,#6212,#6213,#6214));
#6206 = ORIENTED_EDGE('',*,*,#6207,.T.);
#6207 = EDGE_CURVE('',#4906,#4979,#6208,.T.);
#6208 = LINE('',#6209,#6210);
#6209 = CARTESIAN_POINT('',(-0.1,-18.03,1.25));
#6210 = VECTOR('',#6211,1.);
#6211 = DIRECTION('',(1.,-1.110223024625E-16,0.));
#6212 = ORIENTED_EDGE('',*,*,#4986,.T.);
#6213 = ORIENTED_EDGE('',*,*,#6190,.F.);
#6214 = ORIENTED_EDGE('',*,*,#4913,.F.);
#6215 = PLANE('',#6216);
#6216 = AXIS2_PLACEMENT_3D('',#6217,#6218,#6219);
#6217 = CARTESIAN_POINT('',(-0.1,-18.03,1.25));
#6218 = DIRECTION('',(0.,0.,1.));
#6219 = DIRECTION('',(1.110223024625E-16,1.,-0.));
#6220 = ADVANCED_FACE('',(#6221),#6227,.T.);
#6221 = FACE_BOUND('',#6222,.T.);
#6222 = EDGE_LOOP('',(#6223,#6224,#6225,#6226));
#6223 = ORIENTED_EDGE('',*,*,#5013,.T.);
#6224 = ORIENTED_EDGE('',*,*,#4978,.T.);
#6225 = ORIENTED_EDGE('',*,*,#6207,.F.);
#6226 = ORIENTED_EDGE('',*,*,#4905,.F.);
#6227 = PLANE('',#6228);
#6228 = AXIS2_PLACEMENT_3D('',#6229,#6230,#6231);
#6229 = CARTESIAN_POINT('',(-0.1,-18.03,7.35));
#6230 = DIRECTION('',(1.110223024625E-16,1.,0.));
#6231 = DIRECTION('',(0.,0.,-1.));
#6232 = ADVANCED_FACE('',(#6233),#6244,.T.);
#6233 = FACE_BOUND('',#6234,.T.);
#6234 = EDGE_LOOP('',(#6235,#6241,#6242,#6243));
#6235 = ORIENTED_EDGE('',*,*,#6236,.T.);
#6236 = EDGE_CURVE('',#5080,#5153,#6237,.T.);
#6237 = LINE('',#6238,#6239);
#6238 = CARTESIAN_POINT('',(-0.1,-14.99,1.25));
#6239 = VECTOR('',#6240,1.);
#6240 = DIRECTION('',(1.,-1.110223024625E-16,0.));
#6241 = ORIENTED_EDGE('',*,*,#5160,.T.);
#6242 = ORIENTED_EDGE('',*,*,#5111,.F.);
#6243 = ORIENTED_EDGE('',*,*,#5087,.F.);
#6244 = PLANE('',#6245);
#6245 = AXIS2_PLACEMENT_3D('',#6246,#6247,#6248);
#6246 = CARTESIAN_POINT('',(-0.1,-14.99,1.25));
#6247 = DIRECTION('',(-1.110223024625E-16,-1.,0.));
#6248 = DIRECTION('',(0.,0.,1.));
#6249 = ADVANCED_FACE('',(#6250),#6261,.T.);
#6250 = FACE_BOUND('',#6251,.T.);
#6251 = EDGE_LOOP('',(#6252,#6258,#6259,#6260));
#6252 = ORIENTED_EDGE('',*,*,#6253,.T.);
#6253 = EDGE_CURVE('',#5072,#5145,#6254,.T.);
#6254 = LINE('',#6255,#6256);
#6255 = CARTESIAN_POINT('',(-0.1,-15.49,1.25));
#6256 = VECTOR('',#6257,1.);
#6257 = DIRECTION('',(1.,-1.110223024625E-16,0.));
#6258 = ORIENTED_EDGE('',*,*,#5152,.T.);
#6259 = ORIENTED_EDGE('',*,*,#6236,.F.);
#6260 = ORIENTED_EDGE('',*,*,#5079,.F.);
#6261 = PLANE('',#6262);
#6262 = AXIS2_PLACEMENT_3D('',#6263,#6264,#6265);
#6263 = CARTESIAN_POINT('',(-0.1,-15.49,1.25));
#6264 = DIRECTION('',(0.,0.,1.));
#6265 = DIRECTION('',(1.110223024625E-16,1.,-0.));
#6266 = ADVANCED_FACE('',(#6267),#6273,.T.);
#6267 = FACE_BOUND('',#6268,.T.);
#6268 = EDGE_LOOP('',(#6269,#6270,#6271,#6272));
#6269 = ORIENTED_EDGE('',*,*,#5179,.T.);
#6270 = ORIENTED_EDGE('',*,*,#5144,.T.);
#6271 = ORIENTED_EDGE('',*,*,#6253,.F.);
#6272 = ORIENTED_EDGE('',*,*,#5071,.F.);
#6273 = PLANE('',#6274);
#6274 = AXIS2_PLACEMENT_3D('',#6275,#6276,#6277);
#6275 = CARTESIAN_POINT('',(-0.1,-15.49,7.35));
#6276 = DIRECTION('',(1.110223024625E-16,1.,0.));
#6277 = DIRECTION('',(0.,0.,-1.));
#6278 = ADVANCED_FACE('',(#6279),#6290,.T.);
#6279 = FACE_BOUND('',#6280,.T.);
#6280 = EDGE_LOOP('',(#6281,#6287,#6288,#6289));
#6281 = ORIENTED_EDGE('',*,*,#6282,.T.);
#6282 = EDGE_CURVE('',#5246,#5319,#6283,.T.);
#6283 = LINE('',#6284,#6285);
#6284 = CARTESIAN_POINT('',(-0.1,-12.45,1.25));
#6285 = VECTOR('',#6286,1.);
#6286 = DIRECTION('',(1.,-1.110223024625E-16,0.));
#6287 = ORIENTED_EDGE('',*,*,#5326,.T.);
#6288 = ORIENTED_EDGE('',*,*,#5277,.F.);
#6289 = ORIENTED_EDGE('',*,*,#5253,.F.);
#6290 = PLANE('',#6291);
#6291 = AXIS2_PLACEMENT_3D('',#6292,#6293,#6294);
#6292 = CARTESIAN_POINT('',(-0.1,-12.45,1.25));
#6293 = DIRECTION('',(-1.110223024625E-16,-1.,0.));
#6294 = DIRECTION('',(0.,0.,1.));
#6295 = ADVANCED_FACE('',(#6296),#6307,.T.);
#6296 = FACE_BOUND('',#6297,.T.);
#6297 = EDGE_LOOP('',(#6298,#6304,#6305,#6306));
#6298 = ORIENTED_EDGE('',*,*,#6299,.T.);
#6299 = EDGE_CURVE('',#5238,#5311,#6300,.T.);
#6300 = LINE('',#6301,#6302);
#6301 = CARTESIAN_POINT('',(-0.1,-12.95,1.25));
#6302 = VECTOR('',#6303,1.);
#6303 = DIRECTION('',(1.,-1.110223024625E-16,0.));
#6304 = ORIENTED_EDGE('',*,*,#5318,.T.);
#6305 = ORIENTED_EDGE('',*,*,#6282,.F.);
#6306 = ORIENTED_EDGE('',*,*,#5245,.F.);
#6307 = PLANE('',#6308);
#6308 = AXIS2_PLACEMENT_3D('',#6309,#6310,#6311);
#6309 = CARTESIAN_POINT('',(-0.1,-12.95,1.25));
#6310 = DIRECTION('',(0.,0.,1.));
#6311 = DIRECTION('',(1.110223024625E-16,1.,-0.));
#6312 = ADVANCED_FACE('',(#6313),#6319,.T.);
#6313 = FACE_BOUND('',#6314,.T.);
#6314 = EDGE_LOOP('',(#6315,#6316,#6317,#6318));
#6315 = ORIENTED_EDGE('',*,*,#5345,.T.);
#6316 = ORIENTED_EDGE('',*,*,#5310,.T.);
#6317 = ORIENTED_EDGE('',*,*,#6299,.F.);
#6318 = ORIENTED_EDGE('',*,*,#5237,.F.);
#6319 = PLANE('',#6320);
#6320 = AXIS2_PLACEMENT_3D('',#6321,#6322,#6323);
#6321 = CARTESIAN_POINT('',(-0.1,-12.95,7.35));
#6322 = DIRECTION('',(1.110223024625E-16,1.,0.));
#6323 = DIRECTION('',(0.,0.,-1.));
#6324 = ADVANCED_FACE('',(#6325),#6336,.T.);
#6325 = FACE_BOUND('',#6326,.T.);
#6326 = EDGE_LOOP('',(#6327,#6333,#6334,#6335));
#6327 = ORIENTED_EDGE('',*,*,#6328,.T.);
#6328 = EDGE_CURVE('',#5412,#5485,#6329,.T.);
#6329 = LINE('',#6330,#6331);
#6330 = CARTESIAN_POINT('',(-0.1,-9.91,1.25));
#6331 = VECTOR('',#6332,1.);
#6332 = DIRECTION('',(1.,-1.110223024625E-16,0.));
#6333 = ORIENTED_EDGE('',*,*,#5492,.T.);
#6334 = ORIENTED_EDGE('',*,*,#5443,.F.);
#6335 = ORIENTED_EDGE('',*,*,#5419,.F.);
#6336 = PLANE('',#6337);
#6337 = AXIS2_PLACEMENT_3D('',#6338,#6339,#6340);
#6338 = CARTESIAN_POINT('',(-0.1,-9.91,1.25));
#6339 = DIRECTION('',(-1.110223024625E-16,-1.,0.));
#6340 = DIRECTION('',(0.,0.,1.));
#6341 = ADVANCED_FACE('',(#6342),#6353,.T.);
#6342 = FACE_BOUND('',#6343,.T.);
#6343 = EDGE_LOOP('',(#6344,#6350,#6351,#6352));
#6344 = ORIENTED_EDGE('',*,*,#6345,.T.);
#6345 = EDGE_CURVE('',#5404,#5477,#6346,.T.);
#6346 = LINE('',#6347,#6348);
#6347 = CARTESIAN_POINT('',(-0.1,-10.41,1.25));
#6348 = VECTOR('',#6349,1.);
#6349 = DIRECTION('',(1.,-1.110223024625E-16,0.));
#6350 = ORIENTED_EDGE('',*,*,#5484,.T.);
#6351 = ORIENTED_EDGE('',*,*,#6328,.F.);
#6352 = ORIENTED_EDGE('',*,*,#5411,.F.);
#6353 = PLANE('',#6354);
#6354 = AXIS2_PLACEMENT_3D('',#6355,#6356,#6357);
#6355 = CARTESIAN_POINT('',(-0.1,-10.41,1.25));
#6356 = DIRECTION('',(0.,0.,1.));
#6357 = DIRECTION('',(1.110223024625E-16,1.,-0.));
#6358 = ADVANCED_FACE('',(#6359),#6365,.T.);
#6359 = FACE_BOUND('',#6360,.T.);
#6360 = EDGE_LOOP('',(#6361,#6362,#6363,#6364));
#6361 = ORIENTED_EDGE('',*,*,#5511,.T.);
#6362 = ORIENTED_EDGE('',*,*,#5476,.T.);
#6363 = ORIENTED_EDGE('',*,*,#6345,.F.);
#6364 = ORIENTED_EDGE('',*,*,#5403,.F.);
#6365 = PLANE('',#6366);
#6366 = AXIS2_PLACEMENT_3D('',#6367,#6368,#6369);
#6367 = CARTESIAN_POINT('',(-0.1,-10.41,7.35));
#6368 = DIRECTION('',(1.110223024625E-16,1.,0.));
#6369 = DIRECTION('',(0.,0.,-1.));
#6370 = ADVANCED_FACE('',(#6371),#6382,.T.);
#6371 = FACE_BOUND('',#6372,.T.);
#6372 = EDGE_LOOP('',(#6373,#6379,#6380,#6381));
#6373 = ORIENTED_EDGE('',*,*,#6374,.T.);
#6374 = EDGE_CURVE('',#5578,#5651,#6375,.T.);
#6375 = LINE('',#6376,#6377);
#6376 = CARTESIAN_POINT('',(-0.1,-7.37,1.25));
#6377 = VECTOR('',#6378,1.);
#6378 = DIRECTION('',(1.,-1.110223024625E-16,0.));
#6379 = ORIENTED_EDGE('',*,*,#5658,.T.);
#6380 = ORIENTED_EDGE('',*,*,#5609,.F.);
#6381 = ORIENTED_EDGE('',*,*,#5585,.F.);
#6382 = PLANE('',#6383);
#6383 = AXIS2_PLACEMENT_3D('',#6384,#6385,#6386);
#6384 = CARTESIAN_POINT('',(-0.1,-7.37,1.25));
#6385 = DIRECTION('',(-1.110223024625E-16,-1.,0.));
#6386 = DIRECTION('',(0.,0.,1.));
#6387 = ADVANCED_FACE('',(#6388),#6399,.T.);
#6388 = FACE_BOUND('',#6389,.T.);
#6389 = EDGE_LOOP('',(#6390,#6396,#6397,#6398));
#6390 = ORIENTED_EDGE('',*,*,#6391,.T.);
#6391 = EDGE_CURVE('',#5570,#5643,#6392,.T.);
#6392 = LINE('',#6393,#6394);
#6393 = CARTESIAN_POINT('',(-0.1,-7.87,1.25));
#6394 = VECTOR('',#6395,1.);
#6395 = DIRECTION('',(1.,-1.110223024625E-16,0.));
#6396 = ORIENTED_EDGE('',*,*,#5650,.T.);
#6397 = ORIENTED_EDGE('',*,*,#6374,.F.);
#6398 = ORIENTED_EDGE('',*,*,#5577,.F.);
#6399 = PLANE('',#6400);
#6400 = AXIS2_PLACEMENT_3D('',#6401,#6402,#6403);
#6401 = CARTESIAN_POINT('',(-0.1,-7.87,1.25));
#6402 = DIRECTION('',(0.,0.,1.));
#6403 = DIRECTION('',(1.110223024625E-16,1.,-0.));
#6404 = ADVANCED_FACE('',(#6405),#6411,.T.);
#6405 = FACE_BOUND('',#6406,.T.);
#6406 = EDGE_LOOP('',(#6407,#6408,#6409,#6410));
#6407 = ORIENTED_EDGE('',*,*,#5677,.T.);
#6408 = ORIENTED_EDGE('',*,*,#5642,.T.);
#6409 = ORIENTED_EDGE('',*,*,#6391,.F.);
#6410 = ORIENTED_EDGE('',*,*,#5569,.F.);
#6411 = PLANE('',#6412);
#6412 = AXIS2_PLACEMENT_3D('',#6413,#6414,#6415);
#6413 = CARTESIAN_POINT('',(-0.1,-7.87,7.35));
#6414 = DIRECTION('',(1.110223024625E-16,1.,0.));
#6415 = DIRECTION('',(0.,0.,-1.));
#6416 = ADVANCED_FACE('',(#6417),#6428,.T.);
#6417 = FACE_BOUND('',#6418,.T.);
#6418 = EDGE_LOOP('',(#6419,#6425,#6426,#6427));
#6419 = ORIENTED_EDGE('',*,*,#6420,.T.);
#6420 = EDGE_CURVE('',#5744,#5817,#6421,.T.);
#6421 = LINE('',#6422,#6423);
#6422 = CARTESIAN_POINT('',(-0.1,-4.83,1.25));
#6423 = VECTOR('',#6424,1.);
#6424 = DIRECTION('',(1.,-1.110223024625E-16,0.));
#6425 = ORIENTED_EDGE('',*,*,#5824,.T.);
#6426 = ORIENTED_EDGE('',*,*,#5775,.F.);
#6427 = ORIENTED_EDGE('',*,*,#5751,.F.);
#6428 = PLANE('',#6429);
#6429 = AXIS2_PLACEMENT_3D('',#6430,#6431,#6432);
#6430 = CARTESIAN_POINT('',(-0.1,-4.83,1.25));
#6431 = DIRECTION('',(-1.110223024625E-16,-1.,0.));
#6432 = DIRECTION('',(0.,0.,1.));
#6433 = ADVANCED_FACE('',(#6434),#6445,.T.);
#6434 = FACE_BOUND('',#6435,.T.);
#6435 = EDGE_LOOP('',(#6436,#6442,#6443,#6444));
#6436 = ORIENTED_EDGE('',*,*,#6437,.T.);
#6437 = EDGE_CURVE('',#5736,#5809,#6438,.T.);
#6438 = LINE('',#6439,#6440);
#6439 = CARTESIAN_POINT('',(-0.1,-5.33,1.25));
#6440 = VECTOR('',#6441,1.);
#6441 = DIRECTION('',(1.,-1.110223024625E-16,0.));
#6442 = ORIENTED_EDGE('',*,*,#5816,.T.);
#6443 = ORIENTED_EDGE('',*,*,#6420,.F.);
#6444 = ORIENTED_EDGE('',*,*,#5743,.F.);
#6445 = PLANE('',#6446);
#6446 = AXIS2_PLACEMENT_3D('',#6447,#6448,#6449);
#6447 = CARTESIAN_POINT('',(-0.1,-5.33,1.25));
#6448 = DIRECTION('',(0.,0.,1.));
#6449 = DIRECTION('',(1.110223024625E-16,1.,-0.));
#6450 = ADVANCED_FACE('',(#6451),#6457,.T.);
#6451 = FACE_BOUND('',#6452,.T.);
#6452 = EDGE_LOOP('',(#6453,#6454,#6455,#6456));
#6453 = ORIENTED_EDGE('',*,*,#5843,.T.);
#6454 = ORIENTED_EDGE('',*,*,#5808,.T.);
#6455 = ORIENTED_EDGE('',*,*,#6437,.F.);
#6456 = ORIENTED_EDGE('',*,*,#5735,.F.);
#6457 = PLANE('',#6458);
#6458 = AXIS2_PLACEMENT_3D('',#6459,#6460,#6461);
#6459 = CARTESIAN_POINT('',(-0.1,-5.33,7.35));
#6460 = DIRECTION('',(1.110223024625E-16,1.,0.));
#6461 = DIRECTION('',(0.,0.,-1.));
#6462 = ADVANCED_FACE('',(#6463),#6474,.T.);
#6463 = FACE_BOUND('',#6464,.T.);
#6464 = EDGE_LOOP('',(#6465,#6471,#6472,#6473));
#6465 = ORIENTED_EDGE('',*,*,#6466,.T.);
#6466 = EDGE_CURVE('',#5910,#5983,#6467,.T.);
#6467 = LINE('',#6468,#6469);
#6468 = CARTESIAN_POINT('',(-0.1,-2.29,1.25));
#6469 = VECTOR('',#6470,1.);
#6470 = DIRECTION('',(1.,-1.110223024625E-16,0.));
#6471 = ORIENTED_EDGE('',*,*,#5990,.T.);
#6472 = ORIENTED_EDGE('',*,*,#5941,.F.);
#6473 = ORIENTED_EDGE('',*,*,#5917,.F.);
#6474 = PLANE('',#6475);
#6475 = AXIS2_PLACEMENT_3D('',#6476,#6477,#6478);
#6476 = CARTESIAN_POINT('',(-0.1,-2.29,1.25));
#6477 = DIRECTION('',(-1.110223024625E-16,-1.,0.));
#6478 = DIRECTION('',(0.,0.,1.));
#6479 = ADVANCED_FACE('',(#6480),#6491,.T.);
#6480 = FACE_BOUND('',#6481,.T.);
#6481 = EDGE_LOOP('',(#6482,#6488,#6489,#6490));
#6482 = ORIENTED_EDGE('',*,*,#6483,.T.);
#6483 = EDGE_CURVE('',#5902,#5975,#6484,.T.);
#6484 = LINE('',#6485,#6486);
#6485 = CARTESIAN_POINT('',(-0.1,-2.79,1.25));
#6486 = VECTOR('',#6487,1.);
#6487 = DIRECTION('',(1.,-1.110223024625E-16,0.));
#6488 = ORIENTED_EDGE('',*,*,#5982,.T.);
#6489 = ORIENTED_EDGE('',*,*,#6466,.F.);
#6490 = ORIENTED_EDGE('',*,*,#5909,.F.);
#6491 = PLANE('',#6492);
#6492 = AXIS2_PLACEMENT_3D('',#6493,#6494,#6495);
#6493 = CARTESIAN_POINT('',(-0.1,-2.79,1.25));
#6494 = DIRECTION('',(0.,0.,1.));
#6495 = DIRECTION('',(1.110223024625E-16,1.,-0.));
#6496 = ADVANCED_FACE('',(#6497),#6503,.T.);
#6497 = FACE_BOUND('',#6498,.T.);
#6498 = EDGE_LOOP('',(#6499,#6500,#6501,#6502));
#6499 = ORIENTED_EDGE('',*,*,#6009,.T.);
#6500 = ORIENTED_EDGE('',*,*,#5974,.T.);
#6501 = ORIENTED_EDGE('',*,*,#6483,.F.);
#6502 = ORIENTED_EDGE('',*,*,#5901,.F.);
#6503 = PLANE('',#6504);
#6504 = AXIS2_PLACEMENT_3D('',#6505,#6506,#6507);
#6505 = CARTESIAN_POINT('',(-0.1,-2.79,7.35));
#6506 = DIRECTION('',(1.110223024625E-16,1.,0.));
#6507 = DIRECTION('',(0.,0.,-1.));
#6508 = ADVANCED_FACE('',(#6509),#6520,.T.);
#6509 = FACE_BOUND('',#6510,.T.);
#6510 = EDGE_LOOP('',(#6511,#6517,#6518,#6519));
#6511 = ORIENTED_EDGE('',*,*,#6512,.T.);
#6512 = EDGE_CURVE('',#6076,#6149,#6513,.T.);
#6513 = LINE('',#6514,#6515);
#6514 = CARTESIAN_POINT('',(-0.1,0.25,1.25));
#6515 = VECTOR('',#6516,1.);
#6516 = DIRECTION('',(1.,-1.110223024625E-16,0.));
#6517 = ORIENTED_EDGE('',*,*,#6156,.T.);
#6518 = ORIENTED_EDGE('',*,*,#6107,.F.);
#6519 = ORIENTED_EDGE('',*,*,#6083,.F.);
#6520 = PLANE('',#6521);
#6521 = AXIS2_PLACEMENT_3D('',#6522,#6523,#6524);
#6522 = CARTESIAN_POINT('',(-0.1,0.25,1.25));
#6523 = DIRECTION('',(-1.110223024625E-16,-1.,0.));
#6524 = DIRECTION('',(0.,0.,1.));
#6525 = ADVANCED_FACE('',(#6526),#6537,.T.);
#6526 = FACE_BOUND('',#6527,.T.);
#6527 = EDGE_LOOP('',(#6528,#6534,#6535,#6536));
#6528 = ORIENTED_EDGE('',*,*,#6529,.T.);
#6529 = EDGE_CURVE('',#6068,#6141,#6530,.T.);
#6530 = LINE('',#6531,#6532);
#6531 = CARTESIAN_POINT('',(-0.1,-0.25,1.25));
#6532 = VECTOR('',#6533,1.);
#6533 = DIRECTION('',(1.,-1.110223024625E-16,0.));
#6534 = ORIENTED_EDGE('',*,*,#6148,.T.);
#6535 = ORIENTED_EDGE('',*,*,#6512,.F.);
#6536 = ORIENTED_EDGE('',*,*,#6075,.F.);
#6537 = PLANE('',#6538);
#6538 = AXIS2_PLACEMENT_3D('',#6539,#6540,#6541);
#6539 = CARTESIAN_POINT('',(-0.1,-0.25,1.25));
#6540 = DIRECTION('',(0.,0.,1.));
#6541 = DIRECTION('',(1.110223024625E-16,1.,-0.));
#6542 = ADVANCED_FACE('',(#6543),#6549,.T.);
#6543 = FACE_BOUND('',#6544,.T.);
#6544 = EDGE_LOOP('',(#6545,#6546,#6547,#6548));
#6545 = ORIENTED_EDGE('',*,*,#6175,.T.);
#6546 = ORIENTED_EDGE('',*,*,#6140,.T.);
#6547 = ORIENTED_EDGE('',*,*,#6529,.F.);
#6548 = ORIENTED_EDGE('',*,*,#6067,.F.);
#6549 = PLANE('',#6550);
#6550 = AXIS2_PLACEMENT_3D('',#6551,#6552,#6553);
#6551 = CARTESIAN_POINT('',(-0.1,-0.25,7.35));
#6552 = DIRECTION('',(1.110223024625E-16,1.,0.));
#6553 = DIRECTION('',(0.,0.,-1.));
#6554 = ( GEOMETRIC_REPRESENTATION_CONTEXT(3) 
GLOBAL_UNCERTAINTY_ASSIGNED_CONTEXT((#6558)) 
GLOBAL_UNIT_ASSIGNED_CONTEXT((#6555,#6556,#6557)) REPRESENTATION_CONTEXT
('Context #1','3D Context with UNIT and UNCERTAINTY') );
#6555 = ( LENGTH_UNIT() NAMED_UNIT(*) SI_UNIT(.MILLI.,.METRE.) );
#6556 = ( NAMED_UNIT(*) PLANE_ANGLE_UNIT() SI_UNIT($,.RADIAN.) );
#6557 = ( NAMED_UNIT(*) SI_UNIT($,.STERADIAN.) SOLID_ANGLE_UNIT() );
#6558 = UNCERTAINTY_MEASURE_WITH_UNIT(LENGTH_MEASURE(1.E-07),#6555,
  'distance_accuracy_value','confusion accuracy');
#6559 = CONTEXT_DEPENDENT_SHAPE_REPRESENTATION(#6560,#6562);
#6560 = ( REPRESENTATION_RELATIONSHIP('','',#63,#40) 
REPRESENTATION_RELATIONSHIP_WITH_TRANSFORMATION(#6561) 
SHAPE_REPRESENTATION_RELATIONSHIP() );
#6561 = ITEM_DEFINED_TRANSFORMATION('','',#11,#41);
#6562 = PRODUCT_DEFINITION_SHAPE('Placement','Placement of an item',
  #6563);
#6563 = NEXT_ASSEMBLY_USAGE_OCCURRENCE('1','=>[0:1:1:3]','',#35,#58,$);
#6564 = PRODUCT_RELATED_PRODUCT_CATEGORY('part',$,(#60));
#6565 = SHAPE_DEFINITION_REPRESENTATION(#6566,#6572);
#6566 = PRODUCT_DEFINITION_SHAPE('','',#6567);
#6567 = PRODUCT_DEFINITION('design','',#6568,#6571);
#6568 = PRODUCT_DEFINITION_FORMATION('','',#6569);
#6569 = PRODUCT('Buzzer_12x9.5RM7.6','Buzzer_12x9.5RM7.6','',(#6570));
#6570 = PRODUCT_CONTEXT('',#2,'mechanical');
#6571 = PRODUCT_DEFINITION_CONTEXT('part definition',#2,'design');
#6572 = SHAPE_REPRESENTATION('',(#11,#6573),#6577);
#6573 = AXIS2_PLACEMENT_3D('',#6574,#6575,#6576);
#6574 = CARTESIAN_POINT('',(0.,0.,0.));
#6575 = DIRECTION('',(0.,0.,1.));
#6576 = DIRECTION('',(1.,0.,-0.));
#6577 = ( GEOMETRIC_REPRESENTATION_CONTEXT(3) 
GLOBAL_UNCERTAINTY_ASSIGNED_CONTEXT((#6581)) 
GLOBAL_UNIT_ASSIGNED_CONTEXT((#6578,#6579,#6580)) REPRESENTATION_CONTEXT
('Context #1','3D Context with UNIT and UNCERTAINTY') );
#6578 = ( LENGTH_UNIT() NAMED_UNIT(*) SI_UNIT(.MILLI.,.METRE.) );
#6579 = ( NAMED_UNIT(*) PLANE_ANGLE_UNIT() SI_UNIT($,.RADIAN.) );
#6580 = ( NAMED_UNIT(*) SI_UNIT($,.STERADIAN.) SOLID_ANGLE_UNIT() );
#6581 = UNCERTAINTY_MEASURE_WITH_UNIT(LENGTH_MEASURE(1.E-07),#6578,
  'distance_accuracy_value','confusion accuracy');
#6582 = CONTEXT_DEPENDENT_SHAPE_REPRESENTATION(#6583,#6585);
#6583 = ( REPRESENTATION_RELATIONSHIP('','',#6572,#10) 
REPRESENTATION_RELATIONSHIP_WITH_TRANSFORMATION(#6584) 
SHAPE_REPRESENTATION_RELATIONSHIP() );
#6584 = ITEM_DEFINED_TRANSFORMATION('','',#11,#19);
#6585 = PRODUCT_DEFINITION_SHAPE('Placement','Placement of an item',
  #6586);
#6586 = NEXT_ASSEMBLY_USAGE_OCCURRENCE('4','BZ1','',#5,#6567,$);
#6587 = PRODUCT_RELATED_PRODUCT_CATEGORY('part',$,(#6569));
#6588 = SHAPE_DEFINITION_REPRESENTATION(#6589,#6595);
#6589 = PRODUCT_DEFINITION_SHAPE('','',#6590);
#6590 = PRODUCT_DEFINITION('design','',#6591,#6594);
#6591 = PRODUCT_DEFINITION_FORMATION('','',#6592);
#6592 = PRODUCT('Buzzer_12x95RM76','Buzzer_12x95RM76','',(#6593));
#6593 = PRODUCT_CONTEXT('',#2,'mechanical');
#6594 = PRODUCT_DEFINITION_CONTEXT('part definition',#2,'design');
#6595 = ADVANCED_BREP_SHAPE_REPRESENTATION('',(#11,#6596),#6888);
#6596 = MANIFOLD_SOLID_BREP('',#6597);
#6597 = CLOSED_SHELL('',(#6598,#6631,#6657,#6683,#6714,#6734,#6759,#6784
    ,#6809,#6835,#6861,#6870,#6879));
#6598 = ADVANCED_FACE('',(#6599),#6626,.T.);
#6599 = FACE_BOUND('',#6600,.T.);
#6600 = EDGE_LOOP('',(#6601,#6610,#6618,#6625));
#6601 = ORIENTED_EDGE('',*,*,#6602,.T.);
#6602 = EDGE_CURVE('',#6603,#6603,#6605,.T.);
#6603 = VERTEX_POINT('',#6604);
#6604 = CARTESIAN_POINT('',(9.8,1.804356723968E-35,0.33));
#6605 = CIRCLE('',#6606,6.);
#6606 = AXIS2_PLACEMENT_3D('',#6607,#6608,#6609);
#6607 = CARTESIAN_POINT('',(3.8,1.804356723968E-35,0.33));
#6608 = DIRECTION('',(-8.559688641721E-35,6.014522413226E-35,1.));
#6609 = DIRECTION('',(1.,6.690258951221E-52,8.559688641721E-35));
#6610 = ORIENTED_EDGE('',*,*,#6611,.T.);
#6611 = EDGE_CURVE('',#6603,#6612,#6614,.T.);
#6612 = VERTEX_POINT('',#6613);
#6613 = CARTESIAN_POINT('',(9.8,-8.91040357515E-35,8.048518518519));
#6614 = LINE('',#6615,#6616);
#6615 = CARTESIAN_POINT('',(9.8,0.,3.E-02));
#6616 = VECTOR('',#6617,1.);
#6617 = DIRECTION('',(0.,0.,1.));
#6618 = ORIENTED_EDGE('',*,*,#6619,.F.);
#6619 = EDGE_CURVE('',#6612,#6612,#6620,.T.);
#6620 = CIRCLE('',#6621,6.);
#6621 = AXIS2_PLACEMENT_3D('',#6622,#6623,#6624);
#6622 = CARTESIAN_POINT('',(3.8,-8.91040357515E-35,8.048518518519));
#6623 = DIRECTION('',(-8.559688641721E-35,6.014522413226E-35,1.));
#6624 = DIRECTION('',(1.,8.259101077374E-51,8.559688641721E-35));
#6625 = ORIENTED_EDGE('',*,*,#6611,.F.);
#6626 = CYLINDRICAL_SURFACE('',#6627,6.);
#6627 = AXIS2_PLACEMENT_3D('',#6628,#6629,#6630);
#6628 = CARTESIAN_POINT('',(3.8,0.,3.E-02));
#6629 = DIRECTION('',(-0.,-0.,-1.));
#6630 = DIRECTION('',(1.,0.,0.));
#6631 = ADVANCED_FACE('',(#6632),#6652,.T.);
#6632 = FACE_BOUND('',#6633,.T.);
#6633 = EDGE_LOOP('',(#6634,#6643,#6650,#6651));
#6634 = ORIENTED_EDGE('',*,*,#6635,.T.);
#6635 = EDGE_CURVE('',#6636,#6636,#6638,.T.);
#6636 = VERTEX_POINT('',#6637);
#6637 = CARTESIAN_POINT('',(9.5,2.672764710092E-51,3.E-02));
#6638 = CIRCLE('',#6639,5.7);
#6639 = AXIS2_PLACEMENT_3D('',#6640,#6641,#6642);
#6640 = CARTESIAN_POINT('',(3.8,0.,3.E-02));
#6641 = DIRECTION('',(-8.559688641721E-35,6.014522413226E-35,1.));
#6642 = DIRECTION('',(1.,6.690258951221E-52,8.559688641721E-35));
#6643 = ORIENTED_EDGE('',*,*,#6644,.F.);
#6644 = EDGE_CURVE('',#6603,#6636,#6645,.T.);
#6645 = CIRCLE('',#6646,0.3);
#6646 = AXIS2_PLACEMENT_3D('',#6647,#6648,#6649);
#6647 = CARTESIAN_POINT('',(9.5,9.021783619839E-37,0.33));
#6648 = DIRECTION('',(3.007261206613E-36,1.,-6.014522413226E-35));
#6649 = DIRECTION('',(1.,-3.007261206613E-36,8.559688641721E-35));
#6650 = ORIENTED_EDGE('',*,*,#6602,.F.);
#6651 = ORIENTED_EDGE('',*,*,#6644,.T.);
#6652 = TOROIDAL_SURFACE('',#6653,5.7,0.3);
#6653 = AXIS2_PLACEMENT_3D('',#6654,#6655,#6656);
#6654 = CARTESIAN_POINT('',(3.8,1.804356723968E-35,0.33));
#6655 = DIRECTION('',(8.559688641721E-35,-6.014522413226E-35,-1.));
#6656 = DIRECTION('',(1.,6.690258951221E-52,8.559688641721E-35));
#6657 = ADVANCED_FACE('',(#6658),#6678,.T.);
#6658 = FACE_BOUND('',#6659,.T.);
#6659 = EDGE_LOOP('',(#6660,#6669,#6670,#6671));
#6660 = ORIENTED_EDGE('',*,*,#6661,.F.);
#6661 = EDGE_CURVE('',#6612,#6662,#6664,.T.);
#6662 = VERTEX_POINT('',#6663);
#6663 = CARTESIAN_POINT('',(8.318518518519,3.207317652111E-50,9.53));
#6664 = CIRCLE('',#6665,1.481481481481);
#6665 = AXIS2_PLACEMENT_3D('',#6666,#6667,#6668);
#6666 = CARTESIAN_POINT('',(8.318518518519,-8.91040357515E-35,
    8.048518518519));
#6667 = DIRECTION('',(8.259101077374E-51,-1.,6.014522413226E-35));
#6668 = DIRECTION('',(1.,8.259101077374E-51,8.559688641721E-35));
#6669 = ORIENTED_EDGE('',*,*,#6619,.T.);
#6670 = ORIENTED_EDGE('',*,*,#6661,.T.);
#6671 = ORIENTED_EDGE('',*,*,#6672,.F.);
#6672 = EDGE_CURVE('',#6662,#6662,#6673,.T.);
#6673 = CIRCLE('',#6674,4.518518518519);
#6674 = AXIS2_PLACEMENT_3D('',#6675,#6676,#6677);
#6675 = CARTESIAN_POINT('',(3.8,0.,9.53));
#6676 = DIRECTION('',(-8.559688641721E-35,6.014522413226E-35,1.));
#6677 = DIRECTION('',(1.,8.259101077374E-51,8.559688641721E-35));
#6678 = TOROIDAL_SURFACE('',#6679,4.518518518519,1.481481481481);
#6679 = AXIS2_PLACEMENT_3D('',#6680,#6681,#6682);
#6680 = CARTESIAN_POINT('',(3.8,-8.91040357515E-35,8.048518518519));
#6681 = DIRECTION('',(-8.559688641721E-35,6.014522413226E-35,1.));
#6682 = DIRECTION('',(1.,8.259101077374E-51,8.559688641721E-35));
#6683 = ADVANCED_FACE('',(#6684,#6687,#6698),#6709,.F.);
#6684 = FACE_BOUND('',#6685,.F.);
#6685 = EDGE_LOOP('',(#6686));
#6686 = ORIENTED_EDGE('',*,*,#6635,.T.);
#6687 = FACE_BOUND('',#6688,.F.);
#6688 = EDGE_LOOP('',(#6689));
#6689 = ORIENTED_EDGE('',*,*,#6690,.F.);
#6690 = EDGE_CURVE('',#6691,#6691,#6693,.T.);
#6691 = VERTEX_POINT('',#6692);
#6692 = CARTESIAN_POINT('',(0.45,0.,3.E-02));
#6693 = CIRCLE('',#6694,0.45);
#6694 = AXIS2_PLACEMENT_3D('',#6695,#6696,#6697);
#6695 = CARTESIAN_POINT('',(0.,0.,3.E-02));
#6696 = DIRECTION('',(0.,0.,1.));
#6697 = DIRECTION('',(1.,0.,-0.));
#6698 = FACE_BOUND('',#6699,.F.);
#6699 = EDGE_LOOP('',(#6700));
#6700 = ORIENTED_EDGE('',*,*,#6701,.F.);
#6701 = EDGE_CURVE('',#6702,#6702,#6704,.T.);
#6702 = VERTEX_POINT('',#6703);
#6703 = CARTESIAN_POINT('',(8.05,0.,3.E-02));
#6704 = CIRCLE('',#6705,0.45);
#6705 = AXIS2_PLACEMENT_3D('',#6706,#6707,#6708);
#6706 = CARTESIAN_POINT('',(7.6,0.,3.E-02));
#6707 = DIRECTION('',(0.,0.,1.));
#6708 = DIRECTION('',(1.,0.,-0.));
#6709 = PLANE('',#6710);
#6710 = AXIS2_PLACEMENT_3D('',#6711,#6712,#6713);
#6711 = CARTESIAN_POINT('',(3.8,2.108840176837E-16,3.E-02));
#6712 = DIRECTION('',(-8.559688641721E-35,6.014522413226E-35,1.));
#6713 = DIRECTION('',(1.,0.,8.559688641721E-35));
#6714 = ADVANCED_FACE('',(#6715,#6718),#6729,.T.);
#6715 = FACE_BOUND('',#6716,.T.);
#6716 = EDGE_LOOP('',(#6717));
#6717 = ORIENTED_EDGE('',*,*,#6672,.T.);
#6718 = FACE_BOUND('',#6719,.T.);
#6719 = EDGE_LOOP('',(#6720));
#6720 = ORIENTED_EDGE('',*,*,#6721,.T.);
#6721 = EDGE_CURVE('',#6722,#6722,#6724,.T.);
#6722 = VERTEX_POINT('',#6723);
#6723 = CARTESIAN_POINT('',(4.8,0.,9.53));
#6724 = CIRCLE('',#6725,1.);
#6725 = AXIS2_PLACEMENT_3D('',#6726,#6727,#6728);
#6726 = CARTESIAN_POINT('',(3.8,0.,9.53));
#6727 = DIRECTION('',(0.,0.,-1.));
#6728 = DIRECTION('',(1.,0.,0.));
#6729 = PLANE('',#6730);
#6730 = AXIS2_PLACEMENT_3D('',#6731,#6732,#6733);
#6731 = CARTESIAN_POINT('',(3.8,2.108840176837E-16,9.53));
#6732 = DIRECTION('',(-8.559688641721E-35,6.014522413226E-35,1.));
#6733 = DIRECTION('',(1.,0.,8.559688641721E-35));
#6734 = ADVANCED_FACE('',(#6735),#6754,.T.);
#6735 = FACE_BOUND('',#6736,.T.);
#6736 = EDGE_LOOP('',(#6737,#6738,#6746,#6753));
#6737 = ORIENTED_EDGE('',*,*,#6690,.F.);
#6738 = ORIENTED_EDGE('',*,*,#6739,.T.);
#6739 = EDGE_CURVE('',#6691,#6740,#6742,.T.);
#6740 = VERTEX_POINT('',#6741);
#6741 = CARTESIAN_POINT('',(0.45,0.,-2.82));
#6742 = LINE('',#6743,#6744);
#6743 = CARTESIAN_POINT('',(0.45,0.,1.03));
#6744 = VECTOR('',#6745,1.);
#6745 = DIRECTION('',(-0.,-0.,-1.));
#6746 = ORIENTED_EDGE('',*,*,#6747,.T.);
#6747 = EDGE_CURVE('',#6740,#6740,#6748,.T.);
#6748 = CIRCLE('',#6749,0.45);
#6749 = AXIS2_PLACEMENT_3D('',#6750,#6751,#6752);
#6750 = CARTESIAN_POINT('',(0.,0.,-2.82));
#6751 = DIRECTION('',(0.,0.,1.));
#6752 = DIRECTION('',(1.,0.,-0.));
#6753 = ORIENTED_EDGE('',*,*,#6739,.F.);
#6754 = CYLINDRICAL_SURFACE('',#6755,0.45);
#6755 = AXIS2_PLACEMENT_3D('',#6756,#6757,#6758);
#6756 = CARTESIAN_POINT('',(0.,0.,1.03));
#6757 = DIRECTION('',(0.,0.,1.));
#6758 = DIRECTION('',(1.,0.,-0.));
#6759 = ADVANCED_FACE('',(#6760),#6779,.T.);
#6760 = FACE_BOUND('',#6761,.T.);
#6761 = EDGE_LOOP('',(#6762,#6763,#6771,#6778));
#6762 = ORIENTED_EDGE('',*,*,#6701,.F.);
#6763 = ORIENTED_EDGE('',*,*,#6764,.T.);
#6764 = EDGE_CURVE('',#6702,#6765,#6767,.T.);
#6765 = VERTEX_POINT('',#6766);
#6766 = CARTESIAN_POINT('',(8.05,6.042804770876E-33,-2.82));
#6767 = LINE('',#6768,#6769);
#6768 = CARTESIAN_POINT('',(8.05,0.,1.03));
#6769 = VECTOR('',#6770,1.);
#6770 = DIRECTION('',(-0.,-0.,-1.));
#6771 = ORIENTED_EDGE('',*,*,#6772,.T.);
#6772 = EDGE_CURVE('',#6765,#6765,#6773,.T.);
#6773 = CIRCLE('',#6774,0.45);
#6774 = AXIS2_PLACEMENT_3D('',#6775,#6776,#6777);
#6775 = CARTESIAN_POINT('',(7.6,-1.29542663314E-31,-2.82));
#6776 = DIRECTION('',(-1.19708830782E-30,3.357113761597E-32,1.));
#6777 = DIRECTION('',(1.,3.013010401886E-31,1.19708830782E-30));
#6778 = ORIENTED_EDGE('',*,*,#6764,.F.);
#6779 = CYLINDRICAL_SURFACE('',#6780,0.45);
#6780 = AXIS2_PLACEMENT_3D('',#6781,#6782,#6783);
#6781 = CARTESIAN_POINT('',(7.6,0.,1.03));
#6782 = DIRECTION('',(0.,0.,1.));
#6783 = DIRECTION('',(1.,0.,-0.));
#6784 = ADVANCED_FACE('',(#6785),#6804,.F.);
#6785 = FACE_BOUND('',#6786,.F.);
#6786 = EDGE_LOOP('',(#6787,#6795,#6796,#6797));
#6787 = ORIENTED_EDGE('',*,*,#6788,.T.);
#6788 = EDGE_CURVE('',#6789,#6722,#6791,.T.);
#6789 = VERTEX_POINT('',#6790);
#6790 = CARTESIAN_POINT('',(4.8,0.,9.33));
#6791 = LINE('',#6792,#6793);
#6792 = CARTESIAN_POINT('',(4.8,0.,1.93));
#6793 = VECTOR('',#6794,1.);
#6794 = DIRECTION('',(0.,0.,1.));
#6795 = ORIENTED_EDGE('',*,*,#6721,.T.);
#6796 = ORIENTED_EDGE('',*,*,#6788,.F.);
#6797 = ORIENTED_EDGE('',*,*,#6798,.T.);
#6798 = EDGE_CURVE('',#6789,#6789,#6799,.T.);
#6799 = CIRCLE('',#6800,1.);
#6800 = AXIS2_PLACEMENT_3D('',#6801,#6802,#6803);
#6801 = CARTESIAN_POINT('',(3.8,0.,9.33));
#6802 = DIRECTION('',(0.,0.,1.));
#6803 = DIRECTION('',(1.,0.,-0.));
#6804 = CYLINDRICAL_SURFACE('',#6805,1.);
#6805 = AXIS2_PLACEMENT_3D('',#6806,#6807,#6808);
#6806 = CARTESIAN_POINT('',(3.8,0.,1.93));
#6807 = DIRECTION('',(-0.,-0.,-1.));
#6808 = DIRECTION('',(1.,0.,0.));
#6809 = ADVANCED_FACE('',(#6810),#6830,.T.);
#6810 = FACE_BOUND('',#6811,.T.);
#6811 = EDGE_LOOP('',(#6812,#6821,#6828,#6829));
#6812 = ORIENTED_EDGE('',*,*,#6813,.T.);
#6813 = EDGE_CURVE('',#6814,#6814,#6816,.T.);
#6814 = VERTEX_POINT('',#6815);
#6815 = CARTESIAN_POINT('',(0.27,0.,-3.));
#6816 = CIRCLE('',#6817,0.27);
#6817 = AXIS2_PLACEMENT_3D('',#6818,#6819,#6820);
#6818 = CARTESIAN_POINT('',(0.,0.,-3.));
#6819 = DIRECTION('',(0.,0.,1.));
#6820 = DIRECTION('',(1.,0.,-0.));
#6821 = ORIENTED_EDGE('',*,*,#6822,.F.);
#6822 = EDGE_CURVE('',#6740,#6814,#6823,.T.);
#6823 = CIRCLE('',#6824,0.18);
#6824 = AXIS2_PLACEMENT_3D('',#6825,#6826,#6827);
#6825 = CARTESIAN_POINT('',(0.27,0.,-2.82));
#6826 = DIRECTION('',(-0.,1.,0.));
#6827 = DIRECTION('',(1.,0.,0.));
#6828 = ORIENTED_EDGE('',*,*,#6747,.F.);
#6829 = ORIENTED_EDGE('',*,*,#6822,.T.);
#6830 = TOROIDAL_SURFACE('',#6831,0.27,0.18);
#6831 = AXIS2_PLACEMENT_3D('',#6832,#6833,#6834);
#6832 = CARTESIAN_POINT('',(0.,0.,-2.82));
#6833 = DIRECTION('',(-0.,-0.,-1.));
#6834 = DIRECTION('',(1.,0.,0.));
#6835 = ADVANCED_FACE('',(#6836),#6856,.T.);
#6836 = FACE_BOUND('',#6837,.T.);
#6837 = EDGE_LOOP('',(#6838,#6847,#6854,#6855));
#6838 = ORIENTED_EDGE('',*,*,#6839,.T.);
#6839 = EDGE_CURVE('',#6840,#6840,#6842,.T.);
#6840 = VERTEX_POINT('',#6841);
#6841 = CARTESIAN_POINT('',(7.87,-5.423418723394E-32,-3.));
#6842 = CIRCLE('',#6843,0.27);
#6843 = AXIS2_PLACEMENT_3D('',#6844,#6845,#6846);
#6844 = CARTESIAN_POINT('',(7.6,-1.355854680849E-31,-3.));
#6845 = DIRECTION('',(-1.19708830782E-30,3.357113761597E-32,1.));
#6846 = DIRECTION('',(1.,3.013010401886E-31,1.19708830782E-30));
#6847 = ORIENTED_EDGE('',*,*,#6848,.F.);
#6848 = EDGE_CURVE('',#6765,#6840,#6849,.T.);
#6849 = CIRCLE('',#6850,0.18);
#6850 = AXIS2_PLACEMENT_3D('',#6851,#6852,#6853);
#6851 = CARTESIAN_POINT('',(7.87,-5.181706532559E-32,-2.82));
#6852 = DIRECTION('',(-2.878725851422E-31,1.,-3.357113761597E-32));
#6853 = DIRECTION('',(1.,2.878725851422E-31,1.19708830782E-30));
#6854 = ORIENTED_EDGE('',*,*,#6772,.F.);
#6855 = ORIENTED_EDGE('',*,*,#6848,.T.);
#6856 = TOROIDAL_SURFACE('',#6857,0.27,0.18);
#6857 = AXIS2_PLACEMENT_3D('',#6858,#6859,#6860);
#6858 = CARTESIAN_POINT('',(7.6,-1.29542663314E-31,-2.82));
#6859 = DIRECTION('',(1.19708830782E-30,-3.357113761597E-32,-1.));
#6860 = DIRECTION('',(1.,3.013010401886E-31,1.19708830782E-30));
#6861 = ADVANCED_FACE('',(#6862),#6865,.T.);
#6862 = FACE_BOUND('',#6863,.T.);
#6863 = EDGE_LOOP('',(#6864));
#6864 = ORIENTED_EDGE('',*,*,#6798,.T.);
#6865 = PLANE('',#6866);
#6866 = AXIS2_PLACEMENT_3D('',#6867,#6868,#6869);
#6867 = CARTESIAN_POINT('',(3.8,8.737595245399E-17,9.33));
#6868 = DIRECTION('',(-4.930380657631E-31,-1.632186346944E-32,1.));
#6869 = DIRECTION('',(1.,0.,4.930380657631E-31));
#6870 = ADVANCED_FACE('',(#6871),#6874,.F.);
#6871 = FACE_BOUND('',#6872,.F.);
#6872 = EDGE_LOOP('',(#6873));
#6873 = ORIENTED_EDGE('',*,*,#6813,.T.);
#6874 = PLANE('',#6875);
#6875 = AXIS2_PLACEMENT_3D('',#6876,#6877,#6878);
#6876 = CARTESIAN_POINT('',(-1.18701400394E-17,2.911085817041E-17,-3.));
#6877 = DIRECTION('',(0.,0.,1.));
#6878 = DIRECTION('',(1.,0.,-0.));
#6879 = ADVANCED_FACE('',(#6880),#6883,.F.);
#6880 = FACE_BOUND('',#6881,.F.);
#6881 = EDGE_LOOP('',(#6882));
#6882 = ORIENTED_EDGE('',*,*,#6839,.T.);
#6883 = PLANE('',#6884);
#6884 = AXIS2_PLACEMENT_3D('',#6885,#6886,#6887);
#6885 = CARTESIAN_POINT('',(7.6,-1.836970198721E-17,-3.));
#6886 = DIRECTION('',(-1.19708830782E-30,3.357113761597E-32,1.));
#6887 = DIRECTION('',(1.,0.,1.19708830782E-30));
#6888 = ( GEOMETRIC_REPRESENTATION_CONTEXT(3) 
GLOBAL_UNCERTAINTY_ASSIGNED_CONTEXT((#6892)) 
GLOBAL_UNIT_ASSIGNED_CONTEXT((#6889,#6890,#6891)) REPRESENTATION_CONTEXT
('Context #1','3D Context with UNIT and UNCERTAINTY') );
#6889 = ( LENGTH_UNIT() NAMED_UNIT(*) SI_UNIT(.MILLI.,.METRE.) );
#6890 = ( NAMED_UNIT(*) PLANE_ANGLE_UNIT() SI_UNIT($,.RADIAN.) );
#6891 = ( NAMED_UNIT(*) SI_UNIT($,.STERADIAN.) SOLID_ANGLE_UNIT() );
#6892 = UNCERTAINTY_MEASURE_WITH_UNIT(LENGTH_MEASURE(1.E-07),#6889,
  'distance_accuracy_value','confusion accuracy');
#6893 = CONTEXT_DEPENDENT_SHAPE_REPRESENTATION(#6894,#6896);
#6894 = ( REPRESENTATION_RELATIONSHIP('','',#6595,#6572) 
REPRESENTATION_RELATIONSHIP_WITH_TRANSFORMATION(#6895) 
SHAPE_REPRESENTATION_RELATIONSHIP() );
#6895 = ITEM_DEFINED_TRANSFORMATION('','',#11,#6573);
#6896 = PRODUCT_DEFINITION_SHAPE('Placement','Placement of an item',
  #6897);
#6897 = NEXT_ASSEMBLY_USAGE_OCCURRENCE('3','=>[0:1:1:5]','',#6567,#6590,
  $);
#6898 = PRODUCT_RELATED_PRODUCT_CATEGORY('part',$,(#6592));
#6899 = SHAPE_DEFINITION_REPRESENTATION(#6900,#6906);
#6900 = PRODUCT_DEFINITION_SHAPE('','',#6901);
#6901 = PRODUCT_DEFINITION('design','',#6902,#6905);
#6902 = PRODUCT_DEFINITION_FORMATION('','',#6903);
#6903 = PRODUCT('BlaFF5B_PCB','BlaFF5B_PCB','',(#6904));
#6904 = PRODUCT_CONTEXT('',#2,'mechanical');
#6905 = PRODUCT_DEFINITION_CONTEXT('part definition',#2,'design');
#6906 = ADVANCED_BREP_SHAPE_REPRESENTATION('',(#11,#6907),#8929);
#6907 = MANIFOLD_SOLID_BREP('',#6908);
#6908 = CLOSED_SHELL('',(#6909,#6949,#6980,#7011,#7556,#8101,#8113,#8130
    ,#8147,#8164,#8181,#8198,#8215,#8232,#8249,#8266,#8283,#8300,#8317,
    #8334,#8351,#8368,#8385,#8402,#8419,#8436,#8453,#8470,#8487,#8504,
    #8521,#8538,#8555,#8572,#8589,#8606,#8623,#8640,#8657,#8674,#8691,
    #8708,#8725,#8742,#8759,#8776,#8793,#8810,#8827,#8844,#8861,#8878,
    #8895,#8912));
#6909 = ADVANCED_FACE('',(#6910),#6944,.T.);
#6910 = FACE_BOUND('',#6911,.T.);
#6911 = EDGE_LOOP('',(#6912,#6922,#6930,#6938));
#6912 = ORIENTED_EDGE('',*,*,#6913,.T.);
#6913 = EDGE_CURVE('',#6914,#6916,#6918,.T.);
#6914 = VERTEX_POINT('',#6915);
#6915 = CARTESIAN_POINT('',(123.5,-89.,0.));
#6916 = VERTEX_POINT('',#6917);
#6917 = CARTESIAN_POINT('',(123.5,-89.,1.51));
#6918 = LINE('',#6919,#6920);
#6919 = CARTESIAN_POINT('',(123.5,-89.,0.));
#6920 = VECTOR('',#6921,1.);
#6921 = DIRECTION('',(0.,0.,1.));
#6922 = ORIENTED_EDGE('',*,*,#6923,.T.);
#6923 = EDGE_CURVE('',#6916,#6924,#6926,.T.);
#6924 = VERTEX_POINT('',#6925);
#6925 = CARTESIAN_POINT('',(34.5,-89.,1.51));
#6926 = LINE('',#6927,#6928);
#6927 = CARTESIAN_POINT('',(123.5,-89.,1.51));
#6928 = VECTOR('',#6929,1.);
#6929 = DIRECTION('',(-1.,0.,0.));
#6930 = ORIENTED_EDGE('',*,*,#6931,.F.);
#6931 = EDGE_CURVE('',#6932,#6924,#6934,.T.);
#6932 = VERTEX_POINT('',#6933);
#6933 = CARTESIAN_POINT('',(34.5,-89.,0.));
#6934 = LINE('',#6935,#6936);
#6935 = CARTESIAN_POINT('',(34.5,-89.,0.));
#6936 = VECTOR('',#6937,1.);
#6937 = DIRECTION('',(0.,0.,1.));
#6938 = ORIENTED_EDGE('',*,*,#6939,.F.);
#6939 = EDGE_CURVE('',#6914,#6932,#6940,.T.);
#6940 = LINE('',#6941,#6942);
#6941 = CARTESIAN_POINT('',(123.5,-89.,0.));
#6942 = VECTOR('',#6943,1.);
#6943 = DIRECTION('',(-1.,0.,0.));
#6944 = PLANE('',#6945);
#6945 = AXIS2_PLACEMENT_3D('',#6946,#6947,#6948);
#6946 = CARTESIAN_POINT('',(123.5,-89.,0.));
#6947 = DIRECTION('',(0.,-1.,0.));
#6948 = DIRECTION('',(-1.,0.,0.));
#6949 = ADVANCED_FACE('',(#6950),#6975,.T.);
#6950 = FACE_BOUND('',#6951,.T.);
#6951 = EDGE_LOOP('',(#6952,#6962,#6968,#6969));
#6952 = ORIENTED_EDGE('',*,*,#6953,.T.);
#6953 = EDGE_CURVE('',#6954,#6956,#6958,.T.);
#6954 = VERTEX_POINT('',#6955);
#6955 = CARTESIAN_POINT('',(123.5,-41.5,0.));
#6956 = VERTEX_POINT('',#6957);
#6957 = CARTESIAN_POINT('',(123.5,-41.5,1.51));
#6958 = LINE('',#6959,#6960);
#6959 = CARTESIAN_POINT('',(123.5,-41.5,0.));
#6960 = VECTOR('',#6961,1.);
#6961 = DIRECTION('',(0.,0.,1.));
#6962 = ORIENTED_EDGE('',*,*,#6963,.T.);
#6963 = EDGE_CURVE('',#6956,#6916,#6964,.T.);
#6964 = LINE('',#6965,#6966);
#6965 = CARTESIAN_POINT('',(123.5,-41.5,1.51));
#6966 = VECTOR('',#6967,1.);
#6967 = DIRECTION('',(0.,-1.,0.));
#6968 = ORIENTED_EDGE('',*,*,#6913,.F.);
#6969 = ORIENTED_EDGE('',*,*,#6970,.F.);
#6970 = EDGE_CURVE('',#6954,#6914,#6971,.T.);
#6971 = LINE('',#6972,#6973);
#6972 = CARTESIAN_POINT('',(123.5,-41.5,0.));
#6973 = VECTOR('',#6974,1.);
#6974 = DIRECTION('',(0.,-1.,0.));
#6975 = PLANE('',#6976);
#6976 = AXIS2_PLACEMENT_3D('',#6977,#6978,#6979);
#6977 = CARTESIAN_POINT('',(123.5,-41.5,0.));
#6978 = DIRECTION('',(1.,0.,-0.));
#6979 = DIRECTION('',(0.,-1.,0.));
#6980 = ADVANCED_FACE('',(#6981),#7006,.T.);
#6981 = FACE_BOUND('',#6982,.T.);
#6982 = EDGE_LOOP('',(#6983,#6984,#6992,#7000));
#6983 = ORIENTED_EDGE('',*,*,#6931,.T.);
#6984 = ORIENTED_EDGE('',*,*,#6985,.T.);
#6985 = EDGE_CURVE('',#6924,#6986,#6988,.T.);
#6986 = VERTEX_POINT('',#6987);
#6987 = CARTESIAN_POINT('',(34.5,-41.5,1.51));
#6988 = LINE('',#6989,#6990);
#6989 = CARTESIAN_POINT('',(34.5,-89.,1.51));
#6990 = VECTOR('',#6991,1.);
#6991 = DIRECTION('',(0.,1.,0.));
#6992 = ORIENTED_EDGE('',*,*,#6993,.F.);
#6993 = EDGE_CURVE('',#6994,#6986,#6996,.T.);
#6994 = VERTEX_POINT('',#6995);
#6995 = CARTESIAN_POINT('',(34.5,-41.5,0.));
#6996 = LINE('',#6997,#6998);
#6997 = CARTESIAN_POINT('',(34.5,-41.5,0.));
#6998 = VECTOR('',#6999,1.);
#6999 = DIRECTION('',(0.,0.,1.));
#7000 = ORIENTED_EDGE('',*,*,#7001,.F.);
#7001 = EDGE_CURVE('',#6932,#6994,#7002,.T.);
#7002 = LINE('',#7003,#7004);
#7003 = CARTESIAN_POINT('',(34.5,-89.,0.));
#7004 = VECTOR('',#7005,1.);
#7005 = DIRECTION('',(0.,1.,0.));
#7006 = PLANE('',#7007);
#7007 = AXIS2_PLACEMENT_3D('',#7008,#7009,#7010);
#7008 = CARTESIAN_POINT('',(34.5,-89.,0.));
#7009 = DIRECTION('',(-1.,0.,0.));
#7010 = DIRECTION('',(0.,1.,0.));
#7011 = ADVANCED_FACE('',(#7012,#7023,#7034,#7045,#7056,#7067,#7078,
    #7089,#7100,#7111,#7122,#7133,#7144,#7155,#7166,#7177,#7188,#7199,
    #7210,#7221,#7232,#7243,#7254,#7265,#7276,#7287,#7298,#7309,#7320,
    #7331,#7342,#7353,#7364,#7375,#7386,#7397,#7408,#7419,#7430,#7441,
    #7452,#7463,#7474,#7485,#7496,#7507,#7518,#7529,#7540),#7551,.F.);
#7012 = FACE_BOUND('',#7013,.F.);
#7013 = EDGE_LOOP('',(#7014,#7015,#7016,#7022));
#7014 = ORIENTED_EDGE('',*,*,#6939,.F.);
#7015 = ORIENTED_EDGE('',*,*,#6970,.F.);
#7016 = ORIENTED_EDGE('',*,*,#7017,.F.);
#7017 = EDGE_CURVE('',#6994,#6954,#7018,.T.);
#7018 = LINE('',#7019,#7020);
#7019 = CARTESIAN_POINT('',(34.5,-41.5,0.));
#7020 = VECTOR('',#7021,1.);
#7021 = DIRECTION('',(1.,0.,0.));
#7022 = ORIENTED_EDGE('',*,*,#7001,.F.);
#7023 = FACE_BOUND('',#7024,.F.);
#7024 = EDGE_LOOP('',(#7025));
#7025 = ORIENTED_EDGE('',*,*,#7026,.T.);
#7026 = EDGE_CURVE('',#7027,#7027,#7029,.T.);
#7027 = VERTEX_POINT('',#7028);
#7028 = CARTESIAN_POINT('',(38.5,-86.6,0.));
#7029 = CIRCLE('',#7030,1.6);
#7030 = AXIS2_PLACEMENT_3D('',#7031,#7032,#7033);
#7031 = CARTESIAN_POINT('',(38.5,-85.,0.));
#7032 = DIRECTION('',(-0.,0.,-1.));
#7033 = DIRECTION('',(-0.,-1.,0.));
#7034 = FACE_BOUND('',#7035,.F.);
#7035 = EDGE_LOOP('',(#7036));
#7036 = ORIENTED_EDGE('',*,*,#7037,.T.);
#7037 = EDGE_CURVE('',#7038,#7038,#7040,.T.);
#7038 = VERTEX_POINT('',#7039);
#7039 = CARTESIAN_POINT('',(45.42,-73.35,0.));
#7040 = CIRCLE('',#7041,0.85);
#7041 = AXIS2_PLACEMENT_3D('',#7042,#7043,#7044);
#7042 = CARTESIAN_POINT('',(45.42,-72.5,0.));
#7043 = DIRECTION('',(-0.,0.,-1.));
#7044 = DIRECTION('',(-0.,-1.,0.));
#7045 = FACE_BOUND('',#7046,.F.);
#7046 = EDGE_LOOP('',(#7047));
#7047 = ORIENTED_EDGE('',*,*,#7048,.T.);
#7048 = EDGE_CURVE('',#7049,#7049,#7051,.T.);
#7049 = VERTEX_POINT('',#7050);
#7050 = CARTESIAN_POINT('',(50.5,-74.5,0.));
#7051 = CIRCLE('',#7052,2.);
#7052 = AXIS2_PLACEMENT_3D('',#7053,#7054,#7055);
#7053 = CARTESIAN_POINT('',(50.5,-72.5,0.));
#7054 = DIRECTION('',(-0.,0.,-1.));
#7055 = DIRECTION('',(-0.,-1.,0.));
#7056 = FACE_BOUND('',#7057,.F.);
#7057 = EDGE_LOOP('',(#7058));
#7058 = ORIENTED_EDGE('',*,*,#7059,.T.);
#7059 = EDGE_CURVE('',#7060,#7060,#7062,.T.);
#7060 = VERTEX_POINT('',#7061);
#7061 = CARTESIAN_POINT('',(55.58,-73.35,0.));
#7062 = CIRCLE('',#7063,0.85);
#7063 = AXIS2_PLACEMENT_3D('',#7064,#7065,#7066);
#7064 = CARTESIAN_POINT('',(55.58,-72.5,0.));
#7065 = DIRECTION('',(-0.,0.,-1.));
#7066 = DIRECTION('',(-0.,-1.,0.));
#7067 = FACE_BOUND('',#7068,.F.);
#7068 = EDGE_LOOP('',(#7069));
#7069 = ORIENTED_EDGE('',*,*,#7070,.T.);
#7070 = EDGE_CURVE('',#7071,#7071,#7073,.T.);
#7071 = VERTEX_POINT('',#7072);
#7072 = CARTESIAN_POINT('',(46.69,-70.71,0.));
#7073 = CIRCLE('',#7074,0.75);
#7074 = AXIS2_PLACEMENT_3D('',#7075,#7076,#7077);
#7075 = CARTESIAN_POINT('',(46.69,-69.96,0.));
#7076 = DIRECTION('',(-0.,0.,-1.));
#7077 = DIRECTION('',(-0.,-1.,0.));
#7078 = FACE_BOUND('',#7079,.F.);
#7079 = EDGE_LOOP('',(#7080));
#7080 = ORIENTED_EDGE('',*,*,#7081,.T.);
#7081 = EDGE_CURVE('',#7082,#7082,#7084,.T.);
#7082 = VERTEX_POINT('',#7083);
#7083 = CARTESIAN_POINT('',(53.04,-68.17,0.));
#7084 = CIRCLE('',#7085,0.75);
#7085 = AXIS2_PLACEMENT_3D('',#7086,#7087,#7088);
#7086 = CARTESIAN_POINT('',(53.04,-67.42,0.));
#7087 = DIRECTION('',(-0.,0.,-1.));
#7088 = DIRECTION('',(-0.,-1.,0.));
#7089 = FACE_BOUND('',#7090,.F.);
#7090 = EDGE_LOOP('',(#7091));
#7091 = ORIENTED_EDGE('',*,*,#7092,.T.);
#7092 = EDGE_CURVE('',#7093,#7093,#7095,.T.);
#7093 = VERTEX_POINT('',#7094);
#7094 = CARTESIAN_POINT('',(64.71,-73.39,0.));
#7095 = CIRCLE('',#7096,0.85);
#7096 = AXIS2_PLACEMENT_3D('',#7097,#7098,#7099);
#7097 = CARTESIAN_POINT('',(64.71,-72.54,0.));
#7098 = DIRECTION('',(-0.,0.,-1.));
#7099 = DIRECTION('',(-1.671865260612E-14,-1.,0.));
#7100 = FACE_BOUND('',#7101,.F.);
#7101 = EDGE_LOOP('',(#7102));
#7102 = ORIENTED_EDGE('',*,*,#7103,.T.);
#7103 = EDGE_CURVE('',#7104,#7104,#7106,.T.);
#7104 = VERTEX_POINT('',#7105);
#7105 = CARTESIAN_POINT('',(69.79,-74.54,0.));
#7106 = CIRCLE('',#7107,2.);
#7107 = AXIS2_PLACEMENT_3D('',#7108,#7109,#7110);
#7108 = CARTESIAN_POINT('',(69.79,-72.54,0.));
#7109 = DIRECTION('',(-0.,0.,-1.));
#7110 = DIRECTION('',(-0.,-1.,0.));
#7111 = FACE_BOUND('',#7112,.F.);
#7112 = EDGE_LOOP('',(#7113));
#7113 = ORIENTED_EDGE('',*,*,#7114,.T.);
#7114 = EDGE_CURVE('',#7115,#7115,#7117,.T.);
#7115 = VERTEX_POINT('',#7116);
#7116 = CARTESIAN_POINT('',(74.87,-73.39,0.));
#7117 = CIRCLE('',#7118,0.85);
#7118 = AXIS2_PLACEMENT_3D('',#7119,#7120,#7121);
#7119 = CARTESIAN_POINT('',(74.87,-72.54,0.));
#7120 = DIRECTION('',(-0.,0.,-1.));
#7121 = DIRECTION('',(-0.,-1.,0.));
#7122 = FACE_BOUND('',#7123,.F.);
#7123 = EDGE_LOOP('',(#7124));
#7124 = ORIENTED_EDGE('',*,*,#7125,.T.);
#7125 = EDGE_CURVE('',#7126,#7126,#7128,.T.);
#7126 = VERTEX_POINT('',#7127);
#7127 = CARTESIAN_POINT('',(65.98,-70.75,0.));
#7128 = CIRCLE('',#7129,0.75);
#7129 = AXIS2_PLACEMENT_3D('',#7130,#7131,#7132);
#7130 = CARTESIAN_POINT('',(65.98,-70.,0.));
#7131 = DIRECTION('',(-0.,0.,-1.));
#7132 = DIRECTION('',(-0.,-1.,0.));
#7133 = FACE_BOUND('',#7134,.F.);
#7134 = EDGE_LOOP('',(#7135));
#7135 = ORIENTED_EDGE('',*,*,#7136,.T.);
#7136 = EDGE_CURVE('',#7137,#7137,#7139,.T.);
#7137 = VERTEX_POINT('',#7138);
#7138 = CARTESIAN_POINT('',(72.33,-68.21,0.));
#7139 = CIRCLE('',#7140,0.75);
#7140 = AXIS2_PLACEMENT_3D('',#7141,#7142,#7143);
#7141 = CARTESIAN_POINT('',(72.33,-67.46,0.));
#7142 = DIRECTION('',(-0.,0.,-1.));
#7143 = DIRECTION('',(-0.,-1.,0.));
#7144 = FACE_BOUND('',#7145,.F.);
#7145 = EDGE_LOOP('',(#7146));
#7146 = ORIENTED_EDGE('',*,*,#7147,.T.);
#7147 = EDGE_CURVE('',#7148,#7148,#7150,.T.);
#7148 = VERTEX_POINT('',#7149);
#7149 = CARTESIAN_POINT('',(119.,-86.6,0.));
#7150 = CIRCLE('',#7151,1.6);
#7151 = AXIS2_PLACEMENT_3D('',#7152,#7153,#7154);
#7152 = CARTESIAN_POINT('',(119.,-85.,0.));
#7153 = DIRECTION('',(-0.,0.,-1.));
#7154 = DIRECTION('',(-0.,-1.,0.));
#7155 = FACE_BOUND('',#7156,.F.);
#7156 = EDGE_LOOP('',(#7157));
#7157 = ORIENTED_EDGE('',*,*,#7158,.T.);
#7158 = EDGE_CURVE('',#7159,#7159,#7161,.T.);
#7159 = VERTEX_POINT('',#7160);
#7160 = CARTESIAN_POINT('',(83.88,-73.39,0.));
#7161 = CIRCLE('',#7162,0.85);
#7162 = AXIS2_PLACEMENT_3D('',#7163,#7164,#7165);
#7163 = CARTESIAN_POINT('',(83.88,-72.54,0.));
#7164 = DIRECTION('',(-0.,0.,-1.));
#7165 = DIRECTION('',(-0.,-1.,0.));
#7166 = FACE_BOUND('',#7167,.F.);
#7167 = EDGE_LOOP('',(#7168));
#7168 = ORIENTED_EDGE('',*,*,#7169,.T.);
#7169 = EDGE_CURVE('',#7170,#7170,#7172,.T.);
#7170 = VERTEX_POINT('',#7171);
#7171 = CARTESIAN_POINT('',(88.96,-74.54,0.));
#7172 = CIRCLE('',#7173,2.);
#7173 = AXIS2_PLACEMENT_3D('',#7174,#7175,#7176);
#7174 = CARTESIAN_POINT('',(88.96,-72.54,0.));
#7175 = DIRECTION('',(-0.,0.,-1.));
#7176 = DIRECTION('',(-0.,-1.,0.));
#7177 = FACE_BOUND('',#7178,.F.);
#7178 = EDGE_LOOP('',(#7179));
#7179 = ORIENTED_EDGE('',*,*,#7180,.T.);
#7180 = EDGE_CURVE('',#7181,#7181,#7183,.T.);
#7181 = VERTEX_POINT('',#7182);
#7182 = CARTESIAN_POINT('',(94.04,-73.39,0.));
#7183 = CIRCLE('',#7184,0.85);
#7184 = AXIS2_PLACEMENT_3D('',#7185,#7186,#7187);
#7185 = CARTESIAN_POINT('',(94.04,-72.54,0.));
#7186 = DIRECTION('',(-0.,0.,-1.));
#7187 = DIRECTION('',(1.671865260612E-14,-1.,-0.));
#7188 = FACE_BOUND('',#7189,.F.);
#7189 = EDGE_LOOP('',(#7190));
#7190 = ORIENTED_EDGE('',*,*,#7191,.T.);
#7191 = EDGE_CURVE('',#7192,#7192,#7194,.T.);
#7192 = VERTEX_POINT('',#7193);
#7193 = CARTESIAN_POINT('',(85.15,-70.75,0.));
#7194 = CIRCLE('',#7195,0.75);
#7195 = AXIS2_PLACEMENT_3D('',#7196,#7197,#7198);
#7196 = CARTESIAN_POINT('',(85.15,-70.,0.));
#7197 = DIRECTION('',(-0.,0.,-1.));
#7198 = DIRECTION('',(-0.,-1.,0.));
#7199 = FACE_BOUND('',#7200,.F.);
#7200 = EDGE_LOOP('',(#7201));
#7201 = ORIENTED_EDGE('',*,*,#7202,.T.);
#7202 = EDGE_CURVE('',#7203,#7203,#7205,.T.);
#7203 = VERTEX_POINT('',#7204);
#7204 = CARTESIAN_POINT('',(91.5,-68.21,0.));
#7205 = CIRCLE('',#7206,0.75);
#7206 = AXIS2_PLACEMENT_3D('',#7207,#7208,#7209);
#7207 = CARTESIAN_POINT('',(91.5,-67.46,0.));
#7208 = DIRECTION('',(-0.,0.,-1.));
#7209 = DIRECTION('',(-0.,-1.,0.));
#7210 = FACE_BOUND('',#7211,.F.);
#7211 = EDGE_LOOP('',(#7212));
#7212 = ORIENTED_EDGE('',*,*,#7213,.T.);
#7213 = EDGE_CURVE('',#7214,#7214,#7216,.T.);
#7214 = VERTEX_POINT('',#7215);
#7215 = CARTESIAN_POINT('',(102.73,-73.39,0.));
#7216 = CIRCLE('',#7217,0.85);
#7217 = AXIS2_PLACEMENT_3D('',#7218,#7219,#7220);
#7218 = CARTESIAN_POINT('',(102.73,-72.54,0.));
#7219 = DIRECTION('',(-0.,0.,-1.));
#7220 = DIRECTION('',(1.671865260612E-14,-1.,-0.));
#7221 = FACE_BOUND('',#7222,.F.);
#7222 = EDGE_LOOP('',(#7223));
#7223 = ORIENTED_EDGE('',*,*,#7224,.T.);
#7224 = EDGE_CURVE('',#7225,#7225,#7227,.T.);
#7225 = VERTEX_POINT('',#7226);
#7226 = CARTESIAN_POINT('',(107.81,-74.54,0.));
#7227 = CIRCLE('',#7228,2.);
#7228 = AXIS2_PLACEMENT_3D('',#7229,#7230,#7231);
#7229 = CARTESIAN_POINT('',(107.81,-72.54,0.));
#7230 = DIRECTION('',(-0.,0.,-1.));
#7231 = DIRECTION('',(-0.,-1.,0.));
#7232 = FACE_BOUND('',#7233,.F.);
#7233 = EDGE_LOOP('',(#7234));
#7234 = ORIENTED_EDGE('',*,*,#7235,.T.);
#7235 = EDGE_CURVE('',#7236,#7236,#7238,.T.);
#7236 = VERTEX_POINT('',#7237);
#7237 = CARTESIAN_POINT('',(112.89,-73.39,0.));
#7238 = CIRCLE('',#7239,0.85);
#7239 = AXIS2_PLACEMENT_3D('',#7240,#7241,#7242);
#7240 = CARTESIAN_POINT('',(112.89,-72.54,0.));
#7241 = DIRECTION('',(-0.,0.,-1.));
#7242 = DIRECTION('',(-0.,-1.,0.));
#7243 = FACE_BOUND('',#7244,.F.);
#7244 = EDGE_LOOP('',(#7245));
#7245 = ORIENTED_EDGE('',*,*,#7246,.T.);
#7246 = EDGE_CURVE('',#7247,#7247,#7249,.T.);
#7247 = VERTEX_POINT('',#7248);
#7248 = CARTESIAN_POINT('',(104.,-70.75,0.));
#7249 = CIRCLE('',#7250,0.75);
#7250 = AXIS2_PLACEMENT_3D('',#7251,#7252,#7253);
#7251 = CARTESIAN_POINT('',(104.,-70.,0.));
#7252 = DIRECTION('',(-0.,0.,-1.));
#7253 = DIRECTION('',(-0.,-1.,0.));
#7254 = FACE_BOUND('',#7255,.F.);
#7255 = EDGE_LOOP('',(#7256));
#7256 = ORIENTED_EDGE('',*,*,#7257,.T.);
#7257 = EDGE_CURVE('',#7258,#7258,#7260,.T.);
#7258 = VERTEX_POINT('',#7259);
#7259 = CARTESIAN_POINT('',(110.35,-68.21,0.));
#7260 = CIRCLE('',#7261,0.75);
#7261 = AXIS2_PLACEMENT_3D('',#7262,#7263,#7264);
#7262 = CARTESIAN_POINT('',(110.35,-67.46,0.));
#7263 = DIRECTION('',(-0.,0.,-1.));
#7264 = DIRECTION('',(-0.,-1.,0.));
#7265 = FACE_BOUND('',#7266,.F.);
#7266 = EDGE_LOOP('',(#7267));
#7267 = ORIENTED_EDGE('',*,*,#7268,.T.);
#7268 = EDGE_CURVE('',#7269,#7269,#7271,.T.);
#7269 = VERTEX_POINT('',#7270);
#7270 = CARTESIAN_POINT('',(46.34,-58.,0.));
#7271 = CIRCLE('',#7272,0.5);
#7272 = AXIS2_PLACEMENT_3D('',#7273,#7274,#7275);
#7273 = CARTESIAN_POINT('',(46.34,-57.5,0.));
#7274 = DIRECTION('',(-0.,0.,-1.));
#7275 = DIRECTION('',(-0.,-1.,0.));
#7276 = FACE_BOUND('',#7277,.F.);
#7277 = EDGE_LOOP('',(#7278));
#7278 = ORIENTED_EDGE('',*,*,#7279,.T.);
#7279 = EDGE_CURVE('',#7280,#7280,#7282,.T.);
#7280 = VERTEX_POINT('',#7281);
#7281 = CARTESIAN_POINT('',(48.88,-58.,0.));
#7282 = CIRCLE('',#7283,0.5);
#7283 = AXIS2_PLACEMENT_3D('',#7284,#7285,#7286);
#7284 = CARTESIAN_POINT('',(48.88,-57.5,0.));
#7285 = DIRECTION('',(-0.,0.,-1.));
#7286 = DIRECTION('',(-0.,-1.,0.));
#7287 = FACE_BOUND('',#7288,.F.);
#7288 = EDGE_LOOP('',(#7289));
#7289 = ORIENTED_EDGE('',*,*,#7290,.T.);
#7290 = EDGE_CURVE('',#7291,#7291,#7293,.T.);
#7291 = VERTEX_POINT('',#7292);
#7292 = CARTESIAN_POINT('',(51.42,-58.,0.));
#7293 = CIRCLE('',#7294,0.5);
#7294 = AXIS2_PLACEMENT_3D('',#7295,#7296,#7297);
#7295 = CARTESIAN_POINT('',(51.42,-57.5,0.));
#7296 = DIRECTION('',(-0.,0.,-1.));
#7297 = DIRECTION('',(-0.,-1.,0.));
#7298 = FACE_BOUND('',#7299,.F.);
#7299 = EDGE_LOOP('',(#7300));
#7300 = ORIENTED_EDGE('',*,*,#7301,.T.);
#7301 = EDGE_CURVE('',#7302,#7302,#7304,.T.);
#7302 = VERTEX_POINT('',#7303);
#7303 = CARTESIAN_POINT('',(53.96,-58.,0.));
#7304 = CIRCLE('',#7305,0.5);
#7305 = AXIS2_PLACEMENT_3D('',#7306,#7307,#7308);
#7306 = CARTESIAN_POINT('',(53.96,-57.5,0.));
#7307 = DIRECTION('',(-0.,0.,-1.));
#7308 = DIRECTION('',(-0.,-1.,0.));
#7309 = FACE_BOUND('',#7310,.F.);
#7310 = EDGE_LOOP('',(#7311));
#7311 = ORIENTED_EDGE('',*,*,#7312,.T.);
#7312 = EDGE_CURVE('',#7313,#7313,#7315,.T.);
#7313 = VERTEX_POINT('',#7314);
#7314 = CARTESIAN_POINT('',(56.5,-58.,0.));
#7315 = CIRCLE('',#7316,0.5);
#7316 = AXIS2_PLACEMENT_3D('',#7317,#7318,#7319);
#7317 = CARTESIAN_POINT('',(56.5,-57.5,0.));
#7318 = DIRECTION('',(-0.,0.,-1.));
#7319 = DIRECTION('',(-0.,-1.,0.));
#7320 = FACE_BOUND('',#7321,.F.);
#7321 = EDGE_LOOP('',(#7322));
#7322 = ORIENTED_EDGE('',*,*,#7323,.T.);
#7323 = EDGE_CURVE('',#7324,#7324,#7326,.T.);
#7324 = VERTEX_POINT('',#7325);
#7325 = CARTESIAN_POINT('',(71.88,-60.5645,0.));
#7326 = CIRCLE('',#7327,0.4445);
#7327 = AXIS2_PLACEMENT_3D('',#7328,#7329,#7330);
#7328 = CARTESIAN_POINT('',(71.88,-60.12,0.));
#7329 = DIRECTION('',(-0.,0.,-1.));
#7330 = DIRECTION('',(-0.,-1.,0.));
#7331 = FACE_BOUND('',#7332,.F.);
#7332 = EDGE_LOOP('',(#7333));
#7333 = ORIENTED_EDGE('',*,*,#7334,.T.);
#7334 = EDGE_CURVE('',#7335,#7335,#7337,.T.);
#7335 = VERTEX_POINT('',#7336);
#7336 = CARTESIAN_POINT('',(59.04,-58.,0.));
#7337 = CIRCLE('',#7338,0.5);
#7338 = AXIS2_PLACEMENT_3D('',#7339,#7340,#7341);
#7339 = CARTESIAN_POINT('',(59.04,-57.5,0.));
#7340 = DIRECTION('',(-0.,0.,-1.));
#7341 = DIRECTION('',(-0.,-1.,0.));
#7342 = FACE_BOUND('',#7343,.F.);
#7343 = EDGE_LOOP('',(#7344));
#7344 = ORIENTED_EDGE('',*,*,#7345,.T.);
#7345 = EDGE_CURVE('',#7346,#7346,#7348,.T.);
#7346 = VERTEX_POINT('',#7347);
#7347 = CARTESIAN_POINT('',(61.58,-58.,0.));
#7348 = CIRCLE('',#7349,0.5);
#7349 = AXIS2_PLACEMENT_3D('',#7350,#7351,#7352);
#7350 = CARTESIAN_POINT('',(61.58,-57.5,0.));
#7351 = DIRECTION('',(-0.,0.,-1.));
#7352 = DIRECTION('',(-0.,-1.,0.));
#7353 = FACE_BOUND('',#7354,.F.);
#7354 = EDGE_LOOP('',(#7355));
#7355 = ORIENTED_EDGE('',*,*,#7356,.T.);
#7356 = EDGE_CURVE('',#7357,#7357,#7359,.T.);
#7357 = VERTEX_POINT('',#7358);
#7358 = CARTESIAN_POINT('',(64.12,-58.,0.));
#7359 = CIRCLE('',#7360,0.5);
#7360 = AXIS2_PLACEMENT_3D('',#7361,#7362,#7363);
#7361 = CARTESIAN_POINT('',(64.12,-57.5,0.));
#7362 = DIRECTION('',(-0.,0.,-1.));
#7363 = DIRECTION('',(-0.,-1.,0.));
#7364 = FACE_BOUND('',#7365,.F.);
#7365 = EDGE_LOOP('',(#7366));
#7366 = ORIENTED_EDGE('',*,*,#7367,.T.);
#7367 = EDGE_CURVE('',#7368,#7368,#7370,.T.);
#7368 = VERTEX_POINT('',#7369);
#7369 = CARTESIAN_POINT('',(71.88,-58.0245,0.));
#7370 = CIRCLE('',#7371,0.4445);
#7371 = AXIS2_PLACEMENT_3D('',#7372,#7373,#7374);
#7372 = CARTESIAN_POINT('',(71.88,-57.58,0.));
#7373 = DIRECTION('',(-0.,0.,-1.));
#7374 = DIRECTION('',(-0.,-1.,0.));
#7375 = FACE_BOUND('',#7376,.F.);
#7376 = EDGE_LOOP('',(#7377));
#7377 = ORIENTED_EDGE('',*,*,#7378,.T.);
#7378 = EDGE_CURVE('',#7379,#7379,#7381,.T.);
#7379 = VERTEX_POINT('',#7380);
#7380 = CARTESIAN_POINT('',(71.88,-55.4845,0.));
#7381 = CIRCLE('',#7382,0.4445);
#7382 = AXIS2_PLACEMENT_3D('',#7383,#7384,#7385);
#7383 = CARTESIAN_POINT('',(71.88,-55.04,0.));
#7384 = DIRECTION('',(-0.,0.,-1.));
#7385 = DIRECTION('',(-0.,-1.,0.));
#7386 = FACE_BOUND('',#7387,.F.);
#7387 = EDGE_LOOP('',(#7388));
#7388 = ORIENTED_EDGE('',*,*,#7389,.T.);
#7389 = EDGE_CURVE('',#7390,#7390,#7392,.T.);
#7390 = VERTEX_POINT('',#7391);
#7391 = CARTESIAN_POINT('',(39.,-46.6,0.));
#7392 = CIRCLE('',#7393,1.6);
#7393 = AXIS2_PLACEMENT_3D('',#7394,#7395,#7396);
#7394 = CARTESIAN_POINT('',(39.,-45.,0.));
#7395 = DIRECTION('',(-0.,0.,-1.));
#7396 = DIRECTION('',(-0.,-1.,0.));
#7397 = FACE_BOUND('',#7398,.F.);
#7398 = EDGE_LOOP('',(#7399));
#7399 = ORIENTED_EDGE('',*,*,#7400,.T.);
#7400 = EDGE_CURVE('',#7401,#7401,#7403,.T.);
#7401 = VERTEX_POINT('',#7402);
#7402 = CARTESIAN_POINT('',(71.88,-52.9445,0.));
#7403 = CIRCLE('',#7404,0.4445);
#7404 = AXIS2_PLACEMENT_3D('',#7405,#7406,#7407);
#7405 = CARTESIAN_POINT('',(71.88,-52.5,0.));
#7406 = DIRECTION('',(-0.,0.,-1.));
#7407 = DIRECTION('',(-0.,-1.,0.));
#7408 = FACE_BOUND('',#7409,.F.);
#7409 = EDGE_LOOP('',(#7410));
#7410 = ORIENTED_EDGE('',*,*,#7411,.T.);
#7411 = EDGE_CURVE('',#7412,#7412,#7414,.T.);
#7412 = VERTEX_POINT('',#7413);
#7413 = CARTESIAN_POINT('',(71.88,-50.4045,0.));
#7414 = CIRCLE('',#7415,0.4445);
#7415 = AXIS2_PLACEMENT_3D('',#7416,#7417,#7418);
#7416 = CARTESIAN_POINT('',(71.88,-49.96,0.));
#7417 = DIRECTION('',(-0.,0.,-1.));
#7418 = DIRECTION('',(-0.,-1.,0.));
#7419 = FACE_BOUND('',#7420,.F.);
#7420 = EDGE_LOOP('',(#7421));
#7421 = ORIENTED_EDGE('',*,*,#7422,.T.);
#7422 = EDGE_CURVE('',#7423,#7423,#7425,.T.);
#7423 = VERTEX_POINT('',#7424);
#7424 = CARTESIAN_POINT('',(71.88,-47.8645,0.));
#7425 = CIRCLE('',#7426,0.4445);
#7426 = AXIS2_PLACEMENT_3D('',#7427,#7428,#7429);
#7427 = CARTESIAN_POINT('',(71.88,-47.42,0.));
#7428 = DIRECTION('',(-0.,0.,-1.));
#7429 = DIRECTION('',(-0.,-1.,0.));
#7430 = FACE_BOUND('',#7431,.F.);
#7431 = EDGE_LOOP('',(#7432));
#7432 = ORIENTED_EDGE('',*,*,#7433,.T.);
#7433 = EDGE_CURVE('',#7434,#7434,#7436,.T.);
#7434 = VERTEX_POINT('',#7435);
#7435 = CARTESIAN_POINT('',(71.88,-45.3245,0.));
#7436 = CIRCLE('',#7437,0.4445);
#7437 = AXIS2_PLACEMENT_3D('',#7438,#7439,#7440);
#7438 = CARTESIAN_POINT('',(71.88,-44.88,0.));
#7439 = DIRECTION('',(-0.,0.,-1.));
#7440 = DIRECTION('',(-0.,-1.,0.));
#7441 = FACE_BOUND('',#7442,.F.);
#7442 = EDGE_LOOP('',(#7443));
#7443 = ORIENTED_EDGE('',*,*,#7444,.T.);
#7444 = EDGE_CURVE('',#7445,#7445,#7447,.T.);
#7445 = VERTEX_POINT('',#7446);
#7446 = CARTESIAN_POINT('',(87.12,-60.5645,0.));
#7447 = CIRCLE('',#7448,0.4445);
#7448 = AXIS2_PLACEMENT_3D('',#7449,#7450,#7451);
#7449 = CARTESIAN_POINT('',(87.12,-60.12,0.));
#7450 = DIRECTION('',(-0.,0.,-1.));
#7451 = DIRECTION('',(-0.,-1.,0.));
#7452 = FACE_BOUND('',#7453,.F.);
#7453 = EDGE_LOOP('',(#7454));
#7454 = ORIENTED_EDGE('',*,*,#7455,.T.);
#7455 = EDGE_CURVE('',#7456,#7456,#7458,.T.);
#7456 = VERTEX_POINT('',#7457);
#7457 = CARTESIAN_POINT('',(87.12,-58.0245,0.));
#7458 = CIRCLE('',#7459,0.4445);
#7459 = AXIS2_PLACEMENT_3D('',#7460,#7461,#7462);
#7460 = CARTESIAN_POINT('',(87.12,-57.58,0.));
#7461 = DIRECTION('',(-0.,0.,-1.));
#7462 = DIRECTION('',(-0.,-1.,0.));
#7463 = FACE_BOUND('',#7464,.F.);
#7464 = EDGE_LOOP('',(#7465));
#7465 = ORIENTED_EDGE('',*,*,#7466,.T.);
#7466 = EDGE_CURVE('',#7467,#7467,#7469,.T.);
#7467 = VERTEX_POINT('',#7468);
#7468 = CARTESIAN_POINT('',(87.12,-55.4845,0.));
#7469 = CIRCLE('',#7470,0.4445);
#7470 = AXIS2_PLACEMENT_3D('',#7471,#7472,#7473);
#7471 = CARTESIAN_POINT('',(87.12,-55.04,0.));
#7472 = DIRECTION('',(-0.,0.,-1.));
#7473 = DIRECTION('',(-0.,-1.,0.));
#7474 = FACE_BOUND('',#7475,.F.);
#7475 = EDGE_LOOP('',(#7476));
#7476 = ORIENTED_EDGE('',*,*,#7477,.T.);
#7477 = EDGE_CURVE('',#7478,#7478,#7480,.T.);
#7478 = VERTEX_POINT('',#7479);
#7479 = CARTESIAN_POINT('',(110.5,-60.3,0.));
#7480 = CIRCLE('',#7481,0.5);
#7481 = AXIS2_PLACEMENT_3D('',#7482,#7483,#7484);
#7482 = CARTESIAN_POINT('',(110.5,-59.8,0.));
#7483 = DIRECTION('',(-0.,0.,-1.));
#7484 = DIRECTION('',(-0.,-1.,0.));
#7485 = FACE_BOUND('',#7486,.F.);
#7486 = EDGE_LOOP('',(#7487));
#7487 = ORIENTED_EDGE('',*,*,#7488,.T.);
#7488 = EDGE_CURVE('',#7489,#7489,#7491,.T.);
#7489 = VERTEX_POINT('',#7490);
#7490 = CARTESIAN_POINT('',(87.12,-52.9445,0.));
#7491 = CIRCLE('',#7492,0.4445);
#7492 = AXIS2_PLACEMENT_3D('',#7493,#7494,#7495);
#7493 = CARTESIAN_POINT('',(87.12,-52.5,0.));
#7494 = DIRECTION('',(-0.,0.,-1.));
#7495 = DIRECTION('',(-0.,-1.,0.));
#7496 = FACE_BOUND('',#7497,.F.);
#7497 = EDGE_LOOP('',(#7498));
#7498 = ORIENTED_EDGE('',*,*,#7499,.T.);
#7499 = EDGE_CURVE('',#7500,#7500,#7502,.T.);
#7500 = VERTEX_POINT('',#7501);
#7501 = CARTESIAN_POINT('',(87.12,-50.4045,0.));
#7502 = CIRCLE('',#7503,0.4445);
#7503 = AXIS2_PLACEMENT_3D('',#7504,#7505,#7506);
#7504 = CARTESIAN_POINT('',(87.12,-49.96,0.));
#7505 = DIRECTION('',(-0.,0.,-1.));
#7506 = DIRECTION('',(-0.,-1.,0.));
#7507 = FACE_BOUND('',#7508,.F.);
#7508 = EDGE_LOOP('',(#7509));
#7509 = ORIENTED_EDGE('',*,*,#7510,.T.);
#7510 = EDGE_CURVE('',#7511,#7511,#7513,.T.);
#7511 = VERTEX_POINT('',#7512);
#7512 = CARTESIAN_POINT('',(87.12,-47.8645,0.));
#7513 = CIRCLE('',#7514,0.4445);
#7514 = AXIS2_PLACEMENT_3D('',#7515,#7516,#7517);
#7515 = CARTESIAN_POINT('',(87.12,-47.42,0.));
#7516 = DIRECTION('',(-0.,0.,-1.));
#7517 = DIRECTION('',(-0.,-1.,0.));
#7518 = FACE_BOUND('',#7519,.F.);
#7519 = EDGE_LOOP('',(#7520));
#7520 = ORIENTED_EDGE('',*,*,#7521,.T.);
#7521 = EDGE_CURVE('',#7522,#7522,#7524,.T.);
#7522 = VERTEX_POINT('',#7523);
#7523 = CARTESIAN_POINT('',(87.12,-45.3245,0.));
#7524 = CIRCLE('',#7525,0.4445);
#7525 = AXIS2_PLACEMENT_3D('',#7526,#7527,#7528);
#7526 = CARTESIAN_POINT('',(87.12,-44.88,0.));
#7527 = DIRECTION('',(-0.,0.,-1.));
#7528 = DIRECTION('',(-0.,-1.,0.));
#7529 = FACE_BOUND('',#7530,.F.);
#7530 = EDGE_LOOP('',(#7531));
#7531 = ORIENTED_EDGE('',*,*,#7532,.T.);
#7532 = EDGE_CURVE('',#7533,#7533,#7535,.T.);
#7533 = VERTEX_POINT('',#7534);
#7534 = CARTESIAN_POINT('',(110.5,-52.7,0.));
#7535 = CIRCLE('',#7536,0.5);
#7536 = AXIS2_PLACEMENT_3D('',#7537,#7538,#7539);
#7537 = CARTESIAN_POINT('',(110.5,-52.2,0.));
#7538 = DIRECTION('',(-0.,0.,-1.));
#7539 = DIRECTION('',(-0.,-1.,0.));
#7540 = FACE_BOUND('',#7541,.F.);
#7541 = EDGE_LOOP('',(#7542));
#7542 = ORIENTED_EDGE('',*,*,#7543,.T.);
#7543 = EDGE_CURVE('',#7544,#7544,#7546,.T.);
#7544 = VERTEX_POINT('',#7545);
#7545 = CARTESIAN_POINT('',(119.5,-47.1,0.));
#7546 = CIRCLE('',#7547,1.6);
#7547 = AXIS2_PLACEMENT_3D('',#7548,#7549,#7550);
#7548 = CARTESIAN_POINT('',(119.5,-45.5,0.));
#7549 = DIRECTION('',(-0.,0.,-1.));
#7550 = DIRECTION('',(-0.,-1.,0.));
#7551 = PLANE('',#7552);
#7552 = AXIS2_PLACEMENT_3D('',#7553,#7554,#7555);
#7553 = CARTESIAN_POINT('',(0.,0.,0.));
#7554 = DIRECTION('',(0.,0.,1.));
#7555 = DIRECTION('',(1.,0.,-0.));
#7556 = ADVANCED_FACE('',(#7557,#7568,#7579,#7590,#7601,#7612,#7623,
    #7634,#7645,#7656,#7667,#7678,#7689,#7700,#7711,#7722,#7733,#7744,
    #7755,#7766,#7777,#7788,#7799,#7810,#7821,#7832,#7843,#7854,#7865,
    #7876,#7887,#7898,#7909,#7920,#7931,#7942,#7953,#7964,#7975,#7986,
    #7997,#8008,#8019,#8030,#8041,#8052,#8063,#8074,#8085),#8096,.T.);
#7557 = FACE_BOUND('',#7558,.T.);
#7558 = EDGE_LOOP('',(#7559,#7560,#7561,#7567));
#7559 = ORIENTED_EDGE('',*,*,#6923,.F.);
#7560 = ORIENTED_EDGE('',*,*,#6963,.F.);
#7561 = ORIENTED_EDGE('',*,*,#7562,.F.);
#7562 = EDGE_CURVE('',#6986,#6956,#7563,.T.);
#7563 = LINE('',#7564,#7565);
#7564 = CARTESIAN_POINT('',(34.5,-41.5,1.51));
#7565 = VECTOR('',#7566,1.);
#7566 = DIRECTION('',(1.,0.,0.));
#7567 = ORIENTED_EDGE('',*,*,#6985,.F.);
#7568 = FACE_BOUND('',#7569,.T.);
#7569 = EDGE_LOOP('',(#7570));
#7570 = ORIENTED_EDGE('',*,*,#7571,.T.);
#7571 = EDGE_CURVE('',#7572,#7572,#7574,.T.);
#7572 = VERTEX_POINT('',#7573);
#7573 = CARTESIAN_POINT('',(38.5,-86.6,1.51));
#7574 = CIRCLE('',#7575,1.6);
#7575 = AXIS2_PLACEMENT_3D('',#7576,#7577,#7578);
#7576 = CARTESIAN_POINT('',(38.5,-85.,1.51));
#7577 = DIRECTION('',(-0.,0.,-1.));
#7578 = DIRECTION('',(-0.,-1.,0.));
#7579 = FACE_BOUND('',#7580,.T.);
#7580 = EDGE_LOOP('',(#7581));
#7581 = ORIENTED_EDGE('',*,*,#7582,.T.);
#7582 = EDGE_CURVE('',#7583,#7583,#7585,.T.);
#7583 = VERTEX_POINT('',#7584);
#7584 = CARTESIAN_POINT('',(45.42,-73.35,1.51));
#7585 = CIRCLE('',#7586,0.85);
#7586 = AXIS2_PLACEMENT_3D('',#7587,#7588,#7589);
#7587 = CARTESIAN_POINT('',(45.42,-72.5,1.51));
#7588 = DIRECTION('',(-0.,0.,-1.));
#7589 = DIRECTION('',(-0.,-1.,0.));
#7590 = FACE_BOUND('',#7591,.T.);
#7591 = EDGE_LOOP('',(#7592));
#7592 = ORIENTED_EDGE('',*,*,#7593,.T.);
#7593 = EDGE_CURVE('',#7594,#7594,#7596,.T.);
#7594 = VERTEX_POINT('',#7595);
#7595 = CARTESIAN_POINT('',(50.5,-74.5,1.51));
#7596 = CIRCLE('',#7597,2.);
#7597 = AXIS2_PLACEMENT_3D('',#7598,#7599,#7600);
#7598 = CARTESIAN_POINT('',(50.5,-72.5,1.51));
#7599 = DIRECTION('',(-0.,0.,-1.));
#7600 = DIRECTION('',(-0.,-1.,0.));
#7601 = FACE_BOUND('',#7602,.T.);
#7602 = EDGE_LOOP('',(#7603));
#7603 = ORIENTED_EDGE('',*,*,#7604,.T.);
#7604 = EDGE_CURVE('',#7605,#7605,#7607,.T.);
#7605 = VERTEX_POINT('',#7606);
#7606 = CARTESIAN_POINT('',(55.58,-73.35,1.51));
#7607 = CIRCLE('',#7608,0.85);
#7608 = AXIS2_PLACEMENT_3D('',#7609,#7610,#7611);
#7609 = CARTESIAN_POINT('',(55.58,-72.5,1.51));
#7610 = DIRECTION('',(-0.,0.,-1.));
#7611 = DIRECTION('',(-0.,-1.,0.));
#7612 = FACE_BOUND('',#7613,.T.);
#7613 = EDGE_LOOP('',(#7614));
#7614 = ORIENTED_EDGE('',*,*,#7615,.T.);
#7615 = EDGE_CURVE('',#7616,#7616,#7618,.T.);
#7616 = VERTEX_POINT('',#7617);
#7617 = CARTESIAN_POINT('',(46.69,-70.71,1.51));
#7618 = CIRCLE('',#7619,0.75);
#7619 = AXIS2_PLACEMENT_3D('',#7620,#7621,#7622);
#7620 = CARTESIAN_POINT('',(46.69,-69.96,1.51));
#7621 = DIRECTION('',(-0.,0.,-1.));
#7622 = DIRECTION('',(-0.,-1.,0.));
#7623 = FACE_BOUND('',#7624,.T.);
#7624 = EDGE_LOOP('',(#7625));
#7625 = ORIENTED_EDGE('',*,*,#7626,.T.);
#7626 = EDGE_CURVE('',#7627,#7627,#7629,.T.);
#7627 = VERTEX_POINT('',#7628);
#7628 = CARTESIAN_POINT('',(53.04,-68.17,1.51));
#7629 = CIRCLE('',#7630,0.75);
#7630 = AXIS2_PLACEMENT_3D('',#7631,#7632,#7633);
#7631 = CARTESIAN_POINT('',(53.04,-67.42,1.51));
#7632 = DIRECTION('',(-0.,0.,-1.));
#7633 = DIRECTION('',(-0.,-1.,0.));
#7634 = FACE_BOUND('',#7635,.T.);
#7635 = EDGE_LOOP('',(#7636));
#7636 = ORIENTED_EDGE('',*,*,#7637,.T.);
#7637 = EDGE_CURVE('',#7638,#7638,#7640,.T.);
#7638 = VERTEX_POINT('',#7639);
#7639 = CARTESIAN_POINT('',(64.71,-73.39,1.51));
#7640 = CIRCLE('',#7641,0.85);
#7641 = AXIS2_PLACEMENT_3D('',#7642,#7643,#7644);
#7642 = CARTESIAN_POINT('',(64.71,-72.54,1.51));
#7643 = DIRECTION('',(-0.,0.,-1.));
#7644 = DIRECTION('',(-1.671865260612E-14,-1.,0.));
#7645 = FACE_BOUND('',#7646,.T.);
#7646 = EDGE_LOOP('',(#7647));
#7647 = ORIENTED_EDGE('',*,*,#7648,.T.);
#7648 = EDGE_CURVE('',#7649,#7649,#7651,.T.);
#7649 = VERTEX_POINT('',#7650);
#7650 = CARTESIAN_POINT('',(69.79,-74.54,1.51));
#7651 = CIRCLE('',#7652,2.);
#7652 = AXIS2_PLACEMENT_3D('',#7653,#7654,#7655);
#7653 = CARTESIAN_POINT('',(69.79,-72.54,1.51));
#7654 = DIRECTION('',(-0.,0.,-1.));
#7655 = DIRECTION('',(-0.,-1.,0.));
#7656 = FACE_BOUND('',#7657,.T.);
#7657 = EDGE_LOOP('',(#7658));
#7658 = ORIENTED_EDGE('',*,*,#7659,.T.);
#7659 = EDGE_CURVE('',#7660,#7660,#7662,.T.);
#7660 = VERTEX_POINT('',#7661);
#7661 = CARTESIAN_POINT('',(74.87,-73.39,1.51));
#7662 = CIRCLE('',#7663,0.85);
#7663 = AXIS2_PLACEMENT_3D('',#7664,#7665,#7666);
#7664 = CARTESIAN_POINT('',(74.87,-72.54,1.51));
#7665 = DIRECTION('',(-0.,0.,-1.));
#7666 = DIRECTION('',(-0.,-1.,0.));
#7667 = FACE_BOUND('',#7668,.T.);
#7668 = EDGE_LOOP('',(#7669));
#7669 = ORIENTED_EDGE('',*,*,#7670,.T.);
#7670 = EDGE_CURVE('',#7671,#7671,#7673,.T.);
#7671 = VERTEX_POINT('',#7672);
#7672 = CARTESIAN_POINT('',(65.98,-70.75,1.51));
#7673 = CIRCLE('',#7674,0.75);
#7674 = AXIS2_PLACEMENT_3D('',#7675,#7676,#7677);
#7675 = CARTESIAN_POINT('',(65.98,-70.,1.51));
#7676 = DIRECTION('',(-0.,0.,-1.));
#7677 = DIRECTION('',(-0.,-1.,0.));
#7678 = FACE_BOUND('',#7679,.T.);
#7679 = EDGE_LOOP('',(#7680));
#7680 = ORIENTED_EDGE('',*,*,#7681,.T.);
#7681 = EDGE_CURVE('',#7682,#7682,#7684,.T.);
#7682 = VERTEX_POINT('',#7683);
#7683 = CARTESIAN_POINT('',(72.33,-68.21,1.51));
#7684 = CIRCLE('',#7685,0.75);
#7685 = AXIS2_PLACEMENT_3D('',#7686,#7687,#7688);
#7686 = CARTESIAN_POINT('',(72.33,-67.46,1.51));
#7687 = DIRECTION('',(-0.,0.,-1.));
#7688 = DIRECTION('',(-0.,-1.,0.));
#7689 = FACE_BOUND('',#7690,.T.);
#7690 = EDGE_LOOP('',(#7691));
#7691 = ORIENTED_EDGE('',*,*,#7692,.T.);
#7692 = EDGE_CURVE('',#7693,#7693,#7695,.T.);
#7693 = VERTEX_POINT('',#7694);
#7694 = CARTESIAN_POINT('',(119.,-86.6,1.51));
#7695 = CIRCLE('',#7696,1.6);
#7696 = AXIS2_PLACEMENT_3D('',#7697,#7698,#7699);
#7697 = CARTESIAN_POINT('',(119.,-85.,1.51));
#7698 = DIRECTION('',(-0.,0.,-1.));
#7699 = DIRECTION('',(-0.,-1.,0.));
#7700 = FACE_BOUND('',#7701,.T.);
#7701 = EDGE_LOOP('',(#7702));
#7702 = ORIENTED_EDGE('',*,*,#7703,.T.);
#7703 = EDGE_CURVE('',#7704,#7704,#7706,.T.);
#7704 = VERTEX_POINT('',#7705);
#7705 = CARTESIAN_POINT('',(83.88,-73.39,1.51));
#7706 = CIRCLE('',#7707,0.85);
#7707 = AXIS2_PLACEMENT_3D('',#7708,#7709,#7710);
#7708 = CARTESIAN_POINT('',(83.88,-72.54,1.51));
#7709 = DIRECTION('',(-0.,0.,-1.));
#7710 = DIRECTION('',(-0.,-1.,0.));
#7711 = FACE_BOUND('',#7712,.T.);
#7712 = EDGE_LOOP('',(#7713));
#7713 = ORIENTED_EDGE('',*,*,#7714,.T.);
#7714 = EDGE_CURVE('',#7715,#7715,#7717,.T.);
#7715 = VERTEX_POINT('',#7716);
#7716 = CARTESIAN_POINT('',(88.96,-74.54,1.51));
#7717 = CIRCLE('',#7718,2.);
#7718 = AXIS2_PLACEMENT_3D('',#7719,#7720,#7721);
#7719 = CARTESIAN_POINT('',(88.96,-72.54,1.51));
#7720 = DIRECTION('',(-0.,0.,-1.));
#7721 = DIRECTION('',(-0.,-1.,0.));
#7722 = FACE_BOUND('',#7723,.T.);
#7723 = EDGE_LOOP('',(#7724));
#7724 = ORIENTED_EDGE('',*,*,#7725,.T.);
#7725 = EDGE_CURVE('',#7726,#7726,#7728,.T.);
#7726 = VERTEX_POINT('',#7727);
#7727 = CARTESIAN_POINT('',(94.04,-73.39,1.51));
#7728 = CIRCLE('',#7729,0.85);
#7729 = AXIS2_PLACEMENT_3D('',#7730,#7731,#7732);
#7730 = CARTESIAN_POINT('',(94.04,-72.54,1.51));
#7731 = DIRECTION('',(-0.,0.,-1.));
#7732 = DIRECTION('',(1.671865260612E-14,-1.,-0.));
#7733 = FACE_BOUND('',#7734,.T.);
#7734 = EDGE_LOOP('',(#7735));
#7735 = ORIENTED_EDGE('',*,*,#7736,.T.);
#7736 = EDGE_CURVE('',#7737,#7737,#7739,.T.);
#7737 = VERTEX_POINT('',#7738);
#7738 = CARTESIAN_POINT('',(85.15,-70.75,1.51));
#7739 = CIRCLE('',#7740,0.75);
#7740 = AXIS2_PLACEMENT_3D('',#7741,#7742,#7743);
#7741 = CARTESIAN_POINT('',(85.15,-70.,1.51));
#7742 = DIRECTION('',(-0.,0.,-1.));
#7743 = DIRECTION('',(-0.,-1.,0.));
#7744 = FACE_BOUND('',#7745,.T.);
#7745 = EDGE_LOOP('',(#7746));
#7746 = ORIENTED_EDGE('',*,*,#7747,.T.);
#7747 = EDGE_CURVE('',#7748,#7748,#7750,.T.);
#7748 = VERTEX_POINT('',#7749);
#7749 = CARTESIAN_POINT('',(91.5,-68.21,1.51));
#7750 = CIRCLE('',#7751,0.75);
#7751 = AXIS2_PLACEMENT_3D('',#7752,#7753,#7754);
#7752 = CARTESIAN_POINT('',(91.5,-67.46,1.51));
#7753 = DIRECTION('',(-0.,0.,-1.));
#7754 = DIRECTION('',(-0.,-1.,0.));
#7755 = FACE_BOUND('',#7756,.T.);
#7756 = EDGE_LOOP('',(#7757));
#7757 = ORIENTED_EDGE('',*,*,#7758,.T.);
#7758 = EDGE_CURVE('',#7759,#7759,#7761,.T.);
#7759 = VERTEX_POINT('',#7760);
#7760 = CARTESIAN_POINT('',(102.73,-73.39,1.51));
#7761 = CIRCLE('',#7762,0.85);
#7762 = AXIS2_PLACEMENT_3D('',#7763,#7764,#7765);
#7763 = CARTESIAN_POINT('',(102.73,-72.54,1.51));
#7764 = DIRECTION('',(-0.,0.,-1.));
#7765 = DIRECTION('',(1.671865260612E-14,-1.,-0.));
#7766 = FACE_BOUND('',#7767,.T.);
#7767 = EDGE_LOOP('',(#7768));
#7768 = ORIENTED_EDGE('',*,*,#7769,.T.);
#7769 = EDGE_CURVE('',#7770,#7770,#7772,.T.);
#7770 = VERTEX_POINT('',#7771);
#7771 = CARTESIAN_POINT('',(107.81,-74.54,1.51));
#7772 = CIRCLE('',#7773,2.);
#7773 = AXIS2_PLACEMENT_3D('',#7774,#7775,#7776);
#7774 = CARTESIAN_POINT('',(107.81,-72.54,1.51));
#7775 = DIRECTION('',(-0.,0.,-1.));
#7776 = DIRECTION('',(-0.,-1.,0.));
#7777 = FACE_BOUND('',#7778,.T.);
#7778 = EDGE_LOOP('',(#7779));
#7779 = ORIENTED_EDGE('',*,*,#7780,.T.);
#7780 = EDGE_CURVE('',#7781,#7781,#7783,.T.);
#7781 = VERTEX_POINT('',#7782);
#7782 = CARTESIAN_POINT('',(112.89,-73.39,1.51));
#7783 = CIRCLE('',#7784,0.85);
#7784 = AXIS2_PLACEMENT_3D('',#7785,#7786,#7787);
#7785 = CARTESIAN_POINT('',(112.89,-72.54,1.51));
#7786 = DIRECTION('',(-0.,0.,-1.));
#7787 = DIRECTION('',(-0.,-1.,0.));
#7788 = FACE_BOUND('',#7789,.T.);
#7789 = EDGE_LOOP('',(#7790));
#7790 = ORIENTED_EDGE('',*,*,#7791,.T.);
#7791 = EDGE_CURVE('',#7792,#7792,#7794,.T.);
#7792 = VERTEX_POINT('',#7793);
#7793 = CARTESIAN_POINT('',(104.,-70.75,1.51));
#7794 = CIRCLE('',#7795,0.75);
#7795 = AXIS2_PLACEMENT_3D('',#7796,#7797,#7798);
#7796 = CARTESIAN_POINT('',(104.,-70.,1.51));
#7797 = DIRECTION('',(-0.,0.,-1.));
#7798 = DIRECTION('',(-0.,-1.,0.));
#7799 = FACE_BOUND('',#7800,.T.);
#7800 = EDGE_LOOP('',(#7801));
#7801 = ORIENTED_EDGE('',*,*,#7802,.T.);
#7802 = EDGE_CURVE('',#7803,#7803,#7805,.T.);
#7803 = VERTEX_POINT('',#7804);
#7804 = CARTESIAN_POINT('',(110.35,-68.21,1.51));
#7805 = CIRCLE('',#7806,0.75);
#7806 = AXIS2_PLACEMENT_3D('',#7807,#7808,#7809);
#7807 = CARTESIAN_POINT('',(110.35,-67.46,1.51));
#7808 = DIRECTION('',(-0.,0.,-1.));
#7809 = DIRECTION('',(-0.,-1.,0.));
#7810 = FACE_BOUND('',#7811,.T.);
#7811 = EDGE_LOOP('',(#7812));
#7812 = ORIENTED_EDGE('',*,*,#7813,.T.);
#7813 = EDGE_CURVE('',#7814,#7814,#7816,.T.);
#7814 = VERTEX_POINT('',#7815);
#7815 = CARTESIAN_POINT('',(46.34,-58.,1.51));
#7816 = CIRCLE('',#7817,0.5);
#7817 = AXIS2_PLACEMENT_3D('',#7818,#7819,#7820);
#7818 = CARTESIAN_POINT('',(46.34,-57.5,1.51));
#7819 = DIRECTION('',(-0.,0.,-1.));
#7820 = DIRECTION('',(-0.,-1.,0.));
#7821 = FACE_BOUND('',#7822,.T.);
#7822 = EDGE_LOOP('',(#7823));
#7823 = ORIENTED_EDGE('',*,*,#7824,.T.);
#7824 = EDGE_CURVE('',#7825,#7825,#7827,.T.);
#7825 = VERTEX_POINT('',#7826);
#7826 = CARTESIAN_POINT('',(48.88,-58.,1.51));
#7827 = CIRCLE('',#7828,0.5);
#7828 = AXIS2_PLACEMENT_3D('',#7829,#7830,#7831);
#7829 = CARTESIAN_POINT('',(48.88,-57.5,1.51));
#7830 = DIRECTION('',(-0.,0.,-1.));
#7831 = DIRECTION('',(-0.,-1.,0.));
#7832 = FACE_BOUND('',#7833,.T.);
#7833 = EDGE_LOOP('',(#7834));
#7834 = ORIENTED_EDGE('',*,*,#7835,.T.);
#7835 = EDGE_CURVE('',#7836,#7836,#7838,.T.);
#7836 = VERTEX_POINT('',#7837);
#7837 = CARTESIAN_POINT('',(51.42,-58.,1.51));
#7838 = CIRCLE('',#7839,0.5);
#7839 = AXIS2_PLACEMENT_3D('',#7840,#7841,#7842);
#7840 = CARTESIAN_POINT('',(51.42,-57.5,1.51));
#7841 = DIRECTION('',(-0.,0.,-1.));
#7842 = DIRECTION('',(-0.,-1.,0.));
#7843 = FACE_BOUND('',#7844,.T.);
#7844 = EDGE_LOOP('',(#7845));
#7845 = ORIENTED_EDGE('',*,*,#7846,.T.);
#7846 = EDGE_CURVE('',#7847,#7847,#7849,.T.);
#7847 = VERTEX_POINT('',#7848);
#7848 = CARTESIAN_POINT('',(53.96,-58.,1.51));
#7849 = CIRCLE('',#7850,0.5);
#7850 = AXIS2_PLACEMENT_3D('',#7851,#7852,#7853);
#7851 = CARTESIAN_POINT('',(53.96,-57.5,1.51));
#7852 = DIRECTION('',(-0.,0.,-1.));
#7853 = DIRECTION('',(-0.,-1.,0.));
#7854 = FACE_BOUND('',#7855,.T.);
#7855 = EDGE_LOOP('',(#7856));
#7856 = ORIENTED_EDGE('',*,*,#7857,.T.);
#7857 = EDGE_CURVE('',#7858,#7858,#7860,.T.);
#7858 = VERTEX_POINT('',#7859);
#7859 = CARTESIAN_POINT('',(56.5,-58.,1.51));
#7860 = CIRCLE('',#7861,0.5);
#7861 = AXIS2_PLACEMENT_3D('',#7862,#7863,#7864);
#7862 = CARTESIAN_POINT('',(56.5,-57.5,1.51));
#7863 = DIRECTION('',(-0.,0.,-1.));
#7864 = DIRECTION('',(-0.,-1.,0.));
#7865 = FACE_BOUND('',#7866,.T.);
#7866 = EDGE_LOOP('',(#7867));
#7867 = ORIENTED_EDGE('',*,*,#7868,.T.);
#7868 = EDGE_CURVE('',#7869,#7869,#7871,.T.);
#7869 = VERTEX_POINT('',#7870);
#7870 = CARTESIAN_POINT('',(71.88,-60.5645,1.51));
#7871 = CIRCLE('',#7872,0.4445);
#7872 = AXIS2_PLACEMENT_3D('',#7873,#7874,#7875);
#7873 = CARTESIAN_POINT('',(71.88,-60.12,1.51));
#7874 = DIRECTION('',(-0.,0.,-1.));
#7875 = DIRECTION('',(-0.,-1.,0.));
#7876 = FACE_BOUND('',#7877,.T.);
#7877 = EDGE_LOOP('',(#7878));
#7878 = ORIENTED_EDGE('',*,*,#7879,.T.);
#7879 = EDGE_CURVE('',#7880,#7880,#7882,.T.);
#7880 = VERTEX_POINT('',#7881);
#7881 = CARTESIAN_POINT('',(59.04,-58.,1.51));
#7882 = CIRCLE('',#7883,0.5);
#7883 = AXIS2_PLACEMENT_3D('',#7884,#7885,#7886);
#7884 = CARTESIAN_POINT('',(59.04,-57.5,1.51));
#7885 = DIRECTION('',(-0.,0.,-1.));
#7886 = DIRECTION('',(-0.,-1.,0.));
#7887 = FACE_BOUND('',#7888,.T.);
#7888 = EDGE_LOOP('',(#7889));
#7889 = ORIENTED_EDGE('',*,*,#7890,.T.);
#7890 = EDGE_CURVE('',#7891,#7891,#7893,.T.);
#7891 = VERTEX_POINT('',#7892);
#7892 = CARTESIAN_POINT('',(61.58,-58.,1.51));
#7893 = CIRCLE('',#7894,0.5);
#7894 = AXIS2_PLACEMENT_3D('',#7895,#7896,#7897);
#7895 = CARTESIAN_POINT('',(61.58,-57.5,1.51));
#7896 = DIRECTION('',(-0.,0.,-1.));
#7897 = DIRECTION('',(-0.,-1.,0.));
#7898 = FACE_BOUND('',#7899,.T.);
#7899 = EDGE_LOOP('',(#7900));
#7900 = ORIENTED_EDGE('',*,*,#7901,.T.);
#7901 = EDGE_CURVE('',#7902,#7902,#7904,.T.);
#7902 = VERTEX_POINT('',#7903);
#7903 = CARTESIAN_POINT('',(64.12,-58.,1.51));
#7904 = CIRCLE('',#7905,0.5);
#7905 = AXIS2_PLACEMENT_3D('',#7906,#7907,#7908);
#7906 = CARTESIAN_POINT('',(64.12,-57.5,1.51));
#7907 = DIRECTION('',(-0.,0.,-1.));
#7908 = DIRECTION('',(-0.,-1.,0.));
#7909 = FACE_BOUND('',#7910,.T.);
#7910 = EDGE_LOOP('',(#7911));
#7911 = ORIENTED_EDGE('',*,*,#7912,.T.);
#7912 = EDGE_CURVE('',#7913,#7913,#7915,.T.);
#7913 = VERTEX_POINT('',#7914);
#7914 = CARTESIAN_POINT('',(71.88,-58.0245,1.51));
#7915 = CIRCLE('',#7916,0.4445);
#7916 = AXIS2_PLACEMENT_3D('',#7917,#7918,#7919);
#7917 = CARTESIAN_POINT('',(71.88,-57.58,1.51));
#7918 = DIRECTION('',(-0.,0.,-1.));
#7919 = DIRECTION('',(-0.,-1.,0.));
#7920 = FACE_BOUND('',#7921,.T.);
#7921 = EDGE_LOOP('',(#7922));
#7922 = ORIENTED_EDGE('',*,*,#7923,.T.);
#7923 = EDGE_CURVE('',#7924,#7924,#7926,.T.);
#7924 = VERTEX_POINT('',#7925);
#7925 = CARTESIAN_POINT('',(71.88,-55.4845,1.51));
#7926 = CIRCLE('',#7927,0.4445);
#7927 = AXIS2_PLACEMENT_3D('',#7928,#7929,#7930);
#7928 = CARTESIAN_POINT('',(71.88,-55.04,1.51));
#7929 = DIRECTION('',(-0.,0.,-1.));
#7930 = DIRECTION('',(-0.,-1.,0.));
#7931 = FACE_BOUND('',#7932,.T.);
#7932 = EDGE_LOOP('',(#7933));
#7933 = ORIENTED_EDGE('',*,*,#7934,.T.);
#7934 = EDGE_CURVE('',#7935,#7935,#7937,.T.);
#7935 = VERTEX_POINT('',#7936);
#7936 = CARTESIAN_POINT('',(39.,-46.6,1.51));
#7937 = CIRCLE('',#7938,1.6);
#7938 = AXIS2_PLACEMENT_3D('',#7939,#7940,#7941);
#7939 = CARTESIAN_POINT('',(39.,-45.,1.51));
#7940 = DIRECTION('',(-0.,0.,-1.));
#7941 = DIRECTION('',(-0.,-1.,0.));
#7942 = FACE_BOUND('',#7943,.T.);
#7943 = EDGE_LOOP('',(#7944));
#7944 = ORIENTED_EDGE('',*,*,#7945,.T.);
#7945 = EDGE_CURVE('',#7946,#7946,#7948,.T.);
#7946 = VERTEX_POINT('',#7947);
#7947 = CARTESIAN_POINT('',(71.88,-52.9445,1.51));
#7948 = CIRCLE('',#7949,0.4445);
#7949 = AXIS2_PLACEMENT_3D('',#7950,#7951,#7952);
#7950 = CARTESIAN_POINT('',(71.88,-52.5,1.51));
#7951 = DIRECTION('',(-0.,0.,-1.));
#7952 = DIRECTION('',(-0.,-1.,0.));
#7953 = FACE_BOUND('',#7954,.T.);
#7954 = EDGE_LOOP('',(#7955));
#7955 = ORIENTED_EDGE('',*,*,#7956,.T.);
#7956 = EDGE_CURVE('',#7957,#7957,#7959,.T.);
#7957 = VERTEX_POINT('',#7958);
#7958 = CARTESIAN_POINT('',(71.88,-50.4045,1.51));
#7959 = CIRCLE('',#7960,0.4445);
#7960 = AXIS2_PLACEMENT_3D('',#7961,#7962,#7963);
#7961 = CARTESIAN_POINT('',(71.88,-49.96,1.51));
#7962 = DIRECTION('',(-0.,0.,-1.));
#7963 = DIRECTION('',(-0.,-1.,0.));
#7964 = FACE_BOUND('',#7965,.T.);
#7965 = EDGE_LOOP('',(#7966));
#7966 = ORIENTED_EDGE('',*,*,#7967,.T.);
#7967 = EDGE_CURVE('',#7968,#7968,#7970,.T.);
#7968 = VERTEX_POINT('',#7969);
#7969 = CARTESIAN_POINT('',(71.88,-47.8645,1.51));
#7970 = CIRCLE('',#7971,0.4445);
#7971 = AXIS2_PLACEMENT_3D('',#7972,#7973,#7974);
#7972 = CARTESIAN_POINT('',(71.88,-47.42,1.51));
#7973 = DIRECTION('',(-0.,0.,-1.));
#7974 = DIRECTION('',(-0.,-1.,0.));
#7975 = FACE_BOUND('',#7976,.T.);
#7976 = EDGE_LOOP('',(#7977));
#7977 = ORIENTED_EDGE('',*,*,#7978,.T.);
#7978 = EDGE_CURVE('',#7979,#7979,#7981,.T.);
#7979 = VERTEX_POINT('',#7980);
#7980 = CARTESIAN_POINT('',(71.88,-45.3245,1.51));
#7981 = CIRCLE('',#7982,0.4445);
#7982 = AXIS2_PLACEMENT_3D('',#7983,#7984,#7985);
#7983 = CARTESIAN_POINT('',(71.88,-44.88,1.51));
#7984 = DIRECTION('',(-0.,0.,-1.));
#7985 = DIRECTION('',(-0.,-1.,0.));
#7986 = FACE_BOUND('',#7987,.T.);
#7987 = EDGE_LOOP('',(#7988));
#7988 = ORIENTED_EDGE('',*,*,#7989,.T.);
#7989 = EDGE_CURVE('',#7990,#7990,#7992,.T.);
#7990 = VERTEX_POINT('',#7991);
#7991 = CARTESIAN_POINT('',(87.12,-60.5645,1.51));
#7992 = CIRCLE('',#7993,0.4445);
#7993 = AXIS2_PLACEMENT_3D('',#7994,#7995,#7996);
#7994 = CARTESIAN_POINT('',(87.12,-60.12,1.51));
#7995 = DIRECTION('',(-0.,0.,-1.));
#7996 = DIRECTION('',(-0.,-1.,0.));
#7997 = FACE_BOUND('',#7998,.T.);
#7998 = EDGE_LOOP('',(#7999));
#7999 = ORIENTED_EDGE('',*,*,#8000,.T.);
#8000 = EDGE_CURVE('',#8001,#8001,#8003,.T.);
#8001 = VERTEX_POINT('',#8002);
#8002 = CARTESIAN_POINT('',(87.12,-58.0245,1.51));
#8003 = CIRCLE('',#8004,0.4445);
#8004 = AXIS2_PLACEMENT_3D('',#8005,#8006,#8007);
#8005 = CARTESIAN_POINT('',(87.12,-57.58,1.51));
#8006 = DIRECTION('',(-0.,0.,-1.));
#8007 = DIRECTION('',(-0.,-1.,0.));
#8008 = FACE_BOUND('',#8009,.T.);
#8009 = EDGE_LOOP('',(#8010));
#8010 = ORIENTED_EDGE('',*,*,#8011,.T.);
#8011 = EDGE_CURVE('',#8012,#8012,#8014,.T.);
#8012 = VERTEX_POINT('',#8013);
#8013 = CARTESIAN_POINT('',(87.12,-55.4845,1.51));
#8014 = CIRCLE('',#8015,0.4445);
#8015 = AXIS2_PLACEMENT_3D('',#8016,#8017,#8018);
#8016 = CARTESIAN_POINT('',(87.12,-55.04,1.51));
#8017 = DIRECTION('',(-0.,0.,-1.));
#8018 = DIRECTION('',(-0.,-1.,0.));
#8019 = FACE_BOUND('',#8020,.T.);
#8020 = EDGE_LOOP('',(#8021));
#8021 = ORIENTED_EDGE('',*,*,#8022,.T.);
#8022 = EDGE_CURVE('',#8023,#8023,#8025,.T.);
#8023 = VERTEX_POINT('',#8024);
#8024 = CARTESIAN_POINT('',(110.5,-60.3,1.51));
#8025 = CIRCLE('',#8026,0.5);
#8026 = AXIS2_PLACEMENT_3D('',#8027,#8028,#8029);
#8027 = CARTESIAN_POINT('',(110.5,-59.8,1.51));
#8028 = DIRECTION('',(-0.,0.,-1.));
#8029 = DIRECTION('',(-0.,-1.,0.));
#8030 = FACE_BOUND('',#8031,.T.);
#8031 = EDGE_LOOP('',(#8032));
#8032 = ORIENTED_EDGE('',*,*,#8033,.T.);
#8033 = EDGE_CURVE('',#8034,#8034,#8036,.T.);
#8034 = VERTEX_POINT('',#8035);
#8035 = CARTESIAN_POINT('',(87.12,-52.9445,1.51));
#8036 = CIRCLE('',#8037,0.4445);
#8037 = AXIS2_PLACEMENT_3D('',#8038,#8039,#8040);
#8038 = CARTESIAN_POINT('',(87.12,-52.5,1.51));
#8039 = DIRECTION('',(-0.,0.,-1.));
#8040 = DIRECTION('',(-0.,-1.,0.));
#8041 = FACE_BOUND('',#8042,.T.);
#8042 = EDGE_LOOP('',(#8043));
#8043 = ORIENTED_EDGE('',*,*,#8044,.T.);
#8044 = EDGE_CURVE('',#8045,#8045,#8047,.T.);
#8045 = VERTEX_POINT('',#8046);
#8046 = CARTESIAN_POINT('',(87.12,-50.4045,1.51));
#8047 = CIRCLE('',#8048,0.4445);
#8048 = AXIS2_PLACEMENT_3D('',#8049,#8050,#8051);
#8049 = CARTESIAN_POINT('',(87.12,-49.96,1.51));
#8050 = DIRECTION('',(-0.,0.,-1.));
#8051 = DIRECTION('',(-0.,-1.,0.));
#8052 = FACE_BOUND('',#8053,.T.);
#8053 = EDGE_LOOP('',(#8054));
#8054 = ORIENTED_EDGE('',*,*,#8055,.T.);
#8055 = EDGE_CURVE('',#8056,#8056,#8058,.T.);
#8056 = VERTEX_POINT('',#8057);
#8057 = CARTESIAN_POINT('',(87.12,-47.8645,1.51));
#8058 = CIRCLE('',#8059,0.4445);
#8059 = AXIS2_PLACEMENT_3D('',#8060,#8061,#8062);
#8060 = CARTESIAN_POINT('',(87.12,-47.42,1.51));
#8061 = DIRECTION('',(-0.,0.,-1.));
#8062 = DIRECTION('',(-0.,-1.,0.));
#8063 = FACE_BOUND('',#8064,.T.);
#8064 = EDGE_LOOP('',(#8065));
#8065 = ORIENTED_EDGE('',*,*,#8066,.T.);
#8066 = EDGE_CURVE('',#8067,#8067,#8069,.T.);
#8067 = VERTEX_POINT('',#8068);
#8068 = CARTESIAN_POINT('',(87.12,-45.3245,1.51));
#8069 = CIRCLE('',#8070,0.4445);
#8070 = AXIS2_PLACEMENT_3D('',#8071,#8072,#8073);
#8071 = CARTESIAN_POINT('',(87.12,-44.88,1.51));
#8072 = DIRECTION('',(-0.,0.,-1.));
#8073 = DIRECTION('',(-0.,-1.,0.));
#8074 = FACE_BOUND('',#8075,.T.);
#8075 = EDGE_LOOP('',(#8076));
#8076 = ORIENTED_EDGE('',*,*,#8077,.T.);
#8077 = EDGE_CURVE('',#8078,#8078,#8080,.T.);
#8078 = VERTEX_POINT('',#8079);
#8079 = CARTESIAN_POINT('',(110.5,-52.7,1.51));
#8080 = CIRCLE('',#8081,0.5);
#8081 = AXIS2_PLACEMENT_3D('',#8082,#8083,#8084);
#8082 = CARTESIAN_POINT('',(110.5,-52.2,1.51));
#8083 = DIRECTION('',(-0.,0.,-1.));
#8084 = DIRECTION('',(-0.,-1.,0.));
#8085 = FACE_BOUND('',#8086,.T.);
#8086 = EDGE_LOOP('',(#8087));
#8087 = ORIENTED_EDGE('',*,*,#8088,.T.);
#8088 = EDGE_CURVE('',#8089,#8089,#8091,.T.);
#8089 = VERTEX_POINT('',#8090);
#8090 = CARTESIAN_POINT('',(119.5,-47.1,1.51));
#8091 = CIRCLE('',#8092,1.6);
#8092 = AXIS2_PLACEMENT_3D('',#8093,#8094,#8095);
#8093 = CARTESIAN_POINT('',(119.5,-45.5,1.51));
#8094 = DIRECTION('',(-0.,0.,-1.));
#8095 = DIRECTION('',(-0.,-1.,0.));
#8096 = PLANE('',#8097);
#8097 = AXIS2_PLACEMENT_3D('',#8098,#8099,#8100);
#8098 = CARTESIAN_POINT('',(0.,0.,1.51));
#8099 = DIRECTION('',(0.,0.,1.));
#8100 = DIRECTION('',(1.,0.,-0.));
#8101 = ADVANCED_FACE('',(#8102),#8108,.T.);
#8102 = FACE_BOUND('',#8103,.T.);
#8103 = EDGE_LOOP('',(#8104,#8105,#8106,#8107));
#8104 = ORIENTED_EDGE('',*,*,#6993,.T.);
#8105 = ORIENTED_EDGE('',*,*,#7562,.T.);
#8106 = ORIENTED_EDGE('',*,*,#6953,.F.);
#8107 = ORIENTED_EDGE('',*,*,#7017,.F.);
#8108 = PLANE('',#8109);
#8109 = AXIS2_PLACEMENT_3D('',#8110,#8111,#8112);
#8110 = CARTESIAN_POINT('',(34.5,-41.5,0.));
#8111 = DIRECTION('',(0.,1.,0.));
#8112 = DIRECTION('',(1.,0.,0.));
#8113 = ADVANCED_FACE('',(#8114),#8125,.F.);
#8114 = FACE_BOUND('',#8115,.T.);
#8115 = EDGE_LOOP('',(#8116,#8117,#8123,#8124));
#8116 = ORIENTED_EDGE('',*,*,#7026,.T.);
#8117 = ORIENTED_EDGE('',*,*,#8118,.T.);
#8118 = EDGE_CURVE('',#7027,#7572,#8119,.T.);
#8119 = LINE('',#8120,#8121);
#8120 = CARTESIAN_POINT('',(38.5,-86.6,-4.6E-02));
#8121 = VECTOR('',#8122,1.);
#8122 = DIRECTION('',(0.,0.,1.));
#8123 = ORIENTED_EDGE('',*,*,#7571,.F.);
#8124 = ORIENTED_EDGE('',*,*,#8118,.F.);
#8125 = CYLINDRICAL_SURFACE('',#8126,1.6);
#8126 = AXIS2_PLACEMENT_3D('',#8127,#8128,#8129);
#8127 = CARTESIAN_POINT('',(38.5,-85.,-4.6E-02));
#8128 = DIRECTION('',(-0.,-0.,-1.));
#8129 = DIRECTION('',(-0.,-1.,0.));
#8130 = ADVANCED_FACE('',(#8131),#8142,.F.);
#8131 = FACE_BOUND('',#8132,.T.);
#8132 = EDGE_LOOP('',(#8133,#8134,#8140,#8141));
#8133 = ORIENTED_EDGE('',*,*,#7037,.T.);
#8134 = ORIENTED_EDGE('',*,*,#8135,.T.);
#8135 = EDGE_CURVE('',#7038,#7583,#8136,.T.);
#8136 = LINE('',#8137,#8138);
#8137 = CARTESIAN_POINT('',(45.42,-73.35,-4.6E-02));
#8138 = VECTOR('',#8139,1.);
#8139 = DIRECTION('',(0.,0.,1.));
#8140 = ORIENTED_EDGE('',*,*,#7582,.F.);
#8141 = ORIENTED_EDGE('',*,*,#8135,.F.);
#8142 = CYLINDRICAL_SURFACE('',#8143,0.85);
#8143 = AXIS2_PLACEMENT_3D('',#8144,#8145,#8146);
#8144 = CARTESIAN_POINT('',(45.42,-72.5,-4.6E-02));
#8145 = DIRECTION('',(-0.,-0.,-1.));
#8146 = DIRECTION('',(-0.,-1.,0.));
#8147 = ADVANCED_FACE('',(#8148),#8159,.F.);
#8148 = FACE_BOUND('',#8149,.T.);
#8149 = EDGE_LOOP('',(#8150,#8151,#8157,#8158));
#8150 = ORIENTED_EDGE('',*,*,#7048,.T.);
#8151 = ORIENTED_EDGE('',*,*,#8152,.T.);
#8152 = EDGE_CURVE('',#7049,#7594,#8153,.T.);
#8153 = LINE('',#8154,#8155);
#8154 = CARTESIAN_POINT('',(50.5,-74.5,-4.6E-02));
#8155 = VECTOR('',#8156,1.);
#8156 = DIRECTION('',(0.,0.,1.));
#8157 = ORIENTED_EDGE('',*,*,#7593,.F.);
#8158 = ORIENTED_EDGE('',*,*,#8152,.F.);
#8159 = CYLINDRICAL_SURFACE('',#8160,2.);
#8160 = AXIS2_PLACEMENT_3D('',#8161,#8162,#8163);
#8161 = CARTESIAN_POINT('',(50.5,-72.5,-4.6E-02));
#8162 = DIRECTION('',(-0.,-0.,-1.));
#8163 = DIRECTION('',(-0.,-1.,0.));
#8164 = ADVANCED_FACE('',(#8165),#8176,.F.);
#8165 = FACE_BOUND('',#8166,.T.);
#8166 = EDGE_LOOP('',(#8167,#8168,#8174,#8175));
#8167 = ORIENTED_EDGE('',*,*,#7059,.T.);
#8168 = ORIENTED_EDGE('',*,*,#8169,.T.);
#8169 = EDGE_CURVE('',#7060,#7605,#8170,.T.);
#8170 = LINE('',#8171,#8172);
#8171 = CARTESIAN_POINT('',(55.58,-73.35,-4.6E-02));
#8172 = VECTOR('',#8173,1.);
#8173 = DIRECTION('',(0.,0.,1.));
#8174 = ORIENTED_EDGE('',*,*,#7604,.F.);
#8175 = ORIENTED_EDGE('',*,*,#8169,.F.);
#8176 = CYLINDRICAL_SURFACE('',#8177,0.85);
#8177 = AXIS2_PLACEMENT_3D('',#8178,#8179,#8180);
#8178 = CARTESIAN_POINT('',(55.58,-72.5,-4.6E-02));
#8179 = DIRECTION('',(-0.,-0.,-1.));
#8180 = DIRECTION('',(-0.,-1.,0.));
#8181 = ADVANCED_FACE('',(#8182),#8193,.F.);
#8182 = FACE_BOUND('',#8183,.T.);
#8183 = EDGE_LOOP('',(#8184,#8185,#8191,#8192));
#8184 = ORIENTED_EDGE('',*,*,#7070,.T.);
#8185 = ORIENTED_EDGE('',*,*,#8186,.T.);
#8186 = EDGE_CURVE('',#7071,#7616,#8187,.T.);
#8187 = LINE('',#8188,#8189);
#8188 = CARTESIAN_POINT('',(46.69,-70.71,-4.6E-02));
#8189 = VECTOR('',#8190,1.);
#8190 = DIRECTION('',(0.,0.,1.));
#8191 = ORIENTED_EDGE('',*,*,#7615,.F.);
#8192 = ORIENTED_EDGE('',*,*,#8186,.F.);
#8193 = CYLINDRICAL_SURFACE('',#8194,0.75);
#8194 = AXIS2_PLACEMENT_3D('',#8195,#8196,#8197);
#8195 = CARTESIAN_POINT('',(46.69,-69.96,-4.6E-02));
#8196 = DIRECTION('',(-0.,-0.,-1.));
#8197 = DIRECTION('',(-0.,-1.,0.));
#8198 = ADVANCED_FACE('',(#8199),#8210,.F.);
#8199 = FACE_BOUND('',#8200,.T.);
#8200 = EDGE_LOOP('',(#8201,#8202,#8208,#8209));
#8201 = ORIENTED_EDGE('',*,*,#7081,.T.);
#8202 = ORIENTED_EDGE('',*,*,#8203,.T.);
#8203 = EDGE_CURVE('',#7082,#7627,#8204,.T.);
#8204 = LINE('',#8205,#8206);
#8205 = CARTESIAN_POINT('',(53.04,-68.17,-4.6E-02));
#8206 = VECTOR('',#8207,1.);
#8207 = DIRECTION('',(0.,0.,1.));
#8208 = ORIENTED_EDGE('',*,*,#7626,.F.);
#8209 = ORIENTED_EDGE('',*,*,#8203,.F.);
#8210 = CYLINDRICAL_SURFACE('',#8211,0.75);
#8211 = AXIS2_PLACEMENT_3D('',#8212,#8213,#8214);
#8212 = CARTESIAN_POINT('',(53.04,-67.42,-4.6E-02));
#8213 = DIRECTION('',(-0.,-0.,-1.));
#8214 = DIRECTION('',(-0.,-1.,0.));
#8215 = ADVANCED_FACE('',(#8216),#8227,.F.);
#8216 = FACE_BOUND('',#8217,.T.);
#8217 = EDGE_LOOP('',(#8218,#8219,#8225,#8226));
#8218 = ORIENTED_EDGE('',*,*,#7092,.T.);
#8219 = ORIENTED_EDGE('',*,*,#8220,.T.);
#8220 = EDGE_CURVE('',#7093,#7638,#8221,.T.);
#8221 = LINE('',#8222,#8223);
#8222 = CARTESIAN_POINT('',(64.71,-73.39,-4.6E-02));
#8223 = VECTOR('',#8224,1.);
#8224 = DIRECTION('',(0.,0.,1.));
#8225 = ORIENTED_EDGE('',*,*,#7637,.F.);
#8226 = ORIENTED_EDGE('',*,*,#8220,.F.);
#8227 = CYLINDRICAL_SURFACE('',#8228,0.85);
#8228 = AXIS2_PLACEMENT_3D('',#8229,#8230,#8231);
#8229 = CARTESIAN_POINT('',(64.71,-72.54,-4.6E-02));
#8230 = DIRECTION('',(-0.,-0.,-1.));
#8231 = DIRECTION('',(-1.671865260612E-14,-1.,0.));
#8232 = ADVANCED_FACE('',(#8233),#8244,.F.);
#8233 = FACE_BOUND('',#8234,.T.);
#8234 = EDGE_LOOP('',(#8235,#8236,#8242,#8243));
#8235 = ORIENTED_EDGE('',*,*,#7103,.T.);
#8236 = ORIENTED_EDGE('',*,*,#8237,.T.);
#8237 = EDGE_CURVE('',#7104,#7649,#8238,.T.);
#8238 = LINE('',#8239,#8240);
#8239 = CARTESIAN_POINT('',(69.79,-74.54,-4.6E-02));
#8240 = VECTOR('',#8241,1.);
#8241 = DIRECTION('',(0.,0.,1.));
#8242 = ORIENTED_EDGE('',*,*,#7648,.F.);
#8243 = ORIENTED_EDGE('',*,*,#8237,.F.);
#8244 = CYLINDRICAL_SURFACE('',#8245,2.);
#8245 = AXIS2_PLACEMENT_3D('',#8246,#8247,#8248);
#8246 = CARTESIAN_POINT('',(69.79,-72.54,-4.6E-02));
#8247 = DIRECTION('',(-0.,-0.,-1.));
#8248 = DIRECTION('',(-0.,-1.,0.));
#8249 = ADVANCED_FACE('',(#8250),#8261,.F.);
#8250 = FACE_BOUND('',#8251,.T.);
#8251 = EDGE_LOOP('',(#8252,#8253,#8259,#8260));
#8252 = ORIENTED_EDGE('',*,*,#7114,.T.);
#8253 = ORIENTED_EDGE('',*,*,#8254,.T.);
#8254 = EDGE_CURVE('',#7115,#7660,#8255,.T.);
#8255 = LINE('',#8256,#8257);
#8256 = CARTESIAN_POINT('',(74.87,-73.39,-4.6E-02));
#8257 = VECTOR('',#8258,1.);
#8258 = DIRECTION('',(0.,0.,1.));
#8259 = ORIENTED_EDGE('',*,*,#7659,.F.);
#8260 = ORIENTED_EDGE('',*,*,#8254,.F.);
#8261 = CYLINDRICAL_SURFACE('',#8262,0.85);
#8262 = AXIS2_PLACEMENT_3D('',#8263,#8264,#8265);
#8263 = CARTESIAN_POINT('',(74.87,-72.54,-4.6E-02));
#8264 = DIRECTION('',(-0.,-0.,-1.));
#8265 = DIRECTION('',(-0.,-1.,0.));
#8266 = ADVANCED_FACE('',(#8267),#8278,.F.);
#8267 = FACE_BOUND('',#8268,.T.);
#8268 = EDGE_LOOP('',(#8269,#8270,#8276,#8277));
#8269 = ORIENTED_EDGE('',*,*,#7125,.T.);
#8270 = ORIENTED_EDGE('',*,*,#8271,.T.);
#8271 = EDGE_CURVE('',#7126,#7671,#8272,.T.);
#8272 = LINE('',#8273,#8274);
#8273 = CARTESIAN_POINT('',(65.98,-70.75,-4.6E-02));
#8274 = VECTOR('',#8275,1.);
#8275 = DIRECTION('',(0.,0.,1.));
#8276 = ORIENTED_EDGE('',*,*,#7670,.F.);
#8277 = ORIENTED_EDGE('',*,*,#8271,.F.);
#8278 = CYLINDRICAL_SURFACE('',#8279,0.75);
#8279 = AXIS2_PLACEMENT_3D('',#8280,#8281,#8282);
#8280 = CARTESIAN_POINT('',(65.98,-70.,-4.6E-02));
#8281 = DIRECTION('',(-0.,-0.,-1.));
#8282 = DIRECTION('',(-0.,-1.,0.));
#8283 = ADVANCED_FACE('',(#8284),#8295,.F.);
#8284 = FACE_BOUND('',#8285,.T.);
#8285 = EDGE_LOOP('',(#8286,#8287,#8293,#8294));
#8286 = ORIENTED_EDGE('',*,*,#7136,.T.);
#8287 = ORIENTED_EDGE('',*,*,#8288,.T.);
#8288 = EDGE_CURVE('',#7137,#7682,#8289,.T.);
#8289 = LINE('',#8290,#8291);
#8290 = CARTESIAN_POINT('',(72.33,-68.21,-4.6E-02));
#8291 = VECTOR('',#8292,1.);
#8292 = DIRECTION('',(0.,0.,1.));
#8293 = ORIENTED_EDGE('',*,*,#7681,.F.);
#8294 = ORIENTED_EDGE('',*,*,#8288,.F.);
#8295 = CYLINDRICAL_SURFACE('',#8296,0.75);
#8296 = AXIS2_PLACEMENT_3D('',#8297,#8298,#8299);
#8297 = CARTESIAN_POINT('',(72.33,-67.46,-4.6E-02));
#8298 = DIRECTION('',(-0.,-0.,-1.));
#8299 = DIRECTION('',(-0.,-1.,0.));
#8300 = ADVANCED_FACE('',(#8301),#8312,.F.);
#8301 = FACE_BOUND('',#8302,.T.);
#8302 = EDGE_LOOP('',(#8303,#8304,#8310,#8311));
#8303 = ORIENTED_EDGE('',*,*,#7147,.T.);
#8304 = ORIENTED_EDGE('',*,*,#8305,.T.);
#8305 = EDGE_CURVE('',#7148,#7693,#8306,.T.);
#8306 = LINE('',#8307,#8308);
#8307 = CARTESIAN_POINT('',(119.,-86.6,-4.6E-02));
#8308 = VECTOR('',#8309,1.);
#8309 = DIRECTION('',(0.,0.,1.));
#8310 = ORIENTED_EDGE('',*,*,#7692,.F.);
#8311 = ORIENTED_EDGE('',*,*,#8305,.F.);
#8312 = CYLINDRICAL_SURFACE('',#8313,1.6);
#8313 = AXIS2_PLACEMENT_3D('',#8314,#8315,#8316);
#8314 = CARTESIAN_POINT('',(119.,-85.,-4.6E-02));
#8315 = DIRECTION('',(-0.,-0.,-1.));
#8316 = DIRECTION('',(-0.,-1.,0.));
#8317 = ADVANCED_FACE('',(#8318),#8329,.F.);
#8318 = FACE_BOUND('',#8319,.T.);
#8319 = EDGE_LOOP('',(#8320,#8321,#8327,#8328));
#8320 = ORIENTED_EDGE('',*,*,#7158,.T.);
#8321 = ORIENTED_EDGE('',*,*,#8322,.T.);
#8322 = EDGE_CURVE('',#7159,#7704,#8323,.T.);
#8323 = LINE('',#8324,#8325);
#8324 = CARTESIAN_POINT('',(83.88,-73.39,-4.6E-02));
#8325 = VECTOR('',#8326,1.);
#8326 = DIRECTION('',(0.,0.,1.));
#8327 = ORIENTED_EDGE('',*,*,#7703,.F.);
#8328 = ORIENTED_EDGE('',*,*,#8322,.F.);
#8329 = CYLINDRICAL_SURFACE('',#8330,0.85);
#8330 = AXIS2_PLACEMENT_3D('',#8331,#8332,#8333);
#8331 = CARTESIAN_POINT('',(83.88,-72.54,-4.6E-02));
#8332 = DIRECTION('',(-0.,-0.,-1.));
#8333 = DIRECTION('',(-0.,-1.,0.));
#8334 = ADVANCED_FACE('',(#8335),#8346,.F.);
#8335 = FACE_BOUND('',#8336,.T.);
#8336 = EDGE_LOOP('',(#8337,#8338,#8344,#8345));
#8337 = ORIENTED_EDGE('',*,*,#7169,.T.);
#8338 = ORIENTED_EDGE('',*,*,#8339,.T.);
#8339 = EDGE_CURVE('',#7170,#7715,#8340,.T.);
#8340 = LINE('',#8341,#8342);
#8341 = CARTESIAN_POINT('',(88.96,-74.54,-4.6E-02));
#8342 = VECTOR('',#8343,1.);
#8343 = DIRECTION('',(0.,0.,1.));
#8344 = ORIENTED_EDGE('',*,*,#7714,.F.);
#8345 = ORIENTED_EDGE('',*,*,#8339,.F.);
#8346 = CYLINDRICAL_SURFACE('',#8347,2.);
#8347 = AXIS2_PLACEMENT_3D('',#8348,#8349,#8350);
#8348 = CARTESIAN_POINT('',(88.96,-72.54,-4.6E-02));
#8349 = DIRECTION('',(-0.,-0.,-1.));
#8350 = DIRECTION('',(-0.,-1.,0.));
#8351 = ADVANCED_FACE('',(#8352),#8363,.F.);
#8352 = FACE_BOUND('',#8353,.T.);
#8353 = EDGE_LOOP('',(#8354,#8355,#8361,#8362));
#8354 = ORIENTED_EDGE('',*,*,#7180,.T.);
#8355 = ORIENTED_EDGE('',*,*,#8356,.T.);
#8356 = EDGE_CURVE('',#7181,#7726,#8357,.T.);
#8357 = LINE('',#8358,#8359);
#8358 = CARTESIAN_POINT('',(94.04,-73.39,-4.6E-02));
#8359 = VECTOR('',#8360,1.);
#8360 = DIRECTION('',(0.,0.,1.));
#8361 = ORIENTED_EDGE('',*,*,#7725,.F.);
#8362 = ORIENTED_EDGE('',*,*,#8356,.F.);
#8363 = CYLINDRICAL_SURFACE('',#8364,0.85);
#8364 = AXIS2_PLACEMENT_3D('',#8365,#8366,#8367);
#8365 = CARTESIAN_POINT('',(94.04,-72.54,-4.6E-02));
#8366 = DIRECTION('',(-0.,0.,-1.));
#8367 = DIRECTION('',(1.671865260612E-14,-1.,-0.));
#8368 = ADVANCED_FACE('',(#8369),#8380,.F.);
#8369 = FACE_BOUND('',#8370,.T.);
#8370 = EDGE_LOOP('',(#8371,#8372,#8378,#8379));
#8371 = ORIENTED_EDGE('',*,*,#7191,.T.);
#8372 = ORIENTED_EDGE('',*,*,#8373,.T.);
#8373 = EDGE_CURVE('',#7192,#7737,#8374,.T.);
#8374 = LINE('',#8375,#8376);
#8375 = CARTESIAN_POINT('',(85.15,-70.75,-4.6E-02));
#8376 = VECTOR('',#8377,1.);
#8377 = DIRECTION('',(0.,0.,1.));
#8378 = ORIENTED_EDGE('',*,*,#7736,.F.);
#8379 = ORIENTED_EDGE('',*,*,#8373,.F.);
#8380 = CYLINDRICAL_SURFACE('',#8381,0.75);
#8381 = AXIS2_PLACEMENT_3D('',#8382,#8383,#8384);
#8382 = CARTESIAN_POINT('',(85.15,-70.,-4.6E-02));
#8383 = DIRECTION('',(-0.,-0.,-1.));
#8384 = DIRECTION('',(-0.,-1.,0.));
#8385 = ADVANCED_FACE('',(#8386),#8397,.F.);
#8386 = FACE_BOUND('',#8387,.T.);
#8387 = EDGE_LOOP('',(#8388,#8389,#8395,#8396));
#8388 = ORIENTED_EDGE('',*,*,#7202,.T.);
#8389 = ORIENTED_EDGE('',*,*,#8390,.T.);
#8390 = EDGE_CURVE('',#7203,#7748,#8391,.T.);
#8391 = LINE('',#8392,#8393);
#8392 = CARTESIAN_POINT('',(91.5,-68.21,-4.6E-02));
#8393 = VECTOR('',#8394,1.);
#8394 = DIRECTION('',(0.,0.,1.));
#8395 = ORIENTED_EDGE('',*,*,#7747,.F.);
#8396 = ORIENTED_EDGE('',*,*,#8390,.F.);
#8397 = CYLINDRICAL_SURFACE('',#8398,0.75);
#8398 = AXIS2_PLACEMENT_3D('',#8399,#8400,#8401);
#8399 = CARTESIAN_POINT('',(91.5,-67.46,-4.6E-02));
#8400 = DIRECTION('',(-0.,-0.,-1.));
#8401 = DIRECTION('',(-0.,-1.,0.));
#8402 = ADVANCED_FACE('',(#8403),#8414,.F.);
#8403 = FACE_BOUND('',#8404,.T.);
#8404 = EDGE_LOOP('',(#8405,#8406,#8412,#8413));
#8405 = ORIENTED_EDGE('',*,*,#7213,.T.);
#8406 = ORIENTED_EDGE('',*,*,#8407,.T.);
#8407 = EDGE_CURVE('',#7214,#7759,#8408,.T.);
#8408 = LINE('',#8409,#8410);
#8409 = CARTESIAN_POINT('',(102.73,-73.39,-4.6E-02));
#8410 = VECTOR('',#8411,1.);
#8411 = DIRECTION('',(0.,0.,1.));
#8412 = ORIENTED_EDGE('',*,*,#7758,.F.);
#8413 = ORIENTED_EDGE('',*,*,#8407,.F.);
#8414 = CYLINDRICAL_SURFACE('',#8415,0.85);
#8415 = AXIS2_PLACEMENT_3D('',#8416,#8417,#8418);
#8416 = CARTESIAN_POINT('',(102.73,-72.54,-4.6E-02));
#8417 = DIRECTION('',(-0.,0.,-1.));
#8418 = DIRECTION('',(1.671865260612E-14,-1.,-0.));
#8419 = ADVANCED_FACE('',(#8420),#8431,.F.);
#8420 = FACE_BOUND('',#8421,.T.);
#8421 = EDGE_LOOP('',(#8422,#8423,#8429,#8430));
#8422 = ORIENTED_EDGE('',*,*,#7224,.T.);
#8423 = ORIENTED_EDGE('',*,*,#8424,.T.);
#8424 = EDGE_CURVE('',#7225,#7770,#8425,.T.);
#8425 = LINE('',#8426,#8427);
#8426 = CARTESIAN_POINT('',(107.81,-74.54,-4.6E-02));
#8427 = VECTOR('',#8428,1.);
#8428 = DIRECTION('',(0.,0.,1.));
#8429 = ORIENTED_EDGE('',*,*,#7769,.F.);
#8430 = ORIENTED_EDGE('',*,*,#8424,.F.);
#8431 = CYLINDRICAL_SURFACE('',#8432,2.);
#8432 = AXIS2_PLACEMENT_3D('',#8433,#8434,#8435);
#8433 = CARTESIAN_POINT('',(107.81,-72.54,-4.6E-02));
#8434 = DIRECTION('',(-0.,-0.,-1.));
#8435 = DIRECTION('',(-0.,-1.,0.));
#8436 = ADVANCED_FACE('',(#8437),#8448,.F.);
#8437 = FACE_BOUND('',#8438,.T.);
#8438 = EDGE_LOOP('',(#8439,#8440,#8446,#8447));
#8439 = ORIENTED_EDGE('',*,*,#7235,.T.);
#8440 = ORIENTED_EDGE('',*,*,#8441,.T.);
#8441 = EDGE_CURVE('',#7236,#7781,#8442,.T.);
#8442 = LINE('',#8443,#8444);
#8443 = CARTESIAN_POINT('',(112.89,-73.39,-4.6E-02));
#8444 = VECTOR('',#8445,1.);
#8445 = DIRECTION('',(0.,0.,1.));
#8446 = ORIENTED_EDGE('',*,*,#7780,.F.);
#8447 = ORIENTED_EDGE('',*,*,#8441,.F.);
#8448 = CYLINDRICAL_SURFACE('',#8449,0.85);
#8449 = AXIS2_PLACEMENT_3D('',#8450,#8451,#8452);
#8450 = CARTESIAN_POINT('',(112.89,-72.54,-4.6E-02));
#8451 = DIRECTION('',(-0.,-0.,-1.));
#8452 = DIRECTION('',(-0.,-1.,0.));
#8453 = ADVANCED_FACE('',(#8454),#8465,.F.);
#8454 = FACE_BOUND('',#8455,.T.);
#8455 = EDGE_LOOP('',(#8456,#8457,#8463,#8464));
#8456 = ORIENTED_EDGE('',*,*,#7246,.T.);
#8457 = ORIENTED_EDGE('',*,*,#8458,.T.);
#8458 = EDGE_CURVE('',#7247,#7792,#8459,.T.);
#8459 = LINE('',#8460,#8461);
#8460 = CARTESIAN_POINT('',(104.,-70.75,-4.6E-02));
#8461 = VECTOR('',#8462,1.);
#8462 = DIRECTION('',(0.,0.,1.));
#8463 = ORIENTED_EDGE('',*,*,#7791,.F.);
#8464 = ORIENTED_EDGE('',*,*,#8458,.F.);
#8465 = CYLINDRICAL_SURFACE('',#8466,0.75);
#8466 = AXIS2_PLACEMENT_3D('',#8467,#8468,#8469);
#8467 = CARTESIAN_POINT('',(104.,-70.,-4.6E-02));
#8468 = DIRECTION('',(-0.,-0.,-1.));
#8469 = DIRECTION('',(-0.,-1.,0.));
#8470 = ADVANCED_FACE('',(#8471),#8482,.F.);
#8471 = FACE_BOUND('',#8472,.T.);
#8472 = EDGE_LOOP('',(#8473,#8474,#8480,#8481));
#8473 = ORIENTED_EDGE('',*,*,#7257,.T.);
#8474 = ORIENTED_EDGE('',*,*,#8475,.T.);
#8475 = EDGE_CURVE('',#7258,#7803,#8476,.T.);
#8476 = LINE('',#8477,#8478);
#8477 = CARTESIAN_POINT('',(110.35,-68.21,-4.6E-02));
#8478 = VECTOR('',#8479,1.);
#8479 = DIRECTION('',(0.,0.,1.));
#8480 = ORIENTED_EDGE('',*,*,#7802,.F.);
#8481 = ORIENTED_EDGE('',*,*,#8475,.F.);
#8482 = CYLINDRICAL_SURFACE('',#8483,0.75);
#8483 = AXIS2_PLACEMENT_3D('',#8484,#8485,#8486);
#8484 = CARTESIAN_POINT('',(110.35,-67.46,-4.6E-02));
#8485 = DIRECTION('',(-0.,-0.,-1.));
#8486 = DIRECTION('',(-0.,-1.,0.));
#8487 = ADVANCED_FACE('',(#8488),#8499,.F.);
#8488 = FACE_BOUND('',#8489,.T.);
#8489 = EDGE_LOOP('',(#8490,#8491,#8497,#8498));
#8490 = ORIENTED_EDGE('',*,*,#7268,.T.);
#8491 = ORIENTED_EDGE('',*,*,#8492,.T.);
#8492 = EDGE_CURVE('',#7269,#7814,#8493,.T.);
#8493 = LINE('',#8494,#8495);
#8494 = CARTESIAN_POINT('',(46.34,-58.,-4.6E-02));
#8495 = VECTOR('',#8496,1.);
#8496 = DIRECTION('',(0.,0.,1.));
#8497 = ORIENTED_EDGE('',*,*,#7813,.F.);
#8498 = ORIENTED_EDGE('',*,*,#8492,.F.);
#8499 = CYLINDRICAL_SURFACE('',#8500,0.5);
#8500 = AXIS2_PLACEMENT_3D('',#8501,#8502,#8503);
#8501 = CARTESIAN_POINT('',(46.34,-57.5,-4.6E-02));
#8502 = DIRECTION('',(-0.,-0.,-1.));
#8503 = DIRECTION('',(-0.,-1.,0.));
#8504 = ADVANCED_FACE('',(#8505),#8516,.F.);
#8505 = FACE_BOUND('',#8506,.T.);
#8506 = EDGE_LOOP('',(#8507,#8508,#8514,#8515));
#8507 = ORIENTED_EDGE('',*,*,#7279,.T.);
#8508 = ORIENTED_EDGE('',*,*,#8509,.T.);
#8509 = EDGE_CURVE('',#7280,#7825,#8510,.T.);
#8510 = LINE('',#8511,#8512);
#8511 = CARTESIAN_POINT('',(48.88,-58.,-4.6E-02));
#8512 = VECTOR('',#8513,1.);
#8513 = DIRECTION('',(0.,0.,1.));
#8514 = ORIENTED_EDGE('',*,*,#7824,.F.);
#8515 = ORIENTED_EDGE('',*,*,#8509,.F.);
#8516 = CYLINDRICAL_SURFACE('',#8517,0.5);
#8517 = AXIS2_PLACEMENT_3D('',#8518,#8519,#8520);
#8518 = CARTESIAN_POINT('',(48.88,-57.5,-4.6E-02));
#8519 = DIRECTION('',(-0.,-0.,-1.));
#8520 = DIRECTION('',(-0.,-1.,0.));
#8521 = ADVANCED_FACE('',(#8522),#8533,.F.);
#8522 = FACE_BOUND('',#8523,.T.);
#8523 = EDGE_LOOP('',(#8524,#8525,#8531,#8532));
#8524 = ORIENTED_EDGE('',*,*,#7290,.T.);
#8525 = ORIENTED_EDGE('',*,*,#8526,.T.);
#8526 = EDGE_CURVE('',#7291,#7836,#8527,.T.);
#8527 = LINE('',#8528,#8529);
#8528 = CARTESIAN_POINT('',(51.42,-58.,-4.6E-02));
#8529 = VECTOR('',#8530,1.);
#8530 = DIRECTION('',(0.,0.,1.));
#8531 = ORIENTED_EDGE('',*,*,#7835,.F.);
#8532 = ORIENTED_EDGE('',*,*,#8526,.F.);
#8533 = CYLINDRICAL_SURFACE('',#8534,0.5);
#8534 = AXIS2_PLACEMENT_3D('',#8535,#8536,#8537);
#8535 = CARTESIAN_POINT('',(51.42,-57.5,-4.6E-02));
#8536 = DIRECTION('',(-0.,-0.,-1.));
#8537 = DIRECTION('',(-0.,-1.,0.));
#8538 = ADVANCED_FACE('',(#8539),#8550,.F.);
#8539 = FACE_BOUND('',#8540,.T.);
#8540 = EDGE_LOOP('',(#8541,#8542,#8548,#8549));
#8541 = ORIENTED_EDGE('',*,*,#7301,.T.);
#8542 = ORIENTED_EDGE('',*,*,#8543,.T.);
#8543 = EDGE_CURVE('',#7302,#7847,#8544,.T.);
#8544 = LINE('',#8545,#8546);
#8545 = CARTESIAN_POINT('',(53.96,-58.,-4.6E-02));
#8546 = VECTOR('',#8547,1.);
#8547 = DIRECTION('',(0.,0.,1.));
#8548 = ORIENTED_EDGE('',*,*,#7846,.F.);
#8549 = ORIENTED_EDGE('',*,*,#8543,.F.);
#8550 = CYLINDRICAL_SURFACE('',#8551,0.5);
#8551 = AXIS2_PLACEMENT_3D('',#8552,#8553,#8554);
#8552 = CARTESIAN_POINT('',(53.96,-57.5,-4.6E-02));
#8553 = DIRECTION('',(-0.,-0.,-1.));
#8554 = DIRECTION('',(-0.,-1.,0.));
#8555 = ADVANCED_FACE('',(#8556),#8567,.F.);
#8556 = FACE_BOUND('',#8557,.T.);
#8557 = EDGE_LOOP('',(#8558,#8559,#8565,#8566));
#8558 = ORIENTED_EDGE('',*,*,#7312,.T.);
#8559 = ORIENTED_EDGE('',*,*,#8560,.T.);
#8560 = EDGE_CURVE('',#7313,#7858,#8561,.T.);
#8561 = LINE('',#8562,#8563);
#8562 = CARTESIAN_POINT('',(56.5,-58.,-4.6E-02));
#8563 = VECTOR('',#8564,1.);
#8564 = DIRECTION('',(0.,0.,1.));
#8565 = ORIENTED_EDGE('',*,*,#7857,.F.);
#8566 = ORIENTED_EDGE('',*,*,#8560,.F.);
#8567 = CYLINDRICAL_SURFACE('',#8568,0.5);
#8568 = AXIS2_PLACEMENT_3D('',#8569,#8570,#8571);
#8569 = CARTESIAN_POINT('',(56.5,-57.5,-4.6E-02));
#8570 = DIRECTION('',(-0.,-0.,-1.));
#8571 = DIRECTION('',(-0.,-1.,0.));
#8572 = ADVANCED_FACE('',(#8573),#8584,.F.);
#8573 = FACE_BOUND('',#8574,.T.);
#8574 = EDGE_LOOP('',(#8575,#8576,#8582,#8583));
#8575 = ORIENTED_EDGE('',*,*,#7323,.T.);
#8576 = ORIENTED_EDGE('',*,*,#8577,.T.);
#8577 = EDGE_CURVE('',#7324,#7869,#8578,.T.);
#8578 = LINE('',#8579,#8580);
#8579 = CARTESIAN_POINT('',(71.88,-60.5645,-4.6E-02));
#8580 = VECTOR('',#8581,1.);
#8581 = DIRECTION('',(0.,0.,1.));
#8582 = ORIENTED_EDGE('',*,*,#7868,.F.);
#8583 = ORIENTED_EDGE('',*,*,#8577,.F.);
#8584 = CYLINDRICAL_SURFACE('',#8585,0.4445);
#8585 = AXIS2_PLACEMENT_3D('',#8586,#8587,#8588);
#8586 = CARTESIAN_POINT('',(71.88,-60.12,-4.6E-02));
#8587 = DIRECTION('',(-0.,-0.,-1.));
#8588 = DIRECTION('',(-0.,-1.,0.));
#8589 = ADVANCED_FACE('',(#8590),#8601,.F.);
#8590 = FACE_BOUND('',#8591,.T.);
#8591 = EDGE_LOOP('',(#8592,#8593,#8599,#8600));
#8592 = ORIENTED_EDGE('',*,*,#7334,.T.);
#8593 = ORIENTED_EDGE('',*,*,#8594,.T.);
#8594 = EDGE_CURVE('',#7335,#7880,#8595,.T.);
#8595 = LINE('',#8596,#8597);
#8596 = CARTESIAN_POINT('',(59.04,-58.,-4.6E-02));
#8597 = VECTOR('',#8598,1.);
#8598 = DIRECTION('',(0.,0.,1.));
#8599 = ORIENTED_EDGE('',*,*,#7879,.F.);
#8600 = ORIENTED_EDGE('',*,*,#8594,.F.);
#8601 = CYLINDRICAL_SURFACE('',#8602,0.5);
#8602 = AXIS2_PLACEMENT_3D('',#8603,#8604,#8605);
#8603 = CARTESIAN_POINT('',(59.04,-57.5,-4.6E-02));
#8604 = DIRECTION('',(-0.,-0.,-1.));
#8605 = DIRECTION('',(-0.,-1.,0.));
#8606 = ADVANCED_FACE('',(#8607),#8618,.F.);
#8607 = FACE_BOUND('',#8608,.T.);
#8608 = EDGE_LOOP('',(#8609,#8610,#8616,#8617));
#8609 = ORIENTED_EDGE('',*,*,#7345,.T.);
#8610 = ORIENTED_EDGE('',*,*,#8611,.T.);
#8611 = EDGE_CURVE('',#7346,#7891,#8612,.T.);
#8612 = LINE('',#8613,#8614);
#8613 = CARTESIAN_POINT('',(61.58,-58.,-4.6E-02));
#8614 = VECTOR('',#8615,1.);
#8615 = DIRECTION('',(0.,0.,1.));
#8616 = ORIENTED_EDGE('',*,*,#7890,.F.);
#8617 = ORIENTED_EDGE('',*,*,#8611,.F.);
#8618 = CYLINDRICAL_SURFACE('',#8619,0.5);
#8619 = AXIS2_PLACEMENT_3D('',#8620,#8621,#8622);
#8620 = CARTESIAN_POINT('',(61.58,-57.5,-4.6E-02));
#8621 = DIRECTION('',(-0.,-0.,-1.));
#8622 = DIRECTION('',(-0.,-1.,0.));
#8623 = ADVANCED_FACE('',(#8624),#8635,.F.);
#8624 = FACE_BOUND('',#8625,.T.);
#8625 = EDGE_LOOP('',(#8626,#8627,#8633,#8634));
#8626 = ORIENTED_EDGE('',*,*,#7356,.T.);
#8627 = ORIENTED_EDGE('',*,*,#8628,.T.);
#8628 = EDGE_CURVE('',#7357,#7902,#8629,.T.);
#8629 = LINE('',#8630,#8631);
#8630 = CARTESIAN_POINT('',(64.12,-58.,-4.6E-02));
#8631 = VECTOR('',#8632,1.);
#8632 = DIRECTION('',(0.,0.,1.));
#8633 = ORIENTED_EDGE('',*,*,#7901,.F.);
#8634 = ORIENTED_EDGE('',*,*,#8628,.F.);
#8635 = CYLINDRICAL_SURFACE('',#8636,0.5);
#8636 = AXIS2_PLACEMENT_3D('',#8637,#8638,#8639);
#8637 = CARTESIAN_POINT('',(64.12,-57.5,-4.6E-02));
#8638 = DIRECTION('',(-0.,-0.,-1.));
#8639 = DIRECTION('',(-0.,-1.,0.));
#8640 = ADVANCED_FACE('',(#8641),#8652,.F.);
#8641 = FACE_BOUND('',#8642,.T.);
#8642 = EDGE_LOOP('',(#8643,#8644,#8650,#8651));
#8643 = ORIENTED_EDGE('',*,*,#7367,.T.);
#8644 = ORIENTED_EDGE('',*,*,#8645,.T.);
#8645 = EDGE_CURVE('',#7368,#7913,#8646,.T.);
#8646 = LINE('',#8647,#8648);
#8647 = CARTESIAN_POINT('',(71.88,-58.0245,-4.6E-02));
#8648 = VECTOR('',#8649,1.);
#8649 = DIRECTION('',(0.,0.,1.));
#8650 = ORIENTED_EDGE('',*,*,#7912,.F.);
#8651 = ORIENTED_EDGE('',*,*,#8645,.F.);
#8652 = CYLINDRICAL_SURFACE('',#8653,0.4445);
#8653 = AXIS2_PLACEMENT_3D('',#8654,#8655,#8656);
#8654 = CARTESIAN_POINT('',(71.88,-57.58,-4.6E-02));
#8655 = DIRECTION('',(-0.,-0.,-1.));
#8656 = DIRECTION('',(-0.,-1.,0.));
#8657 = ADVANCED_FACE('',(#8658),#8669,.F.);
#8658 = FACE_BOUND('',#8659,.T.);
#8659 = EDGE_LOOP('',(#8660,#8661,#8667,#8668));
#8660 = ORIENTED_EDGE('',*,*,#7378,.T.);
#8661 = ORIENTED_EDGE('',*,*,#8662,.T.);
#8662 = EDGE_CURVE('',#7379,#7924,#8663,.T.);
#8663 = LINE('',#8664,#8665);
#8664 = CARTESIAN_POINT('',(71.88,-55.4845,-4.6E-02));
#8665 = VECTOR('',#8666,1.);
#8666 = DIRECTION('',(0.,0.,1.));
#8667 = ORIENTED_EDGE('',*,*,#7923,.F.);
#8668 = ORIENTED_EDGE('',*,*,#8662,.F.);
#8669 = CYLINDRICAL_SURFACE('',#8670,0.4445);
#8670 = AXIS2_PLACEMENT_3D('',#8671,#8672,#8673);
#8671 = CARTESIAN_POINT('',(71.88,-55.04,-4.6E-02));
#8672 = DIRECTION('',(-0.,-0.,-1.));
#8673 = DIRECTION('',(-0.,-1.,0.));
#8674 = ADVANCED_FACE('',(#8675),#8686,.F.);
#8675 = FACE_BOUND('',#8676,.T.);
#8676 = EDGE_LOOP('',(#8677,#8678,#8684,#8685));
#8677 = ORIENTED_EDGE('',*,*,#7389,.T.);
#8678 = ORIENTED_EDGE('',*,*,#8679,.T.);
#8679 = EDGE_CURVE('',#7390,#7935,#8680,.T.);
#8680 = LINE('',#8681,#8682);
#8681 = CARTESIAN_POINT('',(39.,-46.6,-4.6E-02));
#8682 = VECTOR('',#8683,1.);
#8683 = DIRECTION('',(0.,0.,1.));
#8684 = ORIENTED_EDGE('',*,*,#7934,.F.);
#8685 = ORIENTED_EDGE('',*,*,#8679,.F.);
#8686 = CYLINDRICAL_SURFACE('',#8687,1.6);
#8687 = AXIS2_PLACEMENT_3D('',#8688,#8689,#8690);
#8688 = CARTESIAN_POINT('',(39.,-45.,-4.6E-02));
#8689 = DIRECTION('',(-0.,-0.,-1.));
#8690 = DIRECTION('',(-0.,-1.,0.));
#8691 = ADVANCED_FACE('',(#8692),#8703,.F.);
#8692 = FACE_BOUND('',#8693,.T.);
#8693 = EDGE_LOOP('',(#8694,#8695,#8701,#8702));
#8694 = ORIENTED_EDGE('',*,*,#7400,.T.);
#8695 = ORIENTED_EDGE('',*,*,#8696,.T.);
#8696 = EDGE_CURVE('',#7401,#7946,#8697,.T.);
#8697 = LINE('',#8698,#8699);
#8698 = CARTESIAN_POINT('',(71.88,-52.9445,-4.6E-02));
#8699 = VECTOR('',#8700,1.);
#8700 = DIRECTION('',(0.,0.,1.));
#8701 = ORIENTED_EDGE('',*,*,#7945,.F.);
#8702 = ORIENTED_EDGE('',*,*,#8696,.F.);
#8703 = CYLINDRICAL_SURFACE('',#8704,0.4445);
#8704 = AXIS2_PLACEMENT_3D('',#8705,#8706,#8707);
#8705 = CARTESIAN_POINT('',(71.88,-52.5,-4.6E-02));
#8706 = DIRECTION('',(-0.,-0.,-1.));
#8707 = DIRECTION('',(-0.,-1.,0.));
#8708 = ADVANCED_FACE('',(#8709),#8720,.F.);
#8709 = FACE_BOUND('',#8710,.T.);
#8710 = EDGE_LOOP('',(#8711,#8712,#8718,#8719));
#8711 = ORIENTED_EDGE('',*,*,#7411,.T.);
#8712 = ORIENTED_EDGE('',*,*,#8713,.T.);
#8713 = EDGE_CURVE('',#7412,#7957,#8714,.T.);
#8714 = LINE('',#8715,#8716);
#8715 = CARTESIAN_POINT('',(71.88,-50.4045,-4.6E-02));
#8716 = VECTOR('',#8717,1.);
#8717 = DIRECTION('',(0.,0.,1.));
#8718 = ORIENTED_EDGE('',*,*,#7956,.F.);
#8719 = ORIENTED_EDGE('',*,*,#8713,.F.);
#8720 = CYLINDRICAL_SURFACE('',#8721,0.4445);
#8721 = AXIS2_PLACEMENT_3D('',#8722,#8723,#8724);
#8722 = CARTESIAN_POINT('',(71.88,-49.96,-4.6E-02));
#8723 = DIRECTION('',(-0.,-0.,-1.));
#8724 = DIRECTION('',(-0.,-1.,0.));
#8725 = ADVANCED_FACE('',(#8726),#8737,.F.);
#8726 = FACE_BOUND('',#8727,.T.);
#8727 = EDGE_LOOP('',(#8728,#8729,#8735,#8736));
#8728 = ORIENTED_EDGE('',*,*,#7422,.T.);
#8729 = ORIENTED_EDGE('',*,*,#8730,.T.);
#8730 = EDGE_CURVE('',#7423,#7968,#8731,.T.);
#8731 = LINE('',#8732,#8733);
#8732 = CARTESIAN_POINT('',(71.88,-47.8645,-4.6E-02));
#8733 = VECTOR('',#8734,1.);
#8734 = DIRECTION('',(0.,0.,1.));
#8735 = ORIENTED_EDGE('',*,*,#7967,.F.);
#8736 = ORIENTED_EDGE('',*,*,#8730,.F.);
#8737 = CYLINDRICAL_SURFACE('',#8738,0.4445);
#8738 = AXIS2_PLACEMENT_3D('',#8739,#8740,#8741);
#8739 = CARTESIAN_POINT('',(71.88,-47.42,-4.6E-02));
#8740 = DIRECTION('',(-0.,-0.,-1.));
#8741 = DIRECTION('',(-0.,-1.,0.));
#8742 = ADVANCED_FACE('',(#8743),#8754,.F.);
#8743 = FACE_BOUND('',#8744,.T.);
#8744 = EDGE_LOOP('',(#8745,#8746,#8752,#8753));
#8745 = ORIENTED_EDGE('',*,*,#7433,.T.);
#8746 = ORIENTED_EDGE('',*,*,#8747,.T.);
#8747 = EDGE_CURVE('',#7434,#7979,#8748,.T.);
#8748 = LINE('',#8749,#8750);
#8749 = CARTESIAN_POINT('',(71.88,-45.3245,-4.6E-02));
#8750 = VECTOR('',#8751,1.);
#8751 = DIRECTION('',(0.,0.,1.));
#8752 = ORIENTED_EDGE('',*,*,#7978,.F.);
#8753 = ORIENTED_EDGE('',*,*,#8747,.F.);
#8754 = CYLINDRICAL_SURFACE('',#8755,0.4445);
#8755 = AXIS2_PLACEMENT_3D('',#8756,#8757,#8758);
#8756 = CARTESIAN_POINT('',(71.88,-44.88,-4.6E-02));
#8757 = DIRECTION('',(-0.,-0.,-1.));
#8758 = DIRECTION('',(-0.,-1.,0.));
#8759 = ADVANCED_FACE('',(#8760),#8771,.F.);
#8760 = FACE_BOUND('',#8761,.T.);
#8761 = EDGE_LOOP('',(#8762,#8763,#8769,#8770));
#8762 = ORIENTED_EDGE('',*,*,#7444,.T.);
#8763 = ORIENTED_EDGE('',*,*,#8764,.T.);
#8764 = EDGE_CURVE('',#7445,#7990,#8765,.T.);
#8765 = LINE('',#8766,#8767);
#8766 = CARTESIAN_POINT('',(87.12,-60.5645,-4.6E-02));
#8767 = VECTOR('',#8768,1.);
#8768 = DIRECTION('',(0.,0.,1.));
#8769 = ORIENTED_EDGE('',*,*,#7989,.F.);
#8770 = ORIENTED_EDGE('',*,*,#8764,.F.);
#8771 = CYLINDRICAL_SURFACE('',#8772,0.4445);
#8772 = AXIS2_PLACEMENT_3D('',#8773,#8774,#8775);
#8773 = CARTESIAN_POINT('',(87.12,-60.12,-4.6E-02));
#8774 = DIRECTION('',(-0.,-0.,-1.));
#8775 = DIRECTION('',(-0.,-1.,0.));
#8776 = ADVANCED_FACE('',(#8777),#8788,.F.);
#8777 = FACE_BOUND('',#8778,.T.);
#8778 = EDGE_LOOP('',(#8779,#8780,#8786,#8787));
#8779 = ORIENTED_EDGE('',*,*,#7455,.T.);
#8780 = ORIENTED_EDGE('',*,*,#8781,.T.);
#8781 = EDGE_CURVE('',#7456,#8001,#8782,.T.);
#8782 = LINE('',#8783,#8784);
#8783 = CARTESIAN_POINT('',(87.12,-58.0245,-4.6E-02));
#8784 = VECTOR('',#8785,1.);
#8785 = DIRECTION('',(0.,0.,1.));
#8786 = ORIENTED_EDGE('',*,*,#8000,.F.);
#8787 = ORIENTED_EDGE('',*,*,#8781,.F.);
#8788 = CYLINDRICAL_SURFACE('',#8789,0.4445);
#8789 = AXIS2_PLACEMENT_3D('',#8790,#8791,#8792);
#8790 = CARTESIAN_POINT('',(87.12,-57.58,-4.6E-02));
#8791 = DIRECTION('',(-0.,-0.,-1.));
#8792 = DIRECTION('',(-0.,-1.,0.));
#8793 = ADVANCED_FACE('',(#8794),#8805,.F.);
#8794 = FACE_BOUND('',#8795,.T.);
#8795 = EDGE_LOOP('',(#8796,#8797,#8803,#8804));
#8796 = ORIENTED_EDGE('',*,*,#7466,.T.);
#8797 = ORIENTED_EDGE('',*,*,#8798,.T.);
#8798 = EDGE_CURVE('',#7467,#8012,#8799,.T.);
#8799 = LINE('',#8800,#8801);
#8800 = CARTESIAN_POINT('',(87.12,-55.4845,-4.6E-02));
#8801 = VECTOR('',#8802,1.);
#8802 = DIRECTION('',(0.,0.,1.));
#8803 = ORIENTED_EDGE('',*,*,#8011,.F.);
#8804 = ORIENTED_EDGE('',*,*,#8798,.F.);
#8805 = CYLINDRICAL_SURFACE('',#8806,0.4445);
#8806 = AXIS2_PLACEMENT_3D('',#8807,#8808,#8809);
#8807 = CARTESIAN_POINT('',(87.12,-55.04,-4.6E-02));
#8808 = DIRECTION('',(-0.,-0.,-1.));
#8809 = DIRECTION('',(-0.,-1.,0.));
#8810 = ADVANCED_FACE('',(#8811),#8822,.F.);
#8811 = FACE_BOUND('',#8812,.T.);
#8812 = EDGE_LOOP('',(#8813,#8814,#8820,#8821));
#8813 = ORIENTED_EDGE('',*,*,#7477,.T.);
#8814 = ORIENTED_EDGE('',*,*,#8815,.T.);
#8815 = EDGE_CURVE('',#7478,#8023,#8816,.T.);
#8816 = LINE('',#8817,#8818);
#8817 = CARTESIAN_POINT('',(110.5,-60.3,-4.6E-02));
#8818 = VECTOR('',#8819,1.);
#8819 = DIRECTION('',(0.,0.,1.));
#8820 = ORIENTED_EDGE('',*,*,#8022,.F.);
#8821 = ORIENTED_EDGE('',*,*,#8815,.F.);
#8822 = CYLINDRICAL_SURFACE('',#8823,0.5);
#8823 = AXIS2_PLACEMENT_3D('',#8824,#8825,#8826);
#8824 = CARTESIAN_POINT('',(110.5,-59.8,-4.6E-02));
#8825 = DIRECTION('',(-0.,-0.,-1.));
#8826 = DIRECTION('',(-0.,-1.,0.));
#8827 = ADVANCED_FACE('',(#8828),#8839,.F.);
#8828 = FACE_BOUND('',#8829,.T.);
#8829 = EDGE_LOOP('',(#8830,#8831,#8837,#8838));
#8830 = ORIENTED_EDGE('',*,*,#7488,.T.);
#8831 = ORIENTED_EDGE('',*,*,#8832,.T.);
#8832 = EDGE_CURVE('',#7489,#8034,#8833,.T.);
#8833 = LINE('',#8834,#8835);
#8834 = CARTESIAN_POINT('',(87.12,-52.9445,-4.6E-02));
#8835 = VECTOR('',#8836,1.);
#8836 = DIRECTION('',(0.,0.,1.));
#8837 = ORIENTED_EDGE('',*,*,#8033,.F.);
#8838 = ORIENTED_EDGE('',*,*,#8832,.F.);
#8839 = CYLINDRICAL_SURFACE('',#8840,0.4445);
#8840 = AXIS2_PLACEMENT_3D('',#8841,#8842,#8843);
#8841 = CARTESIAN_POINT('',(87.12,-52.5,-4.6E-02));
#8842 = DIRECTION('',(-0.,-0.,-1.));
#8843 = DIRECTION('',(-0.,-1.,0.));
#8844 = ADVANCED_FACE('',(#8845),#8856,.F.);
#8845 = FACE_BOUND('',#8846,.T.);
#8846 = EDGE_LOOP('',(#8847,#8848,#8854,#8855));
#8847 = ORIENTED_EDGE('',*,*,#7499,.T.);
#8848 = ORIENTED_EDGE('',*,*,#8849,.T.);
#8849 = EDGE_CURVE('',#7500,#8045,#8850,.T.);
#8850 = LINE('',#8851,#8852);
#8851 = CARTESIAN_POINT('',(87.12,-50.4045,-4.6E-02));
#8852 = VECTOR('',#8853,1.);
#8853 = DIRECTION('',(0.,0.,1.));
#8854 = ORIENTED_EDGE('',*,*,#8044,.F.);
#8855 = ORIENTED_EDGE('',*,*,#8849,.F.);
#8856 = CYLINDRICAL_SURFACE('',#8857,0.4445);
#8857 = AXIS2_PLACEMENT_3D('',#8858,#8859,#8860);
#8858 = CARTESIAN_POINT('',(87.12,-49.96,-4.6E-02));
#8859 = DIRECTION('',(-0.,-0.,-1.));
#8860 = DIRECTION('',(-0.,-1.,0.));
#8861 = ADVANCED_FACE('',(#8862),#8873,.F.);
#8862 = FACE_BOUND('',#8863,.T.);
#8863 = EDGE_LOOP('',(#8864,#8865,#8871,#8872));
#8864 = ORIENTED_EDGE('',*,*,#7510,.T.);
#8865 = ORIENTED_EDGE('',*,*,#8866,.T.);
#8866 = EDGE_CURVE('',#7511,#8056,#8867,.T.);
#8867 = LINE('',#8868,#8869);
#8868 = CARTESIAN_POINT('',(87.12,-47.8645,-4.6E-02));
#8869 = VECTOR('',#8870,1.);
#8870 = DIRECTION('',(0.,0.,1.));
#8871 = ORIENTED_EDGE('',*,*,#8055,.F.);
#8872 = ORIENTED_EDGE('',*,*,#8866,.F.);
#8873 = CYLINDRICAL_SURFACE('',#8874,0.4445);
#8874 = AXIS2_PLACEMENT_3D('',#8875,#8876,#8877);
#8875 = CARTESIAN_POINT('',(87.12,-47.42,-4.6E-02));
#8876 = DIRECTION('',(-0.,-0.,-1.));
#8877 = DIRECTION('',(-0.,-1.,0.));
#8878 = ADVANCED_FACE('',(#8879),#8890,.F.);
#8879 = FACE_BOUND('',#8880,.T.);
#8880 = EDGE_LOOP('',(#8881,#8882,#8888,#8889));
#8881 = ORIENTED_EDGE('',*,*,#7521,.T.);
#8882 = ORIENTED_EDGE('',*,*,#8883,.T.);
#8883 = EDGE_CURVE('',#7522,#8067,#8884,.T.);
#8884 = LINE('',#8885,#8886);
#8885 = CARTESIAN_POINT('',(87.12,-45.3245,-4.6E-02));
#8886 = VECTOR('',#8887,1.);
#8887 = DIRECTION('',(0.,0.,1.));
#8888 = ORIENTED_EDGE('',*,*,#8066,.F.);
#8889 = ORIENTED_EDGE('',*,*,#8883,.F.);
#8890 = CYLINDRICAL_SURFACE('',#8891,0.4445);
#8891 = AXIS2_PLACEMENT_3D('',#8892,#8893,#8894);
#8892 = CARTESIAN_POINT('',(87.12,-44.88,-4.6E-02));
#8893 = DIRECTION('',(-0.,-0.,-1.));
#8894 = DIRECTION('',(-0.,-1.,0.));
#8895 = ADVANCED_FACE('',(#8896),#8907,.F.);
#8896 = FACE_BOUND('',#8897,.T.);
#8897 = EDGE_LOOP('',(#8898,#8899,#8905,#8906));
#8898 = ORIENTED_EDGE('',*,*,#7532,.T.);
#8899 = ORIENTED_EDGE('',*,*,#8900,.T.);
#8900 = EDGE_CURVE('',#7533,#8078,#8901,.T.);
#8901 = LINE('',#8902,#8903);
#8902 = CARTESIAN_POINT('',(110.5,-52.7,-4.6E-02));
#8903 = VECTOR('',#8904,1.);
#8904 = DIRECTION('',(0.,0.,1.));
#8905 = ORIENTED_EDGE('',*,*,#8077,.F.);
#8906 = ORIENTED_EDGE('',*,*,#8900,.F.);
#8907 = CYLINDRICAL_SURFACE('',#8908,0.5);
#8908 = AXIS2_PLACEMENT_3D('',#8909,#8910,#8911);
#8909 = CARTESIAN_POINT('',(110.5,-52.2,-4.6E-02));
#8910 = DIRECTION('',(-0.,-0.,-1.));
#8911 = DIRECTION('',(-0.,-1.,0.));
#8912 = ADVANCED_FACE('',(#8913),#8924,.F.);
#8913 = FACE_BOUND('',#8914,.T.);
#8914 = EDGE_LOOP('',(#8915,#8916,#8922,#8923));
#8915 = ORIENTED_EDGE('',*,*,#7543,.T.);
#8916 = ORIENTED_EDGE('',*,*,#8917,.T.);
#8917 = EDGE_CURVE('',#7544,#8089,#8918,.T.);
#8918 = LINE('',#8919,#8920);
#8919 = CARTESIAN_POINT('',(119.5,-47.1,-4.6E-02));
#8920 = VECTOR('',#8921,1.);
#8921 = DIRECTION('',(0.,0.,1.));
#8922 = ORIENTED_EDGE('',*,*,#8088,.F.);
#8923 = ORIENTED_EDGE('',*,*,#8917,.F.);
#8924 = CYLINDRICAL_SURFACE('',#8925,1.6);
#8925 = AXIS2_PLACEMENT_3D('',#8926,#8927,#8928);
#8926 = CARTESIAN_POINT('',(119.5,-45.5,-4.6E-02));
#8927 = DIRECTION('',(-0.,-0.,-1.));
#8928 = DIRECTION('',(-0.,-1.,0.));
#8929 = ( GEOMETRIC_REPRESENTATION_CONTEXT(3) 
GLOBAL_UNCERTAINTY_ASSIGNED_CONTEXT((#8933)) 
GLOBAL_UNIT_ASSIGNED_CONTEXT((#8930,#8931,#8932)) REPRESENTATION_CONTEXT
('Context #1','3D Context with UNIT and UNCERTAINTY') );
#8930 = ( LENGTH_UNIT() NAMED_UNIT(*) SI_UNIT(.MILLI.,.METRE.) );
#8931 = ( NAMED_UNIT(*) PLANE_ANGLE_UNIT() SI_UNIT($,.RADIAN.) );
#8932 = ( NAMED_UNIT(*) SI_UNIT($,.STERADIAN.) SOLID_ANGLE_UNIT() );
#8933 = UNCERTAINTY_MEASURE_WITH_UNIT(LENGTH_MEASURE(1.E-07),#8930,
  'distance_accuracy_value','confusion accuracy');
#8934 = CONTEXT_DEPENDENT_SHAPE_REPRESENTATION(#8935,#8937);
#8935 = ( REPRESENTATION_RELATIONSHIP('','',#6906,#10) 
REPRESENTATION_RELATIONSHIP_WITH_TRANSFORMATION(#8936) 
SHAPE_REPRESENTATION_RELATIONSHIP() );
#8936 = ITEM_DEFINED_TRANSFORMATION('','',#11,#23);
#8937 = PRODUCT_DEFINITION_SHAPE('Placement','Placement of an item',
  #8938);
#8938 = NEXT_ASSEMBLY_USAGE_OCCURRENCE('5','=>[0:1:1:6]','',#5,#6901,$);
#8939 = PRODUCT_RELATED_PRODUCT_CATEGORY('part',$,(#6903));
#8940 = MECHANICAL_DESIGN_GEOMETRIC_PRESENTATION_REPRESENTATION('',(
    #8941),#8929);
#8941 = STYLED_ITEM('color',(#8942),#6907);
#8942 = PRESENTATION_STYLE_ASSIGNMENT((#8943));
#8943 = SURFACE_STYLE_USAGE(.BOTH.,#8944);
#8944 = SURFACE_SIDE_STYLE('',(#8945));
#8945 = SURFACE_STYLE_FILL_AREA(#8946);
#8946 = FILL_AREA_STYLE('',(#8947));
#8947 = FILL_AREA_STYLE_COLOUR('',#8948);
#8948 = COLOUR_RGB('',0.313304153717,0.484529207832,0.410020903123);
#8949 = MECHANICAL_DESIGN_GEOMETRIC_PRESENTATION_REPRESENTATION('',(
    #8950,#8958,#8965,#8972,#8979,#8986,#8994,#9001,#9008,#9015,#9022,
    #9030,#9037),#6888);
#8950 = STYLED_ITEM('color',(#8951),#6598);
#8951 = PRESENTATION_STYLE_ASSIGNMENT((#8952));
#8952 = SURFACE_STYLE_USAGE(.BOTH.,#8953);
#8953 = SURFACE_SIDE_STYLE('',(#8954));
#8954 = SURFACE_STYLE_FILL_AREA(#8955);
#8955 = FILL_AREA_STYLE('',(#8956));
#8956 = FILL_AREA_STYLE_COLOUR('',#8957);
#8957 = COLOUR_RGB('',0.147999998088,0.145000001626,0.145000001626);
#8958 = STYLED_ITEM('color',(#8959),#6631);
#8959 = PRESENTATION_STYLE_ASSIGNMENT((#8960));
#8960 = SURFACE_STYLE_USAGE(.BOTH.,#8961);
#8961 = SURFACE_SIDE_STYLE('',(#8962));
#8962 = SURFACE_STYLE_FILL_AREA(#8963);
#8963 = FILL_AREA_STYLE('',(#8964));
#8964 = FILL_AREA_STYLE_COLOUR('',#8957);
#8965 = STYLED_ITEM('color',(#8966),#6657);
#8966 = PRESENTATION_STYLE_ASSIGNMENT((#8967));
#8967 = SURFACE_STYLE_USAGE(.BOTH.,#8968);
#8968 = SURFACE_SIDE_STYLE('',(#8969));
#8969 = SURFACE_STYLE_FILL_AREA(#8970);
#8970 = FILL_AREA_STYLE('',(#8971));
#8971 = FILL_AREA_STYLE_COLOUR('',#8957);
#8972 = STYLED_ITEM('color',(#8973),#6683);
#8973 = PRESENTATION_STYLE_ASSIGNMENT((#8974));
#8974 = SURFACE_STYLE_USAGE(.BOTH.,#8975);
#8975 = SURFACE_SIDE_STYLE('',(#8976));
#8976 = SURFACE_STYLE_FILL_AREA(#8977);
#8977 = FILL_AREA_STYLE('',(#8978));
#8978 = FILL_AREA_STYLE_COLOUR('',#8957);
#8979 = STYLED_ITEM('color',(#8980),#6714);
#8980 = PRESENTATION_STYLE_ASSIGNMENT((#8981));
#8981 = SURFACE_STYLE_USAGE(.BOTH.,#8982);
#8982 = SURFACE_SIDE_STYLE('',(#8983));
#8983 = SURFACE_STYLE_FILL_AREA(#8984);
#8984 = FILL_AREA_STYLE('',(#8985));
#8985 = FILL_AREA_STYLE_COLOUR('',#8957);
#8986 = STYLED_ITEM('color',(#8987),#6734);
#8987 = PRESENTATION_STYLE_ASSIGNMENT((#8988));
#8988 = SURFACE_STYLE_USAGE(.BOTH.,#8989);
#8989 = SURFACE_SIDE_STYLE('',(#8990));
#8990 = SURFACE_STYLE_FILL_AREA(#8991);
#8991 = FILL_AREA_STYLE('',(#8992));
#8992 = FILL_AREA_STYLE_COLOUR('',#8993);
#8993 = COLOUR_RGB('',0.823999987314,0.819999987296,0.781000009244);
#8994 = STYLED_ITEM('color',(#8995),#6759);
#8995 = PRESENTATION_STYLE_ASSIGNMENT((#8996));
#8996 = SURFACE_STYLE_USAGE(.BOTH.,#8997);
#8997 = SURFACE_SIDE_STYLE('',(#8998));
#8998 = SURFACE_STYLE_FILL_AREA(#8999);
#8999 = FILL_AREA_STYLE('',(#9000));
#9000 = FILL_AREA_STYLE_COLOUR('',#8993);
#9001 = STYLED_ITEM('color',(#9002),#6784);
#9002 = PRESENTATION_STYLE_ASSIGNMENT((#9003));
#9003 = SURFACE_STYLE_USAGE(.BOTH.,#9004);
#9004 = SURFACE_SIDE_STYLE('',(#9005));
#9005 = SURFACE_STYLE_FILL_AREA(#9006);
#9006 = FILL_AREA_STYLE('',(#9007));
#9007 = FILL_AREA_STYLE_COLOUR('',#8957);
#9008 = STYLED_ITEM('color',(#9009),#6809);
#9009 = PRESENTATION_STYLE_ASSIGNMENT((#9010));
#9010 = SURFACE_STYLE_USAGE(.BOTH.,#9011);
#9011 = SURFACE_SIDE_STYLE('',(#9012));
#9012 = SURFACE_STYLE_FILL_AREA(#9013);
#9013 = FILL_AREA_STYLE('',(#9014));
#9014 = FILL_AREA_STYLE_COLOUR('',#8993);
#9015 = STYLED_ITEM('color',(#9016),#6835);
#9016 = PRESENTATION_STYLE_ASSIGNMENT((#9017));
#9017 = SURFACE_STYLE_USAGE(.BOTH.,#9018);
#9018 = SURFACE_SIDE_STYLE('',(#9019));
#9019 = SURFACE_STYLE_FILL_AREA(#9020);
#9020 = FILL_AREA_STYLE('',(#9021));
#9021 = FILL_AREA_STYLE_COLOUR('',#8993);
#9022 = STYLED_ITEM('color',(#9023),#6861);
#9023 = PRESENTATION_STYLE_ASSIGNMENT((#9024));
#9024 = SURFACE_STYLE_USAGE(.BOTH.,#9025);
#9025 = SURFACE_SIDE_STYLE('',(#9026));
#9026 = SURFACE_STYLE_FILL_AREA(#9027);
#9027 = FILL_AREA_STYLE('',(#9028));
#9028 = FILL_AREA_STYLE_COLOUR('',#9029);
#9029 = COLOUR_RGB('',0.809000013735,0.426000008053,0.147999998088);
#9030 = STYLED_ITEM('color',(#9031),#6870);
#9031 = PRESENTATION_STYLE_ASSIGNMENT((#9032));
#9032 = SURFACE_STYLE_USAGE(.BOTH.,#9033);
#9033 = SURFACE_SIDE_STYLE('',(#9034));
#9034 = SURFACE_STYLE_FILL_AREA(#9035);
#9035 = FILL_AREA_STYLE('',(#9036));
#9036 = FILL_AREA_STYLE_COLOUR('',#8993);
#9037 = STYLED_ITEM('color',(#9038),#6879);
#9038 = PRESENTATION_STYLE_ASSIGNMENT((#9039));
#9039 = SURFACE_STYLE_USAGE(.BOTH.,#9040);
#9040 = SURFACE_SIDE_STYLE('',(#9041));
#9041 = SURFACE_STYLE_FILL_AREA(#9042);
#9042 = FILL_AREA_STYLE('',(#9043));
#9043 = FILL_AREA_STYLE_COLOUR('',#8993);
#9044 = MECHANICAL_DESIGN_GEOMETRIC_PRESENTATION_REPRESENTATION('',(
    #9045,#9054,#9063,#9072,#9081,#9090,#9099,#9108,#9117,#9127,#9136,
    #9145,#9154,#9163,#9172,#9181,#9190,#9199,#9208,#9217,#9226,#9235,
    #9244,#9253,#9262,#9271,#9280,#9289,#9298,#9307,#9316,#9325,#9334,
    #9343,#9352,#9361,#9370,#9379,#9388,#9397,#9406,#9415,#9424,#9433,
    #9442,#9451,#9460,#9469,#9478,#9487,#9496,#9505,#9514,#9523,#9532,
    #9541,#9550,#9559,#9568,#9577,#9586,#9595,#9604,#9613,#9622,#9631,
    #9640,#9649,#9658,#9667,#9676,#9685,#9694,#9703,#9712,#9721,#9730,
    #9739,#9748,#9757,#9766,#9775,#9784,#9793,#9802,#9811,#9820,#9829,
    #9838,#9847,#9856,#9865,#9874,#9883,#9892,#9901,#9910,#9919,#9928,
    #9937,#9946,#9955,#9964,#9973,#9982,#9991,#10000,#10009,#10018,
    #10027,#10036,#10045,#10054,#10063,#10072,#10081,#10090,#10099,
    #10108,#10117,#10126,#10135,#10144,#10153,#10162,#10171,#10180,
    #10189,#10198,#10207,#10216,#10225,#10234,#10243,#10252,#10261,
    #10270,#10279,#10288,#10297,#10306,#10315,#10324,#10333,#10342,
    #10351,#10360,#10369,#10378,#10387,#10396,#10405,#10414,#10423,
    #10432,#10441,#10450,#10459,#10468,#10477,#10486,#10495,#10504,
    #10513,#10522,#10531,#10540,#10549,#10558,#10567,#10576,#10585,
    #10594,#10603,#10612,#10621,#10630,#10639,#10648,#10657,#10666,
    #10675,#10684,#10693,#10702,#10711,#10720,#10729,#10738,#10747,
    #10756,#10765,#10774,#10783,#10792,#10801,#10810,#10819,#10828,
    #10837,#10846,#10855,#10864,#10873,#10882,#10891,#10900,#10909,
    #10918,#10927,#10936,#10945,#10954,#10963,#10972,#10981,#10990,
    #10999,#11008,#11017,#11026,#11035,#11044,#11053,#11062,#11071,
    #11080,#11089,#11098,#11107,#11116,#11125,#11134,#11143,#11152,
    #11161,#11170,#11179,#11188,#11197,#11206,#11215,#11224,#11233,
    #11242,#11251,#11260,#11269,#11278,#11287,#11296,#11305,#11314,
    #11323,#11332,#11341,#11350,#11359,#11368,#11377,#11386,#11395,
    #11404,#11413,#11422,#11431,#11440,#11449,#11458,#11467,#11476,
    #11485,#11494,#11503,#11512,#11521,#11530,#11539,#11548,#11557,
    #11566,#11575),#6554);
#9045 = STYLED_ITEM('color',(#9046),#66);
#9046 = PRESENTATION_STYLE_ASSIGNMENT((#9047,#9052));
#9047 = SURFACE_STYLE_USAGE(.BOTH.,#9048);
#9048 = SURFACE_SIDE_STYLE('',(#9049));
#9049 = SURFACE_STYLE_FILL_AREA(#9050);
#9050 = FILL_AREA_STYLE('',(#9051));
#9051 = FILL_AREA_STYLE_COLOUR('',#8957);
#9052 = CURVE_STYLE('',#9053,POSITIVE_LENGTH_MEASURE(0.1),#8957);
#9053 = DRAUGHTING_PRE_DEFINED_CURVE_FONT('continuous');
#9054 = STYLED_ITEM('color',(#9055),#106);
#9055 = PRESENTATION_STYLE_ASSIGNMENT((#9056,#9061));
#9056 = SURFACE_STYLE_USAGE(.BOTH.,#9057);
#9057 = SURFACE_SIDE_STYLE('',(#9058));
#9058 = SURFACE_STYLE_FILL_AREA(#9059);
#9059 = FILL_AREA_STYLE('',(#9060));
#9060 = FILL_AREA_STYLE_COLOUR('',#8957);
#9061 = CURVE_STYLE('',#9062,POSITIVE_LENGTH_MEASURE(0.1),#8957);
#9062 = DRAUGHTING_PRE_DEFINED_CURVE_FONT('continuous');
#9063 = STYLED_ITEM('color',(#9064),#169);
#9064 = PRESENTATION_STYLE_ASSIGNMENT((#9065,#9070));
#9065 = SURFACE_STYLE_USAGE(.BOTH.,#9066);
#9066 = SURFACE_SIDE_STYLE('',(#9067));
#9067 = SURFACE_STYLE_FILL_AREA(#9068);
#9068 = FILL_AREA_STYLE('',(#9069));
#9069 = FILL_AREA_STYLE_COLOUR('',#8957);
#9070 = CURVE_STYLE('',#9071,POSITIVE_LENGTH_MEASURE(0.1),#8957);
#9071 = DRAUGHTING_PRE_DEFINED_CURVE_FONT('continuous');
#9072 = STYLED_ITEM('color',(#9073),#232);
#9073 = PRESENTATION_STYLE_ASSIGNMENT((#9074,#9079));
#9074 = SURFACE_STYLE_USAGE(.BOTH.,#9075);
#9075 = SURFACE_SIDE_STYLE('',(#9076));
#9076 = SURFACE_STYLE_FILL_AREA(#9077);
#9077 = FILL_AREA_STYLE('',(#9078));
#9078 = FILL_AREA_STYLE_COLOUR('',#8957);
#9079 = CURVE_STYLE('',#9080,POSITIVE_LENGTH_MEASURE(0.1),#8957);
#9080 = DRAUGHTING_PRE_DEFINED_CURVE_FONT('continuous');
#9081 = STYLED_ITEM('color',(#9082),#249);
#9082 = PRESENTATION_STYLE_ASSIGNMENT((#9083,#9088));
#9083 = SURFACE_STYLE_USAGE(.BOTH.,#9084);
#9084 = SURFACE_SIDE_STYLE('',(#9085));
#9085 = SURFACE_STYLE_FILL_AREA(#9086);
#9086 = FILL_AREA_STYLE('',(#9087));
#9087 = FILL_AREA_STYLE_COLOUR('',#8957);
#9088 = CURVE_STYLE('',#9089,POSITIVE_LENGTH_MEASURE(0.1),#8957);
#9089 = DRAUGHTING_PRE_DEFINED_CURVE_FONT('continuous');
#9090 = STYLED_ITEM('color',(#9091),#538);
#9091 = PRESENTATION_STYLE_ASSIGNMENT((#9092,#9097));
#9092 = SURFACE_STYLE_USAGE(.BOTH.,#9093);
#9093 = SURFACE_SIDE_STYLE('',(#9094));
#9094 = SURFACE_STYLE_FILL_AREA(#9095);
#9095 = FILL_AREA_STYLE('',(#9096));
#9096 = FILL_AREA_STYLE_COLOUR('',#8957);
#9097 = CURVE_STYLE('',#9098,POSITIVE_LENGTH_MEASURE(0.1),#8957);
#9098 = DRAUGHTING_PRE_DEFINED_CURVE_FONT('continuous');
#9099 = STYLED_ITEM('color',(#9100),#560);
#9100 = PRESENTATION_STYLE_ASSIGNMENT((#9101,#9106));
#9101 = SURFACE_STYLE_USAGE(.BOTH.,#9102);
#9102 = SURFACE_SIDE_STYLE('',(#9103));
#9103 = SURFACE_STYLE_FILL_AREA(#9104);
#9104 = FILL_AREA_STYLE('',(#9105));
#9105 = FILL_AREA_STYLE_COLOUR('',#8957);
#9106 = CURVE_STYLE('',#9107,POSITIVE_LENGTH_MEASURE(0.1),#8957);
#9107 = DRAUGHTING_PRE_DEFINED_CURVE_FONT('continuous');
#9108 = STYLED_ITEM('color',(#9109),#577);
#9109 = PRESENTATION_STYLE_ASSIGNMENT((#9110,#9115));
#9110 = SURFACE_STYLE_USAGE(.BOTH.,#9111);
#9111 = SURFACE_SIDE_STYLE('',(#9112));
#9112 = SURFACE_STYLE_FILL_AREA(#9113);
#9113 = FILL_AREA_STYLE('',(#9114));
#9114 = FILL_AREA_STYLE_COLOUR('',#8957);
#9115 = CURVE_STYLE('',#9116,POSITIVE_LENGTH_MEASURE(0.1),#8957);
#9116 = DRAUGHTING_PRE_DEFINED_CURVE_FONT('continuous');
#9117 = OVER_RIDING_STYLED_ITEM('overriding color',(#9118),#610,#9108);
#9118 = PRESENTATION_STYLE_ASSIGNMENT((#9119,#9125));
#9119 = SURFACE_STYLE_USAGE(.BOTH.,#9120);
#9120 = SURFACE_SIDE_STYLE('',(#9121));
#9121 = SURFACE_STYLE_FILL_AREA(#9122);
#9122 = FILL_AREA_STYLE('',(#9123));
#9123 = FILL_AREA_STYLE_COLOUR('',#9124);
#9124 = COLOUR_RGB('',0.858999988747,0.738000004258,0.496000005009);
#9125 = CURVE_STYLE('',#9126,POSITIVE_LENGTH_MEASURE(0.1),#9124);
#9126 = DRAUGHTING_PRE_DEFINED_CURVE_FONT('continuous');
#9127 = OVER_RIDING_STYLED_ITEM('overriding color',(#9128),#642,#9108);
#9128 = PRESENTATION_STYLE_ASSIGNMENT((#9129,#9134));
#9129 = SURFACE_STYLE_USAGE(.BOTH.,#9130);
#9130 = SURFACE_SIDE_STYLE('',(#9131));
#9131 = SURFACE_STYLE_FILL_AREA(#9132);
#9132 = FILL_AREA_STYLE('',(#9133));
#9133 = FILL_AREA_STYLE_COLOUR('',#9124);
#9134 = CURVE_STYLE('',#9135,POSITIVE_LENGTH_MEASURE(0.1),#9124);
#9135 = DRAUGHTING_PRE_DEFINED_CURVE_FONT('continuous');
#9136 = OVER_RIDING_STYLED_ITEM('overriding color',(#9137),#676,#9108);
#9137 = PRESENTATION_STYLE_ASSIGNMENT((#9138,#9143));
#9138 = SURFACE_STYLE_USAGE(.BOTH.,#9139);
#9139 = SURFACE_SIDE_STYLE('',(#9140));
#9140 = SURFACE_STYLE_FILL_AREA(#9141);
#9141 = FILL_AREA_STYLE('',(#9142));
#9142 = FILL_AREA_STYLE_COLOUR('',#9124);
#9143 = CURVE_STYLE('',#9144,POSITIVE_LENGTH_MEASURE(0.1),#9124);
#9144 = DRAUGHTING_PRE_DEFINED_CURVE_FONT('continuous');
#9145 = OVER_RIDING_STYLED_ITEM('overriding color',(#9146),#708,#9108);
#9146 = PRESENTATION_STYLE_ASSIGNMENT((#9147,#9152));
#9147 = SURFACE_STYLE_USAGE(.BOTH.,#9148);
#9148 = SURFACE_SIDE_STYLE('',(#9149));
#9149 = SURFACE_STYLE_FILL_AREA(#9150);
#9150 = FILL_AREA_STYLE('',(#9151));
#9151 = FILL_AREA_STYLE_COLOUR('',#9124);
#9152 = CURVE_STYLE('',#9153,POSITIVE_LENGTH_MEASURE(0.1),#9124);
#9153 = DRAUGHTING_PRE_DEFINED_CURVE_FONT('continuous');
#9154 = OVER_RIDING_STYLED_ITEM('overriding color',(#9155),#742,#9108);
#9155 = PRESENTATION_STYLE_ASSIGNMENT((#9156,#9161));
#9156 = SURFACE_STYLE_USAGE(.BOTH.,#9157);
#9157 = SURFACE_SIDE_STYLE('',(#9158));
#9158 = SURFACE_STYLE_FILL_AREA(#9159);
#9159 = FILL_AREA_STYLE('',(#9160));
#9160 = FILL_AREA_STYLE_COLOUR('',#9124);
#9161 = CURVE_STYLE('',#9162,POSITIVE_LENGTH_MEASURE(0.1),#9124);
#9162 = DRAUGHTING_PRE_DEFINED_CURVE_FONT('continuous');
#9163 = OVER_RIDING_STYLED_ITEM('overriding color',(#9164),#774,#9108);
#9164 = PRESENTATION_STYLE_ASSIGNMENT((#9165,#9170));
#9165 = SURFACE_STYLE_USAGE(.BOTH.,#9166);
#9166 = SURFACE_SIDE_STYLE('',(#9167));
#9167 = SURFACE_STYLE_FILL_AREA(#9168);
#9168 = FILL_AREA_STYLE('',(#9169));
#9169 = FILL_AREA_STYLE_COLOUR('',#9124);
#9170 = CURVE_STYLE('',#9171,POSITIVE_LENGTH_MEASURE(0.1),#9124);
#9171 = DRAUGHTING_PRE_DEFINED_CURVE_FONT('continuous');
#9172 = OVER_RIDING_STYLED_ITEM('overriding color',(#9173),#808,#9108);
#9173 = PRESENTATION_STYLE_ASSIGNMENT((#9174,#9179));
#9174 = SURFACE_STYLE_USAGE(.BOTH.,#9175);
#9175 = SURFACE_SIDE_STYLE('',(#9176));
#9176 = SURFACE_STYLE_FILL_AREA(#9177);
#9177 = FILL_AREA_STYLE('',(#9178));
#9178 = FILL_AREA_STYLE_COLOUR('',#9124);
#9179 = CURVE_STYLE('',#9180,POSITIVE_LENGTH_MEASURE(0.1),#9124);
#9180 = DRAUGHTING_PRE_DEFINED_CURVE_FONT('continuous');
#9181 = OVER_RIDING_STYLED_ITEM('overriding color',(#9182),#840,#9108);
#9182 = PRESENTATION_STYLE_ASSIGNMENT((#9183,#9188));
#9183 = SURFACE_STYLE_USAGE(.BOTH.,#9184);
#9184 = SURFACE_SIDE_STYLE('',(#9185));
#9185 = SURFACE_STYLE_FILL_AREA(#9186);
#9186 = FILL_AREA_STYLE('',(#9187));
#9187 = FILL_AREA_STYLE_COLOUR('',#9124);
#9188 = CURVE_STYLE('',#9189,POSITIVE_LENGTH_MEASURE(0.1),#9124);
#9189 = DRAUGHTING_PRE_DEFINED_CURVE_FONT('continuous');
#9190 = OVER_RIDING_STYLED_ITEM('overriding color',(#9191),#874,#9108);
#9191 = PRESENTATION_STYLE_ASSIGNMENT((#9192,#9197));
#9192 = SURFACE_STYLE_USAGE(.BOTH.,#9193);
#9193 = SURFACE_SIDE_STYLE('',(#9194));
#9194 = SURFACE_STYLE_FILL_AREA(#9195);
#9195 = FILL_AREA_STYLE('',(#9196));
#9196 = FILL_AREA_STYLE_COLOUR('',#9124);
#9197 = CURVE_STYLE('',#9198,POSITIVE_LENGTH_MEASURE(0.1),#9124);
#9198 = DRAUGHTING_PRE_DEFINED_CURVE_FONT('continuous');
#9199 = OVER_RIDING_STYLED_ITEM('overriding color',(#9200),#906,#9108);
#9200 = PRESENTATION_STYLE_ASSIGNMENT((#9201,#9206));
#9201 = SURFACE_STYLE_USAGE(.BOTH.,#9202);
#9202 = SURFACE_SIDE_STYLE('',(#9203));
#9203 = SURFACE_STYLE_FILL_AREA(#9204);
#9204 = FILL_AREA_STYLE('',(#9205));
#9205 = FILL_AREA_STYLE_COLOUR('',#9124);
#9206 = CURVE_STYLE('',#9207,POSITIVE_LENGTH_MEASURE(0.1),#9124);
#9207 = DRAUGHTING_PRE_DEFINED_CURVE_FONT('continuous');
#9208 = OVER_RIDING_STYLED_ITEM('overriding color',(#9209),#940,#9108);
#9209 = PRESENTATION_STYLE_ASSIGNMENT((#9210,#9215));
#9210 = SURFACE_STYLE_USAGE(.BOTH.,#9211);
#9211 = SURFACE_SIDE_STYLE('',(#9212));
#9212 = SURFACE_STYLE_FILL_AREA(#9213);
#9213 = FILL_AREA_STYLE('',(#9214));
#9214 = FILL_AREA_STYLE_COLOUR('',#9124);
#9215 = CURVE_STYLE('',#9216,POSITIVE_LENGTH_MEASURE(0.1),#9124);
#9216 = DRAUGHTING_PRE_DEFINED_CURVE_FONT('continuous');
#9217 = OVER_RIDING_STYLED_ITEM('overriding color',(#9218),#972,#9108);
#9218 = PRESENTATION_STYLE_ASSIGNMENT((#9219,#9224));
#9219 = SURFACE_STYLE_USAGE(.BOTH.,#9220);
#9220 = SURFACE_SIDE_STYLE('',(#9221));
#9221 = SURFACE_STYLE_FILL_AREA(#9222);
#9222 = FILL_AREA_STYLE('',(#9223));
#9223 = FILL_AREA_STYLE_COLOUR('',#9124);
#9224 = CURVE_STYLE('',#9225,POSITIVE_LENGTH_MEASURE(0.1),#9124);
#9225 = DRAUGHTING_PRE_DEFINED_CURVE_FONT('continuous');
#9226 = OVER_RIDING_STYLED_ITEM('overriding color',(#9227),#1006,#9108);
#9227 = PRESENTATION_STYLE_ASSIGNMENT((#9228,#9233));
#9228 = SURFACE_STYLE_USAGE(.BOTH.,#9229);
#9229 = SURFACE_SIDE_STYLE('',(#9230));
#9230 = SURFACE_STYLE_FILL_AREA(#9231);
#9231 = FILL_AREA_STYLE('',(#9232));
#9232 = FILL_AREA_STYLE_COLOUR('',#9124);
#9233 = CURVE_STYLE('',#9234,POSITIVE_LENGTH_MEASURE(0.1),#9124);
#9234 = DRAUGHTING_PRE_DEFINED_CURVE_FONT('continuous');
#9235 = OVER_RIDING_STYLED_ITEM('overriding color',(#9236),#1038,#9108);
#9236 = PRESENTATION_STYLE_ASSIGNMENT((#9237,#9242));
#9237 = SURFACE_STYLE_USAGE(.BOTH.,#9238);
#9238 = SURFACE_SIDE_STYLE('',(#9239));
#9239 = SURFACE_STYLE_FILL_AREA(#9240);
#9240 = FILL_AREA_STYLE('',(#9241));
#9241 = FILL_AREA_STYLE_COLOUR('',#9124);
#9242 = CURVE_STYLE('',#9243,POSITIVE_LENGTH_MEASURE(0.1),#9124);
#9243 = DRAUGHTING_PRE_DEFINED_CURVE_FONT('continuous');
#9244 = OVER_RIDING_STYLED_ITEM('overriding color',(#9245),#1072,#9108);
#9245 = PRESENTATION_STYLE_ASSIGNMENT((#9246,#9251));
#9246 = SURFACE_STYLE_USAGE(.BOTH.,#9247);
#9247 = SURFACE_SIDE_STYLE('',(#9248));
#9248 = SURFACE_STYLE_FILL_AREA(#9249);
#9249 = FILL_AREA_STYLE('',(#9250));
#9250 = FILL_AREA_STYLE_COLOUR('',#9124);
#9251 = CURVE_STYLE('',#9252,POSITIVE_LENGTH_MEASURE(0.1),#9124);
#9252 = DRAUGHTING_PRE_DEFINED_CURVE_FONT('continuous');
#9253 = OVER_RIDING_STYLED_ITEM('overriding color',(#9254),#1104,#9108);
#9254 = PRESENTATION_STYLE_ASSIGNMENT((#9255,#9260));
#9255 = SURFACE_STYLE_USAGE(.BOTH.,#9256);
#9256 = SURFACE_SIDE_STYLE('',(#9257));
#9257 = SURFACE_STYLE_FILL_AREA(#9258);
#9258 = FILL_AREA_STYLE('',(#9259));
#9259 = FILL_AREA_STYLE_COLOUR('',#9124);
#9260 = CURVE_STYLE('',#9261,POSITIVE_LENGTH_MEASURE(0.1),#9124);
#9261 = DRAUGHTING_PRE_DEFINED_CURVE_FONT('continuous');
#9262 = STYLED_ITEM('color',(#9263),#1122);
#9263 = PRESENTATION_STYLE_ASSIGNMENT((#9264,#9269));
#9264 = SURFACE_STYLE_USAGE(.BOTH.,#9265);
#9265 = SURFACE_SIDE_STYLE('',(#9266));
#9266 = SURFACE_STYLE_FILL_AREA(#9267);
#9267 = FILL_AREA_STYLE('',(#9268));
#9268 = FILL_AREA_STYLE_COLOUR('',#8957);
#9269 = CURVE_STYLE('',#9270,POSITIVE_LENGTH_MEASURE(0.1),#8957);
#9270 = DRAUGHTING_PRE_DEFINED_CURVE_FONT('continuous');
#9271 = STYLED_ITEM('color',(#9272),#1134);
#9272 = PRESENTATION_STYLE_ASSIGNMENT((#9273,#9278));
#9273 = SURFACE_STYLE_USAGE(.BOTH.,#9274);
#9274 = SURFACE_SIDE_STYLE('',(#9275));
#9275 = SURFACE_STYLE_FILL_AREA(#9276);
#9276 = FILL_AREA_STYLE('',(#9277));
#9277 = FILL_AREA_STYLE_COLOUR('',#8957);
#9278 = CURVE_STYLE('',#9279,POSITIVE_LENGTH_MEASURE(0.1),#8957);
#9279 = DRAUGHTING_PRE_DEFINED_CURVE_FONT('continuous');
#9280 = STYLED_ITEM('color',(#9281),#1146);
#9281 = PRESENTATION_STYLE_ASSIGNMENT((#9282,#9287));
#9282 = SURFACE_STYLE_USAGE(.BOTH.,#9283);
#9283 = SURFACE_SIDE_STYLE('',(#9284));
#9284 = SURFACE_STYLE_FILL_AREA(#9285);
#9285 = FILL_AREA_STYLE('',(#9286));
#9286 = FILL_AREA_STYLE_COLOUR('',#8957);
#9287 = CURVE_STYLE('',#9288,POSITIVE_LENGTH_MEASURE(0.1),#8957);
#9288 = DRAUGHTING_PRE_DEFINED_CURVE_FONT('continuous');
#9289 = STYLED_ITEM('color',(#9290),#1177);
#9290 = PRESENTATION_STYLE_ASSIGNMENT((#9291,#9296));
#9291 = SURFACE_STYLE_USAGE(.BOTH.,#9292);
#9292 = SURFACE_SIDE_STYLE('',(#9293));
#9293 = SURFACE_STYLE_FILL_AREA(#9294);
#9294 = FILL_AREA_STYLE('',(#9295));
#9295 = FILL_AREA_STYLE_COLOUR('',#8957);
#9296 = CURVE_STYLE('',#9297,POSITIVE_LENGTH_MEASURE(0.1),#8957);
#9297 = DRAUGHTING_PRE_DEFINED_CURVE_FONT('continuous');
#9298 = STYLED_ITEM('color',(#9299),#1201);
#9299 = PRESENTATION_STYLE_ASSIGNMENT((#9300,#9305));
#9300 = SURFACE_STYLE_USAGE(.BOTH.,#9301);
#9301 = SURFACE_SIDE_STYLE('',(#9302));
#9302 = SURFACE_STYLE_FILL_AREA(#9303);
#9303 = FILL_AREA_STYLE('',(#9304));
#9304 = FILL_AREA_STYLE_COLOUR('',#8957);
#9305 = CURVE_STYLE('',#9306,POSITIVE_LENGTH_MEASURE(0.1),#8957);
#9306 = DRAUGHTING_PRE_DEFINED_CURVE_FONT('continuous');
#9307 = STYLED_ITEM('color',(#9308),#1225);
#9308 = PRESENTATION_STYLE_ASSIGNMENT((#9309,#9314));
#9309 = SURFACE_STYLE_USAGE(.BOTH.,#9310);
#9310 = SURFACE_SIDE_STYLE('',(#9311));
#9311 = SURFACE_STYLE_FILL_AREA(#9312);
#9312 = FILL_AREA_STYLE('',(#9313));
#9313 = FILL_AREA_STYLE_COLOUR('',#8957);
#9314 = CURVE_STYLE('',#9315,POSITIVE_LENGTH_MEASURE(0.1),#8957);
#9315 = DRAUGHTING_PRE_DEFINED_CURVE_FONT('continuous');
#9316 = STYLED_ITEM('color',(#9317),#1242);
#9317 = PRESENTATION_STYLE_ASSIGNMENT((#9318,#9323));
#9318 = SURFACE_STYLE_USAGE(.BOTH.,#9319);
#9319 = SURFACE_SIDE_STYLE('',(#9320));
#9320 = SURFACE_STYLE_FILL_AREA(#9321);
#9321 = FILL_AREA_STYLE('',(#9322));
#9322 = FILL_AREA_STYLE_COLOUR('',#8957);
#9323 = CURVE_STYLE('',#9324,POSITIVE_LENGTH_MEASURE(0.1),#8957);
#9324 = DRAUGHTING_PRE_DEFINED_CURVE_FONT('continuous');
#9325 = STYLED_ITEM('color',(#9326),#1273);
#9326 = PRESENTATION_STYLE_ASSIGNMENT((#9327,#9332));
#9327 = SURFACE_STYLE_USAGE(.BOTH.,#9328);
#9328 = SURFACE_SIDE_STYLE('',(#9329));
#9329 = SURFACE_STYLE_FILL_AREA(#9330);
#9330 = FILL_AREA_STYLE('',(#9331));
#9331 = FILL_AREA_STYLE_COLOUR('',#8957);
#9332 = CURVE_STYLE('',#9333,POSITIVE_LENGTH_MEASURE(0.1),#8957);
#9333 = DRAUGHTING_PRE_DEFINED_CURVE_FONT('continuous');
#9334 = STYLED_ITEM('color',(#9335),#1297);
#9335 = PRESENTATION_STYLE_ASSIGNMENT((#9336,#9341));
#9336 = SURFACE_STYLE_USAGE(.BOTH.,#9337);
#9337 = SURFACE_SIDE_STYLE('',(#9338));
#9338 = SURFACE_STYLE_FILL_AREA(#9339);
#9339 = FILL_AREA_STYLE('',(#9340));
#9340 = FILL_AREA_STYLE_COLOUR('',#8957);
#9341 = CURVE_STYLE('',#9342,POSITIVE_LENGTH_MEASURE(0.1),#8957);
#9342 = DRAUGHTING_PRE_DEFINED_CURVE_FONT('continuous');
#9343 = STYLED_ITEM('color',(#9344),#1321);
#9344 = PRESENTATION_STYLE_ASSIGNMENT((#9345,#9350));
#9345 = SURFACE_STYLE_USAGE(.BOTH.,#9346);
#9346 = SURFACE_SIDE_STYLE('',(#9347));
#9347 = SURFACE_STYLE_FILL_AREA(#9348);
#9348 = FILL_AREA_STYLE('',(#9349));
#9349 = FILL_AREA_STYLE_COLOUR('',#8957);
#9350 = CURVE_STYLE('',#9351,POSITIVE_LENGTH_MEASURE(0.1),#8957);
#9351 = DRAUGHTING_PRE_DEFINED_CURVE_FONT('continuous');
#9352 = STYLED_ITEM('color',(#9353),#1338);
#9353 = PRESENTATION_STYLE_ASSIGNMENT((#9354,#9359));
#9354 = SURFACE_STYLE_USAGE(.BOTH.,#9355);
#9355 = SURFACE_SIDE_STYLE('',(#9356));
#9356 = SURFACE_STYLE_FILL_AREA(#9357);
#9357 = FILL_AREA_STYLE('',(#9358));
#9358 = FILL_AREA_STYLE_COLOUR('',#8957);
#9359 = CURVE_STYLE('',#9360,POSITIVE_LENGTH_MEASURE(0.1),#8957);
#9360 = DRAUGHTING_PRE_DEFINED_CURVE_FONT('continuous');
#9361 = STYLED_ITEM('color',(#9362),#1369);
#9362 = PRESENTATION_STYLE_ASSIGNMENT((#9363,#9368));
#9363 = SURFACE_STYLE_USAGE(.BOTH.,#9364);
#9364 = SURFACE_SIDE_STYLE('',(#9365));
#9365 = SURFACE_STYLE_FILL_AREA(#9366);
#9366 = FILL_AREA_STYLE('',(#9367));
#9367 = FILL_AREA_STYLE_COLOUR('',#8957);
#9368 = CURVE_STYLE('',#9369,POSITIVE_LENGTH_MEASURE(0.1),#8957);
#9369 = DRAUGHTING_PRE_DEFINED_CURVE_FONT('continuous');
#9370 = STYLED_ITEM('color',(#9371),#1393);
#9371 = PRESENTATION_STYLE_ASSIGNMENT((#9372,#9377));
#9372 = SURFACE_STYLE_USAGE(.BOTH.,#9373);
#9373 = SURFACE_SIDE_STYLE('',(#9374));
#9374 = SURFACE_STYLE_FILL_AREA(#9375);
#9375 = FILL_AREA_STYLE('',(#9376));
#9376 = FILL_AREA_STYLE_COLOUR('',#8957);
#9377 = CURVE_STYLE('',#9378,POSITIVE_LENGTH_MEASURE(0.1),#8957);
#9378 = DRAUGHTING_PRE_DEFINED_CURVE_FONT('continuous');
#9379 = STYLED_ITEM('color',(#9380),#1417);
#9380 = PRESENTATION_STYLE_ASSIGNMENT((#9381,#9386));
#9381 = SURFACE_STYLE_USAGE(.BOTH.,#9382);
#9382 = SURFACE_SIDE_STYLE('',(#9383));
#9383 = SURFACE_STYLE_FILL_AREA(#9384);
#9384 = FILL_AREA_STYLE('',(#9385));
#9385 = FILL_AREA_STYLE_COLOUR('',#8957);
#9386 = CURVE_STYLE('',#9387,POSITIVE_LENGTH_MEASURE(0.1),#8957);
#9387 = DRAUGHTING_PRE_DEFINED_CURVE_FONT('continuous');
#9388 = STYLED_ITEM('color',(#9389),#1434);
#9389 = PRESENTATION_STYLE_ASSIGNMENT((#9390,#9395));
#9390 = SURFACE_STYLE_USAGE(.BOTH.,#9391);
#9391 = SURFACE_SIDE_STYLE('',(#9392));
#9392 = SURFACE_STYLE_FILL_AREA(#9393);
#9393 = FILL_AREA_STYLE('',(#9394));
#9394 = FILL_AREA_STYLE_COLOUR('',#8957);
#9395 = CURVE_STYLE('',#9396,POSITIVE_LENGTH_MEASURE(0.1),#8957);
#9396 = DRAUGHTING_PRE_DEFINED_CURVE_FONT('continuous');
#9397 = STYLED_ITEM('color',(#9398),#1465);
#9398 = PRESENTATION_STYLE_ASSIGNMENT((#9399,#9404));
#9399 = SURFACE_STYLE_USAGE(.BOTH.,#9400);
#9400 = SURFACE_SIDE_STYLE('',(#9401));
#9401 = SURFACE_STYLE_FILL_AREA(#9402);
#9402 = FILL_AREA_STYLE('',(#9403));
#9403 = FILL_AREA_STYLE_COLOUR('',#8957);
#9404 = CURVE_STYLE('',#9405,POSITIVE_LENGTH_MEASURE(0.1),#8957);
#9405 = DRAUGHTING_PRE_DEFINED_CURVE_FONT('continuous');
#9406 = STYLED_ITEM('color',(#9407),#1489);
#9407 = PRESENTATION_STYLE_ASSIGNMENT((#9408,#9413));
#9408 = SURFACE_STYLE_USAGE(.BOTH.,#9409);
#9409 = SURFACE_SIDE_STYLE('',(#9410));
#9410 = SURFACE_STYLE_FILL_AREA(#9411);
#9411 = FILL_AREA_STYLE('',(#9412));
#9412 = FILL_AREA_STYLE_COLOUR('',#8957);
#9413 = CURVE_STYLE('',#9414,POSITIVE_LENGTH_MEASURE(0.1),#8957);
#9414 = DRAUGHTING_PRE_DEFINED_CURVE_FONT('continuous');
#9415 = STYLED_ITEM('color',(#9416),#1513);
#9416 = PRESENTATION_STYLE_ASSIGNMENT((#9417,#9422));
#9417 = SURFACE_STYLE_USAGE(.BOTH.,#9418);
#9418 = SURFACE_SIDE_STYLE('',(#9419));
#9419 = SURFACE_STYLE_FILL_AREA(#9420);
#9420 = FILL_AREA_STYLE('',(#9421));
#9421 = FILL_AREA_STYLE_COLOUR('',#8957);
#9422 = CURVE_STYLE('',#9423,POSITIVE_LENGTH_MEASURE(0.1),#8957);
#9423 = DRAUGHTING_PRE_DEFINED_CURVE_FONT('continuous');
#9424 = STYLED_ITEM('color',(#9425),#1530);
#9425 = PRESENTATION_STYLE_ASSIGNMENT((#9426,#9431));
#9426 = SURFACE_STYLE_USAGE(.BOTH.,#9427);
#9427 = SURFACE_SIDE_STYLE('',(#9428));
#9428 = SURFACE_STYLE_FILL_AREA(#9429);
#9429 = FILL_AREA_STYLE('',(#9430));
#9430 = FILL_AREA_STYLE_COLOUR('',#8957);
#9431 = CURVE_STYLE('',#9432,POSITIVE_LENGTH_MEASURE(0.1),#8957);
#9432 = DRAUGHTING_PRE_DEFINED_CURVE_FONT('continuous');
#9433 = STYLED_ITEM('color',(#9434),#1561);
#9434 = PRESENTATION_STYLE_ASSIGNMENT((#9435,#9440));
#9435 = SURFACE_STYLE_USAGE(.BOTH.,#9436);
#9436 = SURFACE_SIDE_STYLE('',(#9437));
#9437 = SURFACE_STYLE_FILL_AREA(#9438);
#9438 = FILL_AREA_STYLE('',(#9439));
#9439 = FILL_AREA_STYLE_COLOUR('',#8957);
#9440 = CURVE_STYLE('',#9441,POSITIVE_LENGTH_MEASURE(0.1),#8957);
#9441 = DRAUGHTING_PRE_DEFINED_CURVE_FONT('continuous');
#9442 = STYLED_ITEM('color',(#9443),#1585);
#9443 = PRESENTATION_STYLE_ASSIGNMENT((#9444,#9449));
#9444 = SURFACE_STYLE_USAGE(.BOTH.,#9445);
#9445 = SURFACE_SIDE_STYLE('',(#9446));
#9446 = SURFACE_STYLE_FILL_AREA(#9447);
#9447 = FILL_AREA_STYLE('',(#9448));
#9448 = FILL_AREA_STYLE_COLOUR('',#8957);
#9449 = CURVE_STYLE('',#9450,POSITIVE_LENGTH_MEASURE(0.1),#8957);
#9450 = DRAUGHTING_PRE_DEFINED_CURVE_FONT('continuous');
#9451 = STYLED_ITEM('color',(#9452),#1609);
#9452 = PRESENTATION_STYLE_ASSIGNMENT((#9453,#9458));
#9453 = SURFACE_STYLE_USAGE(.BOTH.,#9454);
#9454 = SURFACE_SIDE_STYLE('',(#9455));
#9455 = SURFACE_STYLE_FILL_AREA(#9456);
#9456 = FILL_AREA_STYLE('',(#9457));
#9457 = FILL_AREA_STYLE_COLOUR('',#8957);
#9458 = CURVE_STYLE('',#9459,POSITIVE_LENGTH_MEASURE(0.1),#8957);
#9459 = DRAUGHTING_PRE_DEFINED_CURVE_FONT('continuous');
#9460 = STYLED_ITEM('color',(#9461),#1626);
#9461 = PRESENTATION_STYLE_ASSIGNMENT((#9462,#9467));
#9462 = SURFACE_STYLE_USAGE(.BOTH.,#9463);
#9463 = SURFACE_SIDE_STYLE('',(#9464));
#9464 = SURFACE_STYLE_FILL_AREA(#9465);
#9465 = FILL_AREA_STYLE('',(#9466));
#9466 = FILL_AREA_STYLE_COLOUR('',#8957);
#9467 = CURVE_STYLE('',#9468,POSITIVE_LENGTH_MEASURE(0.1),#8957);
#9468 = DRAUGHTING_PRE_DEFINED_CURVE_FONT('continuous');
#9469 = STYLED_ITEM('color',(#9470),#1657);
#9470 = PRESENTATION_STYLE_ASSIGNMENT((#9471,#9476));
#9471 = SURFACE_STYLE_USAGE(.BOTH.,#9472);
#9472 = SURFACE_SIDE_STYLE('',(#9473));
#9473 = SURFACE_STYLE_FILL_AREA(#9474);
#9474 = FILL_AREA_STYLE('',(#9475));
#9475 = FILL_AREA_STYLE_COLOUR('',#8957);
#9476 = CURVE_STYLE('',#9477,POSITIVE_LENGTH_MEASURE(0.1),#8957);
#9477 = DRAUGHTING_PRE_DEFINED_CURVE_FONT('continuous');
#9478 = STYLED_ITEM('color',(#9479),#1681);
#9479 = PRESENTATION_STYLE_ASSIGNMENT((#9480,#9485));
#9480 = SURFACE_STYLE_USAGE(.BOTH.,#9481);
#9481 = SURFACE_SIDE_STYLE('',(#9482));
#9482 = SURFACE_STYLE_FILL_AREA(#9483);
#9483 = FILL_AREA_STYLE('',(#9484));
#9484 = FILL_AREA_STYLE_COLOUR('',#8957);
#9485 = CURVE_STYLE('',#9486,POSITIVE_LENGTH_MEASURE(0.1),#8957);
#9486 = DRAUGHTING_PRE_DEFINED_CURVE_FONT('continuous');
#9487 = STYLED_ITEM('color',(#9488),#1705);
#9488 = PRESENTATION_STYLE_ASSIGNMENT((#9489,#9494));
#9489 = SURFACE_STYLE_USAGE(.BOTH.,#9490);
#9490 = SURFACE_SIDE_STYLE('',(#9491));
#9491 = SURFACE_STYLE_FILL_AREA(#9492);
#9492 = FILL_AREA_STYLE('',(#9493));
#9493 = FILL_AREA_STYLE_COLOUR('',#8957);
#9494 = CURVE_STYLE('',#9495,POSITIVE_LENGTH_MEASURE(0.1),#8957);
#9495 = DRAUGHTING_PRE_DEFINED_CURVE_FONT('continuous');
#9496 = STYLED_ITEM('color',(#9497),#1722);
#9497 = PRESENTATION_STYLE_ASSIGNMENT((#9498,#9503));
#9498 = SURFACE_STYLE_USAGE(.BOTH.,#9499);
#9499 = SURFACE_SIDE_STYLE('',(#9500));
#9500 = SURFACE_STYLE_FILL_AREA(#9501);
#9501 = FILL_AREA_STYLE('',(#9502));
#9502 = FILL_AREA_STYLE_COLOUR('',#8957);
#9503 = CURVE_STYLE('',#9504,POSITIVE_LENGTH_MEASURE(0.1),#8957);
#9504 = DRAUGHTING_PRE_DEFINED_CURVE_FONT('continuous');
#9505 = STYLED_ITEM('color',(#9506),#1753);
#9506 = PRESENTATION_STYLE_ASSIGNMENT((#9507,#9512));
#9507 = SURFACE_STYLE_USAGE(.BOTH.,#9508);
#9508 = SURFACE_SIDE_STYLE('',(#9509));
#9509 = SURFACE_STYLE_FILL_AREA(#9510);
#9510 = FILL_AREA_STYLE('',(#9511));
#9511 = FILL_AREA_STYLE_COLOUR('',#8957);
#9512 = CURVE_STYLE('',#9513,POSITIVE_LENGTH_MEASURE(0.1),#8957);
#9513 = DRAUGHTING_PRE_DEFINED_CURVE_FONT('continuous');
#9514 = STYLED_ITEM('color',(#9515),#1777);
#9515 = PRESENTATION_STYLE_ASSIGNMENT((#9516,#9521));
#9516 = SURFACE_STYLE_USAGE(.BOTH.,#9517);
#9517 = SURFACE_SIDE_STYLE('',(#9518));
#9518 = SURFACE_STYLE_FILL_AREA(#9519);
#9519 = FILL_AREA_STYLE('',(#9520));
#9520 = FILL_AREA_STYLE_COLOUR('',#8957);
#9521 = CURVE_STYLE('',#9522,POSITIVE_LENGTH_MEASURE(0.1),#8957);
#9522 = DRAUGHTING_PRE_DEFINED_CURVE_FONT('continuous');
#9523 = STYLED_ITEM('color',(#9524),#1801);
#9524 = PRESENTATION_STYLE_ASSIGNMENT((#9525,#9530));
#9525 = SURFACE_STYLE_USAGE(.BOTH.,#9526);
#9526 = SURFACE_SIDE_STYLE('',(#9527));
#9527 = SURFACE_STYLE_FILL_AREA(#9528);
#9528 = FILL_AREA_STYLE('',(#9529));
#9529 = FILL_AREA_STYLE_COLOUR('',#8957);
#9530 = CURVE_STYLE('',#9531,POSITIVE_LENGTH_MEASURE(0.1),#8957);
#9531 = DRAUGHTING_PRE_DEFINED_CURVE_FONT('continuous');
#9532 = STYLED_ITEM('color',(#9533),#1818);
#9533 = PRESENTATION_STYLE_ASSIGNMENT((#9534,#9539));
#9534 = SURFACE_STYLE_USAGE(.BOTH.,#9535);
#9535 = SURFACE_SIDE_STYLE('',(#9536));
#9536 = SURFACE_STYLE_FILL_AREA(#9537);
#9537 = FILL_AREA_STYLE('',(#9538));
#9538 = FILL_AREA_STYLE_COLOUR('',#8957);
#9539 = CURVE_STYLE('',#9540,POSITIVE_LENGTH_MEASURE(0.1),#8957);
#9540 = DRAUGHTING_PRE_DEFINED_CURVE_FONT('continuous');
#9541 = STYLED_ITEM('color',(#9542),#1849);
#9542 = PRESENTATION_STYLE_ASSIGNMENT((#9543,#9548));
#9543 = SURFACE_STYLE_USAGE(.BOTH.,#9544);
#9544 = SURFACE_SIDE_STYLE('',(#9545));
#9545 = SURFACE_STYLE_FILL_AREA(#9546);
#9546 = FILL_AREA_STYLE('',(#9547));
#9547 = FILL_AREA_STYLE_COLOUR('',#8957);
#9548 = CURVE_STYLE('',#9549,POSITIVE_LENGTH_MEASURE(0.1),#8957);
#9549 = DRAUGHTING_PRE_DEFINED_CURVE_FONT('continuous');
#9550 = STYLED_ITEM('color',(#9551),#1873);
#9551 = PRESENTATION_STYLE_ASSIGNMENT((#9552,#9557));
#9552 = SURFACE_STYLE_USAGE(.BOTH.,#9553);
#9553 = SURFACE_SIDE_STYLE('',(#9554));
#9554 = SURFACE_STYLE_FILL_AREA(#9555);
#9555 = FILL_AREA_STYLE('',(#9556));
#9556 = FILL_AREA_STYLE_COLOUR('',#8957);
#9557 = CURVE_STYLE('',#9558,POSITIVE_LENGTH_MEASURE(0.1),#8957);
#9558 = DRAUGHTING_PRE_DEFINED_CURVE_FONT('continuous');
#9559 = STYLED_ITEM('color',(#9560),#1897);
#9560 = PRESENTATION_STYLE_ASSIGNMENT((#9561,#9566));
#9561 = SURFACE_STYLE_USAGE(.BOTH.,#9562);
#9562 = SURFACE_SIDE_STYLE('',(#9563));
#9563 = SURFACE_STYLE_FILL_AREA(#9564);
#9564 = FILL_AREA_STYLE('',(#9565));
#9565 = FILL_AREA_STYLE_COLOUR('',#8957);
#9566 = CURVE_STYLE('',#9567,POSITIVE_LENGTH_MEASURE(0.1),#8957);
#9567 = DRAUGHTING_PRE_DEFINED_CURVE_FONT('continuous');
#9568 = STYLED_ITEM('color',(#9569),#1914);
#9569 = PRESENTATION_STYLE_ASSIGNMENT((#9570,#9575));
#9570 = SURFACE_STYLE_USAGE(.BOTH.,#9571);
#9571 = SURFACE_SIDE_STYLE('',(#9572));
#9572 = SURFACE_STYLE_FILL_AREA(#9573);
#9573 = FILL_AREA_STYLE('',(#9574));
#9574 = FILL_AREA_STYLE_COLOUR('',#9124);
#9575 = CURVE_STYLE('',#9576,POSITIVE_LENGTH_MEASURE(0.1),#9124);
#9576 = DRAUGHTING_PRE_DEFINED_CURVE_FONT('continuous');
#9577 = STYLED_ITEM('color',(#9578),#1931);
#9578 = PRESENTATION_STYLE_ASSIGNMENT((#9579,#9584));
#9579 = SURFACE_STYLE_USAGE(.BOTH.,#9580);
#9580 = SURFACE_SIDE_STYLE('',(#9581));
#9581 = SURFACE_STYLE_FILL_AREA(#9582);
#9582 = FILL_AREA_STYLE('',(#9583));
#9583 = FILL_AREA_STYLE_COLOUR('',#9124);
#9584 = CURVE_STYLE('',#9585,POSITIVE_LENGTH_MEASURE(0.1),#9124);
#9585 = DRAUGHTING_PRE_DEFINED_CURVE_FONT('continuous');
#9586 = STYLED_ITEM('color',(#9587),#1978);
#9587 = PRESENTATION_STYLE_ASSIGNMENT((#9588,#9593));
#9588 = SURFACE_STYLE_USAGE(.BOTH.,#9589);
#9589 = SURFACE_SIDE_STYLE('',(#9590));
#9590 = SURFACE_STYLE_FILL_AREA(#9591);
#9591 = FILL_AREA_STYLE('',(#9592));
#9592 = FILL_AREA_STYLE_COLOUR('',#9124);
#9593 = CURVE_STYLE('',#9594,POSITIVE_LENGTH_MEASURE(0.1),#9124);
#9594 = DRAUGHTING_PRE_DEFINED_CURVE_FONT('continuous');
#9595 = STYLED_ITEM('color',(#9596),#1995);
#9596 = PRESENTATION_STYLE_ASSIGNMENT((#9597,#9602));
#9597 = SURFACE_STYLE_USAGE(.BOTH.,#9598);
#9598 = SURFACE_SIDE_STYLE('',(#9599));
#9599 = SURFACE_STYLE_FILL_AREA(#9600);
#9600 = FILL_AREA_STYLE('',(#9601));
#9601 = FILL_AREA_STYLE_COLOUR('',#9124);
#9602 = CURVE_STYLE('',#9603,POSITIVE_LENGTH_MEASURE(0.1),#9124);
#9603 = DRAUGHTING_PRE_DEFINED_CURVE_FONT('continuous');
#9604 = STYLED_ITEM('color',(#9605),#2042);
#9605 = PRESENTATION_STYLE_ASSIGNMENT((#9606,#9611));
#9606 = SURFACE_STYLE_USAGE(.BOTH.,#9607);
#9607 = SURFACE_SIDE_STYLE('',(#9608));
#9608 = SURFACE_STYLE_FILL_AREA(#9609);
#9609 = FILL_AREA_STYLE('',(#9610));
#9610 = FILL_AREA_STYLE_COLOUR('',#9124);
#9611 = CURVE_STYLE('',#9612,POSITIVE_LENGTH_MEASURE(0.1),#9124);
#9612 = DRAUGHTING_PRE_DEFINED_CURVE_FONT('continuous');
#9613 = STYLED_ITEM('color',(#9614),#2059);
#9614 = PRESENTATION_STYLE_ASSIGNMENT((#9615,#9620));
#9615 = SURFACE_STYLE_USAGE(.BOTH.,#9616);
#9616 = SURFACE_SIDE_STYLE('',(#9617));
#9617 = SURFACE_STYLE_FILL_AREA(#9618);
#9618 = FILL_AREA_STYLE('',(#9619));
#9619 = FILL_AREA_STYLE_COLOUR('',#9124);
#9620 = CURVE_STYLE('',#9621,POSITIVE_LENGTH_MEASURE(0.1),#9124);
#9621 = DRAUGHTING_PRE_DEFINED_CURVE_FONT('continuous');
#9622 = STYLED_ITEM('color',(#9623),#2106);
#9623 = PRESENTATION_STYLE_ASSIGNMENT((#9624,#9629));
#9624 = SURFACE_STYLE_USAGE(.BOTH.,#9625);
#9625 = SURFACE_SIDE_STYLE('',(#9626));
#9626 = SURFACE_STYLE_FILL_AREA(#9627);
#9627 = FILL_AREA_STYLE('',(#9628));
#9628 = FILL_AREA_STYLE_COLOUR('',#9124);
#9629 = CURVE_STYLE('',#9630,POSITIVE_LENGTH_MEASURE(0.1),#9124);
#9630 = DRAUGHTING_PRE_DEFINED_CURVE_FONT('continuous');
#9631 = STYLED_ITEM('color',(#9632),#2123);
#9632 = PRESENTATION_STYLE_ASSIGNMENT((#9633,#9638));
#9633 = SURFACE_STYLE_USAGE(.BOTH.,#9634);
#9634 = SURFACE_SIDE_STYLE('',(#9635));
#9635 = SURFACE_STYLE_FILL_AREA(#9636);
#9636 = FILL_AREA_STYLE('',(#9637));
#9637 = FILL_AREA_STYLE_COLOUR('',#9124);
#9638 = CURVE_STYLE('',#9639,POSITIVE_LENGTH_MEASURE(0.1),#9124);
#9639 = DRAUGHTING_PRE_DEFINED_CURVE_FONT('continuous');
#9640 = STYLED_ITEM('color',(#9641),#2170);
#9641 = PRESENTATION_STYLE_ASSIGNMENT((#9642,#9647));
#9642 = SURFACE_STYLE_USAGE(.BOTH.,#9643);
#9643 = SURFACE_SIDE_STYLE('',(#9644));
#9644 = SURFACE_STYLE_FILL_AREA(#9645);
#9645 = FILL_AREA_STYLE('',(#9646));
#9646 = FILL_AREA_STYLE_COLOUR('',#9124);
#9647 = CURVE_STYLE('',#9648,POSITIVE_LENGTH_MEASURE(0.1),#9124);
#9648 = DRAUGHTING_PRE_DEFINED_CURVE_FONT('continuous');
#9649 = STYLED_ITEM('color',(#9650),#2187);
#9650 = PRESENTATION_STYLE_ASSIGNMENT((#9651,#9656));
#9651 = SURFACE_STYLE_USAGE(.BOTH.,#9652);
#9652 = SURFACE_SIDE_STYLE('',(#9653));
#9653 = SURFACE_STYLE_FILL_AREA(#9654);
#9654 = FILL_AREA_STYLE('',(#9655));
#9655 = FILL_AREA_STYLE_COLOUR('',#9124);
#9656 = CURVE_STYLE('',#9657,POSITIVE_LENGTH_MEASURE(0.1),#9124);
#9657 = DRAUGHTING_PRE_DEFINED_CURVE_FONT('continuous');
#9658 = STYLED_ITEM('color',(#9659),#2234);
#9659 = PRESENTATION_STYLE_ASSIGNMENT((#9660,#9665));
#9660 = SURFACE_STYLE_USAGE(.BOTH.,#9661);
#9661 = SURFACE_SIDE_STYLE('',(#9662));
#9662 = SURFACE_STYLE_FILL_AREA(#9663);
#9663 = FILL_AREA_STYLE('',(#9664));
#9664 = FILL_AREA_STYLE_COLOUR('',#9124);
#9665 = CURVE_STYLE('',#9666,POSITIVE_LENGTH_MEASURE(0.1),#9124);
#9666 = DRAUGHTING_PRE_DEFINED_CURVE_FONT('continuous');
#9667 = STYLED_ITEM('color',(#9668),#2251);
#9668 = PRESENTATION_STYLE_ASSIGNMENT((#9669,#9674));
#9669 = SURFACE_STYLE_USAGE(.BOTH.,#9670);
#9670 = SURFACE_SIDE_STYLE('',(#9671));
#9671 = SURFACE_STYLE_FILL_AREA(#9672);
#9672 = FILL_AREA_STYLE('',(#9673));
#9673 = FILL_AREA_STYLE_COLOUR('',#9124);
#9674 = CURVE_STYLE('',#9675,POSITIVE_LENGTH_MEASURE(0.1),#9124);
#9675 = DRAUGHTING_PRE_DEFINED_CURVE_FONT('continuous');
#9676 = STYLED_ITEM('color',(#9677),#2298);
#9677 = PRESENTATION_STYLE_ASSIGNMENT((#9678,#9683));
#9678 = SURFACE_STYLE_USAGE(.BOTH.,#9679);
#9679 = SURFACE_SIDE_STYLE('',(#9680));
#9680 = SURFACE_STYLE_FILL_AREA(#9681);
#9681 = FILL_AREA_STYLE('',(#9682));
#9682 = FILL_AREA_STYLE_COLOUR('',#9124);
#9683 = CURVE_STYLE('',#9684,POSITIVE_LENGTH_MEASURE(0.1),#9124);
#9684 = DRAUGHTING_PRE_DEFINED_CURVE_FONT('continuous');
#9685 = STYLED_ITEM('color',(#9686),#2315);
#9686 = PRESENTATION_STYLE_ASSIGNMENT((#9687,#9692));
#9687 = SURFACE_STYLE_USAGE(.BOTH.,#9688);
#9688 = SURFACE_SIDE_STYLE('',(#9689));
#9689 = SURFACE_STYLE_FILL_AREA(#9690);
#9690 = FILL_AREA_STYLE('',(#9691));
#9691 = FILL_AREA_STYLE_COLOUR('',#9124);
#9692 = CURVE_STYLE('',#9693,POSITIVE_LENGTH_MEASURE(0.1),#9124);
#9693 = DRAUGHTING_PRE_DEFINED_CURVE_FONT('continuous');
#9694 = STYLED_ITEM('color',(#9695),#2362);
#9695 = PRESENTATION_STYLE_ASSIGNMENT((#9696,#9701));
#9696 = SURFACE_STYLE_USAGE(.BOTH.,#9697);
#9697 = SURFACE_SIDE_STYLE('',(#9698));
#9698 = SURFACE_STYLE_FILL_AREA(#9699);
#9699 = FILL_AREA_STYLE('',(#9700));
#9700 = FILL_AREA_STYLE_COLOUR('',#9124);
#9701 = CURVE_STYLE('',#9702,POSITIVE_LENGTH_MEASURE(0.1),#9124);
#9702 = DRAUGHTING_PRE_DEFINED_CURVE_FONT('continuous');
#9703 = STYLED_ITEM('color',(#9704),#2379);
#9704 = PRESENTATION_STYLE_ASSIGNMENT((#9705,#9710));
#9705 = SURFACE_STYLE_USAGE(.BOTH.,#9706);
#9706 = SURFACE_SIDE_STYLE('',(#9707));
#9707 = SURFACE_STYLE_FILL_AREA(#9708);
#9708 = FILL_AREA_STYLE('',(#9709));
#9709 = FILL_AREA_STYLE_COLOUR('',#9124);
#9710 = CURVE_STYLE('',#9711,POSITIVE_LENGTH_MEASURE(0.1),#9124);
#9711 = DRAUGHTING_PRE_DEFINED_CURVE_FONT('continuous');
#9712 = STYLED_ITEM('color',(#9713),#2426);
#9713 = PRESENTATION_STYLE_ASSIGNMENT((#9714,#9719));
#9714 = SURFACE_STYLE_USAGE(.BOTH.,#9715);
#9715 = SURFACE_SIDE_STYLE('',(#9716));
#9716 = SURFACE_STYLE_FILL_AREA(#9717);
#9717 = FILL_AREA_STYLE('',(#9718));
#9718 = FILL_AREA_STYLE_COLOUR('',#9124);
#9719 = CURVE_STYLE('',#9720,POSITIVE_LENGTH_MEASURE(0.1),#9124);
#9720 = DRAUGHTING_PRE_DEFINED_CURVE_FONT('continuous');
#9721 = STYLED_ITEM('color',(#9722),#2443);
#9722 = PRESENTATION_STYLE_ASSIGNMENT((#9723,#9728));
#9723 = SURFACE_STYLE_USAGE(.BOTH.,#9724);
#9724 = SURFACE_SIDE_STYLE('',(#9725));
#9725 = SURFACE_STYLE_FILL_AREA(#9726);
#9726 = FILL_AREA_STYLE('',(#9727));
#9727 = FILL_AREA_STYLE_COLOUR('',#9124);
#9728 = CURVE_STYLE('',#9729,POSITIVE_LENGTH_MEASURE(0.1),#9124);
#9729 = DRAUGHTING_PRE_DEFINED_CURVE_FONT('continuous');
#9730 = STYLED_ITEM('color',(#9731),#2490);
#9731 = PRESENTATION_STYLE_ASSIGNMENT((#9732,#9737));
#9732 = SURFACE_STYLE_USAGE(.BOTH.,#9733);
#9733 = SURFACE_SIDE_STYLE('',(#9734));
#9734 = SURFACE_STYLE_FILL_AREA(#9735);
#9735 = FILL_AREA_STYLE('',(#9736));
#9736 = FILL_AREA_STYLE_COLOUR('',#9124);
#9737 = CURVE_STYLE('',#9738,POSITIVE_LENGTH_MEASURE(0.1),#9124);
#9738 = DRAUGHTING_PRE_DEFINED_CURVE_FONT('continuous');
#9739 = STYLED_ITEM('color',(#9740),#2507);
#9740 = PRESENTATION_STYLE_ASSIGNMENT((#9741,#9746));
#9741 = SURFACE_STYLE_USAGE(.BOTH.,#9742);
#9742 = SURFACE_SIDE_STYLE('',(#9743));
#9743 = SURFACE_STYLE_FILL_AREA(#9744);
#9744 = FILL_AREA_STYLE('',(#9745));
#9745 = FILL_AREA_STYLE_COLOUR('',#9124);
#9746 = CURVE_STYLE('',#9747,POSITIVE_LENGTH_MEASURE(0.1),#9124);
#9747 = DRAUGHTING_PRE_DEFINED_CURVE_FONT('continuous');
#9748 = STYLED_ITEM('color',(#9749),#2554);
#9749 = PRESENTATION_STYLE_ASSIGNMENT((#9750,#9755));
#9750 = SURFACE_STYLE_USAGE(.BOTH.,#9751);
#9751 = SURFACE_SIDE_STYLE('',(#9752));
#9752 = SURFACE_STYLE_FILL_AREA(#9753);
#9753 = FILL_AREA_STYLE('',(#9754));
#9754 = FILL_AREA_STYLE_COLOUR('',#9124);
#9755 = CURVE_STYLE('',#9756,POSITIVE_LENGTH_MEASURE(0.1),#9124);
#9756 = DRAUGHTING_PRE_DEFINED_CURVE_FONT('continuous');
#9757 = STYLED_ITEM('color',(#9758),#2571);
#9758 = PRESENTATION_STYLE_ASSIGNMENT((#9759,#9764));
#9759 = SURFACE_STYLE_USAGE(.BOTH.,#9760);
#9760 = SURFACE_SIDE_STYLE('',(#9761));
#9761 = SURFACE_STYLE_FILL_AREA(#9762);
#9762 = FILL_AREA_STYLE('',(#9763));
#9763 = FILL_AREA_STYLE_COLOUR('',#9124);
#9764 = CURVE_STYLE('',#9765,POSITIVE_LENGTH_MEASURE(0.1),#9124);
#9765 = DRAUGHTING_PRE_DEFINED_CURVE_FONT('continuous');
#9766 = STYLED_ITEM('color',(#9767),#2618);
#9767 = PRESENTATION_STYLE_ASSIGNMENT((#9768,#9773));
#9768 = SURFACE_STYLE_USAGE(.BOTH.,#9769);
#9769 = SURFACE_SIDE_STYLE('',(#9770));
#9770 = SURFACE_STYLE_FILL_AREA(#9771);
#9771 = FILL_AREA_STYLE('',(#9772));
#9772 = FILL_AREA_STYLE_COLOUR('',#9124);
#9773 = CURVE_STYLE('',#9774,POSITIVE_LENGTH_MEASURE(0.1),#9124);
#9774 = DRAUGHTING_PRE_DEFINED_CURVE_FONT('continuous');
#9775 = STYLED_ITEM('color',(#9776),#2635);
#9776 = PRESENTATION_STYLE_ASSIGNMENT((#9777,#9782));
#9777 = SURFACE_STYLE_USAGE(.BOTH.,#9778);
#9778 = SURFACE_SIDE_STYLE('',(#9779));
#9779 = SURFACE_STYLE_FILL_AREA(#9780);
#9780 = FILL_AREA_STYLE('',(#9781));
#9781 = FILL_AREA_STYLE_COLOUR('',#9124);
#9782 = CURVE_STYLE('',#9783,POSITIVE_LENGTH_MEASURE(0.1),#9124);
#9783 = DRAUGHTING_PRE_DEFINED_CURVE_FONT('continuous');
#9784 = STYLED_ITEM('color',(#9785),#2682);
#9785 = PRESENTATION_STYLE_ASSIGNMENT((#9786,#9791));
#9786 = SURFACE_STYLE_USAGE(.BOTH.,#9787);
#9787 = SURFACE_SIDE_STYLE('',(#9788));
#9788 = SURFACE_STYLE_FILL_AREA(#9789);
#9789 = FILL_AREA_STYLE('',(#9790));
#9790 = FILL_AREA_STYLE_COLOUR('',#9124);
#9791 = CURVE_STYLE('',#9792,POSITIVE_LENGTH_MEASURE(0.1),#9124);
#9792 = DRAUGHTING_PRE_DEFINED_CURVE_FONT('continuous');
#9793 = STYLED_ITEM('color',(#9794),#2699);
#9794 = PRESENTATION_STYLE_ASSIGNMENT((#9795,#9800));
#9795 = SURFACE_STYLE_USAGE(.BOTH.,#9796);
#9796 = SURFACE_SIDE_STYLE('',(#9797));
#9797 = SURFACE_STYLE_FILL_AREA(#9798);
#9798 = FILL_AREA_STYLE('',(#9799));
#9799 = FILL_AREA_STYLE_COLOUR('',#9124);
#9800 = CURVE_STYLE('',#9801,POSITIVE_LENGTH_MEASURE(0.1),#9124);
#9801 = DRAUGHTING_PRE_DEFINED_CURVE_FONT('continuous');
#9802 = STYLED_ITEM('color',(#9803),#2746);
#9803 = PRESENTATION_STYLE_ASSIGNMENT((#9804,#9809));
#9804 = SURFACE_STYLE_USAGE(.BOTH.,#9805);
#9805 = SURFACE_SIDE_STYLE('',(#9806));
#9806 = SURFACE_STYLE_FILL_AREA(#9807);
#9807 = FILL_AREA_STYLE('',(#9808));
#9808 = FILL_AREA_STYLE_COLOUR('',#9124);
#9809 = CURVE_STYLE('',#9810,POSITIVE_LENGTH_MEASURE(0.1),#9124);
#9810 = DRAUGHTING_PRE_DEFINED_CURVE_FONT('continuous');
#9811 = STYLED_ITEM('color',(#9812),#2763);
#9812 = PRESENTATION_STYLE_ASSIGNMENT((#9813,#9818));
#9813 = SURFACE_STYLE_USAGE(.BOTH.,#9814);
#9814 = SURFACE_SIDE_STYLE('',(#9815));
#9815 = SURFACE_STYLE_FILL_AREA(#9816);
#9816 = FILL_AREA_STYLE('',(#9817));
#9817 = FILL_AREA_STYLE_COLOUR('',#9124);
#9818 = CURVE_STYLE('',#9819,POSITIVE_LENGTH_MEASURE(0.1),#9124);
#9819 = DRAUGHTING_PRE_DEFINED_CURVE_FONT('continuous');
#9820 = STYLED_ITEM('color',(#9821),#2810);
#9821 = PRESENTATION_STYLE_ASSIGNMENT((#9822,#9827));
#9822 = SURFACE_STYLE_USAGE(.BOTH.,#9823);
#9823 = SURFACE_SIDE_STYLE('',(#9824));
#9824 = SURFACE_STYLE_FILL_AREA(#9825);
#9825 = FILL_AREA_STYLE('',(#9826));
#9826 = FILL_AREA_STYLE_COLOUR('',#9124);
#9827 = CURVE_STYLE('',#9828,POSITIVE_LENGTH_MEASURE(0.1),#9124);
#9828 = DRAUGHTING_PRE_DEFINED_CURVE_FONT('continuous');
#9829 = STYLED_ITEM('color',(#9830),#2827);
#9830 = PRESENTATION_STYLE_ASSIGNMENT((#9831,#9836));
#9831 = SURFACE_STYLE_USAGE(.BOTH.,#9832);
#9832 = SURFACE_SIDE_STYLE('',(#9833));
#9833 = SURFACE_STYLE_FILL_AREA(#9834);
#9834 = FILL_AREA_STYLE('',(#9835));
#9835 = FILL_AREA_STYLE_COLOUR('',#9124);
#9836 = CURVE_STYLE('',#9837,POSITIVE_LENGTH_MEASURE(0.1),#9124);
#9837 = DRAUGHTING_PRE_DEFINED_CURVE_FONT('continuous');
#9838 = STYLED_ITEM('color',(#9839),#2874);
#9839 = PRESENTATION_STYLE_ASSIGNMENT((#9840,#9845));
#9840 = SURFACE_STYLE_USAGE(.BOTH.,#9841);
#9841 = SURFACE_SIDE_STYLE('',(#9842));
#9842 = SURFACE_STYLE_FILL_AREA(#9843);
#9843 = FILL_AREA_STYLE('',(#9844));
#9844 = FILL_AREA_STYLE_COLOUR('',#9124);
#9845 = CURVE_STYLE('',#9846,POSITIVE_LENGTH_MEASURE(0.1),#9124);
#9846 = DRAUGHTING_PRE_DEFINED_CURVE_FONT('continuous');
#9847 = STYLED_ITEM('color',(#9848),#2891);
#9848 = PRESENTATION_STYLE_ASSIGNMENT((#9849,#9854));
#9849 = SURFACE_STYLE_USAGE(.BOTH.,#9850);
#9850 = SURFACE_SIDE_STYLE('',(#9851));
#9851 = SURFACE_STYLE_FILL_AREA(#9852);
#9852 = FILL_AREA_STYLE('',(#9853));
#9853 = FILL_AREA_STYLE_COLOUR('',#9124);
#9854 = CURVE_STYLE('',#9855,POSITIVE_LENGTH_MEASURE(0.1),#9124);
#9855 = DRAUGHTING_PRE_DEFINED_CURVE_FONT('continuous');
#9856 = STYLED_ITEM('color',(#9857),#2938);
#9857 = PRESENTATION_STYLE_ASSIGNMENT((#9858,#9863));
#9858 = SURFACE_STYLE_USAGE(.BOTH.,#9859);
#9859 = SURFACE_SIDE_STYLE('',(#9860));
#9860 = SURFACE_STYLE_FILL_AREA(#9861);
#9861 = FILL_AREA_STYLE('',(#9862));
#9862 = FILL_AREA_STYLE_COLOUR('',#8957);
#9863 = CURVE_STYLE('',#9864,POSITIVE_LENGTH_MEASURE(0.1),#8957);
#9864 = DRAUGHTING_PRE_DEFINED_CURVE_FONT('continuous');
#9865 = STYLED_ITEM('color',(#9866),#2969);
#9866 = PRESENTATION_STYLE_ASSIGNMENT((#9867,#9872));
#9867 = SURFACE_STYLE_USAGE(.BOTH.,#9868);
#9868 = SURFACE_SIDE_STYLE('',(#9869));
#9869 = SURFACE_STYLE_FILL_AREA(#9870);
#9870 = FILL_AREA_STYLE('',(#9871));
#9871 = FILL_AREA_STYLE_COLOUR('',#8957);
#9872 = CURVE_STYLE('',#9873,POSITIVE_LENGTH_MEASURE(0.1),#8957);
#9873 = DRAUGHTING_PRE_DEFINED_CURVE_FONT('continuous');
#9874 = OVER_RIDING_STYLED_ITEM('overriding color',(#9875),#2983,#9865);
#9875 = PRESENTATION_STYLE_ASSIGNMENT((#9876,#9881));
#9876 = SURFACE_STYLE_USAGE(.BOTH.,#9877);
#9877 = SURFACE_SIDE_STYLE('',(#9878));
#9878 = SURFACE_STYLE_FILL_AREA(#9879);
#9879 = FILL_AREA_STYLE('',(#9880));
#9880 = FILL_AREA_STYLE_COLOUR('',#9124);
#9881 = CURVE_STYLE('',#9882,POSITIVE_LENGTH_MEASURE(0.1),#9124);
#9882 = DRAUGHTING_PRE_DEFINED_CURVE_FONT('continuous');
#9883 = OVER_RIDING_STYLED_ITEM('overriding color',(#9884),#2999,#9865);
#9884 = PRESENTATION_STYLE_ASSIGNMENT((#9885,#9890));
#9885 = SURFACE_STYLE_USAGE(.BOTH.,#9886);
#9886 = SURFACE_SIDE_STYLE('',(#9887));
#9887 = SURFACE_STYLE_FILL_AREA(#9888);
#9888 = FILL_AREA_STYLE('',(#9889));
#9889 = FILL_AREA_STYLE_COLOUR('',#9124);
#9890 = CURVE_STYLE('',#9891,POSITIVE_LENGTH_MEASURE(0.1),#9124);
#9891 = DRAUGHTING_PRE_DEFINED_CURVE_FONT('continuous');
#9892 = STYLED_ITEM('color',(#9893),#3025);
#9893 = PRESENTATION_STYLE_ASSIGNMENT((#9894,#9899));
#9894 = SURFACE_STYLE_USAGE(.BOTH.,#9895);
#9895 = SURFACE_SIDE_STYLE('',(#9896));
#9896 = SURFACE_STYLE_FILL_AREA(#9897);
#9897 = FILL_AREA_STYLE('',(#9898));
#9898 = FILL_AREA_STYLE_COLOUR('',#8957);
#9899 = CURVE_STYLE('',#9900,POSITIVE_LENGTH_MEASURE(0.1),#8957);
#9900 = DRAUGHTING_PRE_DEFINED_CURVE_FONT('continuous');
#9901 = STYLED_ITEM('color',(#9902),#3049);
#9902 = PRESENTATION_STYLE_ASSIGNMENT((#9903,#9908));
#9903 = SURFACE_STYLE_USAGE(.BOTH.,#9904);
#9904 = SURFACE_SIDE_STYLE('',(#9905));
#9905 = SURFACE_STYLE_FILL_AREA(#9906);
#9906 = FILL_AREA_STYLE('',(#9907));
#9907 = FILL_AREA_STYLE_COLOUR('',#8957);
#9908 = CURVE_STYLE('',#9909,POSITIVE_LENGTH_MEASURE(0.1),#8957);
#9909 = DRAUGHTING_PRE_DEFINED_CURVE_FONT('continuous');
#9910 = OVER_RIDING_STYLED_ITEM('overriding color',(#9911),#3063,#9901);
#9911 = PRESENTATION_STYLE_ASSIGNMENT((#9912,#9917));
#9912 = SURFACE_STYLE_USAGE(.BOTH.,#9913);
#9913 = SURFACE_SIDE_STYLE('',(#9914));
#9914 = SURFACE_STYLE_FILL_AREA(#9915);
#9915 = FILL_AREA_STYLE('',(#9916));
#9916 = FILL_AREA_STYLE_COLOUR('',#9124);
#9917 = CURVE_STYLE('',#9918,POSITIVE_LENGTH_MEASURE(0.1),#9124);
#9918 = DRAUGHTING_PRE_DEFINED_CURVE_FONT('continuous');
#9919 = OVER_RIDING_STYLED_ITEM('overriding color',(#9920),#3079,#9901);
#9920 = PRESENTATION_STYLE_ASSIGNMENT((#9921,#9926));
#9921 = SURFACE_STYLE_USAGE(.BOTH.,#9922);
#9922 = SURFACE_SIDE_STYLE('',(#9923));
#9923 = SURFACE_STYLE_FILL_AREA(#9924);
#9924 = FILL_AREA_STYLE('',(#9925));
#9925 = FILL_AREA_STYLE_COLOUR('',#9124);
#9926 = CURVE_STYLE('',#9927,POSITIVE_LENGTH_MEASURE(0.1),#9124);
#9927 = DRAUGHTING_PRE_DEFINED_CURVE_FONT('continuous');
#9928 = STYLED_ITEM('color',(#9929),#3098);
#9929 = PRESENTATION_STYLE_ASSIGNMENT((#9930,#9935));
#9930 = SURFACE_STYLE_USAGE(.BOTH.,#9931);
#9931 = SURFACE_SIDE_STYLE('',(#9932));
#9932 = SURFACE_STYLE_FILL_AREA(#9933);
#9933 = FILL_AREA_STYLE('',(#9934));
#9934 = FILL_AREA_STYLE_COLOUR('',#8957);
#9935 = CURVE_STYLE('',#9936,POSITIVE_LENGTH_MEASURE(0.1),#8957);
#9936 = DRAUGHTING_PRE_DEFINED_CURVE_FONT('continuous');
#9937 = STYLED_ITEM('color',(#9938),#3129);
#9938 = PRESENTATION_STYLE_ASSIGNMENT((#9939,#9944));
#9939 = SURFACE_STYLE_USAGE(.BOTH.,#9940);
#9940 = SURFACE_SIDE_STYLE('',(#9941));
#9941 = SURFACE_STYLE_FILL_AREA(#9942);
#9942 = FILL_AREA_STYLE('',(#9943));
#9943 = FILL_AREA_STYLE_COLOUR('',#8957);
#9944 = CURVE_STYLE('',#9945,POSITIVE_LENGTH_MEASURE(0.1),#8957);
#9945 = DRAUGHTING_PRE_DEFINED_CURVE_FONT('continuous');
#9946 = OVER_RIDING_STYLED_ITEM('overriding color',(#9947),#3143,#9937);
#9947 = PRESENTATION_STYLE_ASSIGNMENT((#9948,#9953));
#9948 = SURFACE_STYLE_USAGE(.BOTH.,#9949);
#9949 = SURFACE_SIDE_STYLE('',(#9950));
#9950 = SURFACE_STYLE_FILL_AREA(#9951);
#9951 = FILL_AREA_STYLE('',(#9952));
#9952 = FILL_AREA_STYLE_COLOUR('',#9124);
#9953 = CURVE_STYLE('',#9954,POSITIVE_LENGTH_MEASURE(0.1),#9124);
#9954 = DRAUGHTING_PRE_DEFINED_CURVE_FONT('continuous');
#9955 = OVER_RIDING_STYLED_ITEM('overriding color',(#9956),#3159,#9937);
#9956 = PRESENTATION_STYLE_ASSIGNMENT((#9957,#9962));
#9957 = SURFACE_STYLE_USAGE(.BOTH.,#9958);
#9958 = SURFACE_SIDE_STYLE('',(#9959));
#9959 = SURFACE_STYLE_FILL_AREA(#9960);
#9960 = FILL_AREA_STYLE('',(#9961));
#9961 = FILL_AREA_STYLE_COLOUR('',#9124);
#9962 = CURVE_STYLE('',#9963,POSITIVE_LENGTH_MEASURE(0.1),#9124);
#9963 = DRAUGHTING_PRE_DEFINED_CURVE_FONT('continuous');
#9964 = STYLED_ITEM('color',(#9965),#3185);
#9965 = PRESENTATION_STYLE_ASSIGNMENT((#9966,#9971));
#9966 = SURFACE_STYLE_USAGE(.BOTH.,#9967);
#9967 = SURFACE_SIDE_STYLE('',(#9968));
#9968 = SURFACE_STYLE_FILL_AREA(#9969);
#9969 = FILL_AREA_STYLE('',(#9970));
#9970 = FILL_AREA_STYLE_COLOUR('',#8957);
#9971 = CURVE_STYLE('',#9972,POSITIVE_LENGTH_MEASURE(0.1),#8957);
#9972 = DRAUGHTING_PRE_DEFINED_CURVE_FONT('continuous');
#9973 = STYLED_ITEM('color',(#9974),#3209);
#9974 = PRESENTATION_STYLE_ASSIGNMENT((#9975,#9980));
#9975 = SURFACE_STYLE_USAGE(.BOTH.,#9976);
#9976 = SURFACE_SIDE_STYLE('',(#9977));
#9977 = SURFACE_STYLE_FILL_AREA(#9978);
#9978 = FILL_AREA_STYLE('',(#9979));
#9979 = FILL_AREA_STYLE_COLOUR('',#8957);
#9980 = CURVE_STYLE('',#9981,POSITIVE_LENGTH_MEASURE(0.1),#8957);
#9981 = DRAUGHTING_PRE_DEFINED_CURVE_FONT('continuous');
#9982 = OVER_RIDING_STYLED_ITEM('overriding color',(#9983),#3223,#9973);
#9983 = PRESENTATION_STYLE_ASSIGNMENT((#9984,#9989));
#9984 = SURFACE_STYLE_USAGE(.BOTH.,#9985);
#9985 = SURFACE_SIDE_STYLE('',(#9986));
#9986 = SURFACE_STYLE_FILL_AREA(#9987);
#9987 = FILL_AREA_STYLE('',(#9988));
#9988 = FILL_AREA_STYLE_COLOUR('',#9124);
#9989 = CURVE_STYLE('',#9990,POSITIVE_LENGTH_MEASURE(0.1),#9124);
#9990 = DRAUGHTING_PRE_DEFINED_CURVE_FONT('continuous');
#9991 = OVER_RIDING_STYLED_ITEM('overriding color',(#9992),#3239,#9973);
#9992 = PRESENTATION_STYLE_ASSIGNMENT((#9993,#9998));
#9993 = SURFACE_STYLE_USAGE(.BOTH.,#9994);
#9994 = SURFACE_SIDE_STYLE('',(#9995));
#9995 = SURFACE_STYLE_FILL_AREA(#9996);
#9996 = FILL_AREA_STYLE('',(#9997));
#9997 = FILL_AREA_STYLE_COLOUR('',#9124);
#9998 = CURVE_STYLE('',#9999,POSITIVE_LENGTH_MEASURE(0.1),#9124);
#9999 = DRAUGHTING_PRE_DEFINED_CURVE_FONT('continuous');
#10000 = STYLED_ITEM('color',(#10001),#3258);
#10001 = PRESENTATION_STYLE_ASSIGNMENT((#10002,#10007));
#10002 = SURFACE_STYLE_USAGE(.BOTH.,#10003);
#10003 = SURFACE_SIDE_STYLE('',(#10004));
#10004 = SURFACE_STYLE_FILL_AREA(#10005);
#10005 = FILL_AREA_STYLE('',(#10006));
#10006 = FILL_AREA_STYLE_COLOUR('',#8957);
#10007 = CURVE_STYLE('',#10008,POSITIVE_LENGTH_MEASURE(0.1),#8957);
#10008 = DRAUGHTING_PRE_DEFINED_CURVE_FONT('continuous');
#10009 = STYLED_ITEM('color',(#10010),#3289);
#10010 = PRESENTATION_STYLE_ASSIGNMENT((#10011,#10016));
#10011 = SURFACE_STYLE_USAGE(.BOTH.,#10012);
#10012 = SURFACE_SIDE_STYLE('',(#10013));
#10013 = SURFACE_STYLE_FILL_AREA(#10014);
#10014 = FILL_AREA_STYLE('',(#10015));
#10015 = FILL_AREA_STYLE_COLOUR('',#8957);
#10016 = CURVE_STYLE('',#10017,POSITIVE_LENGTH_MEASURE(0.1),#8957);
#10017 = DRAUGHTING_PRE_DEFINED_CURVE_FONT('continuous');
#10018 = OVER_RIDING_STYLED_ITEM('overriding color',(#10019),#3303,
  #10009);
#10019 = PRESENTATION_STYLE_ASSIGNMENT((#10020,#10025));
#10020 = SURFACE_STYLE_USAGE(.BOTH.,#10021);
#10021 = SURFACE_SIDE_STYLE('',(#10022));
#10022 = SURFACE_STYLE_FILL_AREA(#10023);
#10023 = FILL_AREA_STYLE('',(#10024));
#10024 = FILL_AREA_STYLE_COLOUR('',#9124);
#10025 = CURVE_STYLE('',#10026,POSITIVE_LENGTH_MEASURE(0.1),#9124);
#10026 = DRAUGHTING_PRE_DEFINED_CURVE_FONT('continuous');
#10027 = OVER_RIDING_STYLED_ITEM('overriding color',(#10028),#3319,
  #10009);
#10028 = PRESENTATION_STYLE_ASSIGNMENT((#10029,#10034));
#10029 = SURFACE_STYLE_USAGE(.BOTH.,#10030);
#10030 = SURFACE_SIDE_STYLE('',(#10031));
#10031 = SURFACE_STYLE_FILL_AREA(#10032);
#10032 = FILL_AREA_STYLE('',(#10033));
#10033 = FILL_AREA_STYLE_COLOUR('',#9124);
#10034 = CURVE_STYLE('',#10035,POSITIVE_LENGTH_MEASURE(0.1),#9124);
#10035 = DRAUGHTING_PRE_DEFINED_CURVE_FONT('continuous');
#10036 = STYLED_ITEM('color',(#10037),#3345);
#10037 = PRESENTATION_STYLE_ASSIGNMENT((#10038,#10043));
#10038 = SURFACE_STYLE_USAGE(.BOTH.,#10039);
#10039 = SURFACE_SIDE_STYLE('',(#10040));
#10040 = SURFACE_STYLE_FILL_AREA(#10041);
#10041 = FILL_AREA_STYLE('',(#10042));
#10042 = FILL_AREA_STYLE_COLOUR('',#8957);
#10043 = CURVE_STYLE('',#10044,POSITIVE_LENGTH_MEASURE(0.1),#8957);
#10044 = DRAUGHTING_PRE_DEFINED_CURVE_FONT('continuous');
#10045 = STYLED_ITEM('color',(#10046),#3369);
#10046 = PRESENTATION_STYLE_ASSIGNMENT((#10047,#10052));
#10047 = SURFACE_STYLE_USAGE(.BOTH.,#10048);
#10048 = SURFACE_SIDE_STYLE('',(#10049));
#10049 = SURFACE_STYLE_FILL_AREA(#10050);
#10050 = FILL_AREA_STYLE('',(#10051));
#10051 = FILL_AREA_STYLE_COLOUR('',#8957);
#10052 = CURVE_STYLE('',#10053,POSITIVE_LENGTH_MEASURE(0.1),#8957);
#10053 = DRAUGHTING_PRE_DEFINED_CURVE_FONT('continuous');
#10054 = OVER_RIDING_STYLED_ITEM('overriding color',(#10055),#3383,
  #10045);
#10055 = PRESENTATION_STYLE_ASSIGNMENT((#10056,#10061));
#10056 = SURFACE_STYLE_USAGE(.BOTH.,#10057);
#10057 = SURFACE_SIDE_STYLE('',(#10058));
#10058 = SURFACE_STYLE_FILL_AREA(#10059);
#10059 = FILL_AREA_STYLE('',(#10060));
#10060 = FILL_AREA_STYLE_COLOUR('',#9124);
#10061 = CURVE_STYLE('',#10062,POSITIVE_LENGTH_MEASURE(0.1),#9124);
#10062 = DRAUGHTING_PRE_DEFINED_CURVE_FONT('continuous');
#10063 = OVER_RIDING_STYLED_ITEM('overriding color',(#10064),#3399,
  #10045);
#10064 = PRESENTATION_STYLE_ASSIGNMENT((#10065,#10070));
#10065 = SURFACE_STYLE_USAGE(.BOTH.,#10066);
#10066 = SURFACE_SIDE_STYLE('',(#10067));
#10067 = SURFACE_STYLE_FILL_AREA(#10068);
#10068 = FILL_AREA_STYLE('',(#10069));
#10069 = FILL_AREA_STYLE_COLOUR('',#9124);
#10070 = CURVE_STYLE('',#10071,POSITIVE_LENGTH_MEASURE(0.1),#9124);
#10071 = DRAUGHTING_PRE_DEFINED_CURVE_FONT('continuous');
#10072 = STYLED_ITEM('color',(#10073),#3418);
#10073 = PRESENTATION_STYLE_ASSIGNMENT((#10074,#10079));
#10074 = SURFACE_STYLE_USAGE(.BOTH.,#10075);
#10075 = SURFACE_SIDE_STYLE('',(#10076));
#10076 = SURFACE_STYLE_FILL_AREA(#10077);
#10077 = FILL_AREA_STYLE('',(#10078));
#10078 = FILL_AREA_STYLE_COLOUR('',#8957);
#10079 = CURVE_STYLE('',#10080,POSITIVE_LENGTH_MEASURE(0.1),#8957);
#10080 = DRAUGHTING_PRE_DEFINED_CURVE_FONT('continuous');
#10081 = STYLED_ITEM('color',(#10082),#3449);
#10082 = PRESENTATION_STYLE_ASSIGNMENT((#10083,#10088));
#10083 = SURFACE_STYLE_USAGE(.BOTH.,#10084);
#10084 = SURFACE_SIDE_STYLE('',(#10085));
#10085 = SURFACE_STYLE_FILL_AREA(#10086);
#10086 = FILL_AREA_STYLE('',(#10087));
#10087 = FILL_AREA_STYLE_COLOUR('',#8957);
#10088 = CURVE_STYLE('',#10089,POSITIVE_LENGTH_MEASURE(0.1),#8957);
#10089 = DRAUGHTING_PRE_DEFINED_CURVE_FONT('continuous');
#10090 = OVER_RIDING_STYLED_ITEM('overriding color',(#10091),#3463,
  #10081);
#10091 = PRESENTATION_STYLE_ASSIGNMENT((#10092,#10097));
#10092 = SURFACE_STYLE_USAGE(.BOTH.,#10093);
#10093 = SURFACE_SIDE_STYLE('',(#10094));
#10094 = SURFACE_STYLE_FILL_AREA(#10095);
#10095 = FILL_AREA_STYLE('',(#10096));
#10096 = FILL_AREA_STYLE_COLOUR('',#9124);
#10097 = CURVE_STYLE('',#10098,POSITIVE_LENGTH_MEASURE(0.1),#9124);
#10098 = DRAUGHTING_PRE_DEFINED_CURVE_FONT('continuous');
#10099 = OVER_RIDING_STYLED_ITEM('overriding color',(#10100),#3479,
  #10081);
#10100 = PRESENTATION_STYLE_ASSIGNMENT((#10101,#10106));
#10101 = SURFACE_STYLE_USAGE(.BOTH.,#10102);
#10102 = SURFACE_SIDE_STYLE('',(#10103));
#10103 = SURFACE_STYLE_FILL_AREA(#10104);
#10104 = FILL_AREA_STYLE('',(#10105));
#10105 = FILL_AREA_STYLE_COLOUR('',#9124);
#10106 = CURVE_STYLE('',#10107,POSITIVE_LENGTH_MEASURE(0.1),#9124);
#10107 = DRAUGHTING_PRE_DEFINED_CURVE_FONT('continuous');
#10108 = STYLED_ITEM('color',(#10109),#3505);
#10109 = PRESENTATION_STYLE_ASSIGNMENT((#10110,#10115));
#10110 = SURFACE_STYLE_USAGE(.BOTH.,#10111);
#10111 = SURFACE_SIDE_STYLE('',(#10112));
#10112 = SURFACE_STYLE_FILL_AREA(#10113);
#10113 = FILL_AREA_STYLE('',(#10114));
#10114 = FILL_AREA_STYLE_COLOUR('',#8957);
#10115 = CURVE_STYLE('',#10116,POSITIVE_LENGTH_MEASURE(0.1),#8957);
#10116 = DRAUGHTING_PRE_DEFINED_CURVE_FONT('continuous');
#10117 = STYLED_ITEM('color',(#10118),#3529);
#10118 = PRESENTATION_STYLE_ASSIGNMENT((#10119,#10124));
#10119 = SURFACE_STYLE_USAGE(.BOTH.,#10120);
#10120 = SURFACE_SIDE_STYLE('',(#10121));
#10121 = SURFACE_STYLE_FILL_AREA(#10122);
#10122 = FILL_AREA_STYLE('',(#10123));
#10123 = FILL_AREA_STYLE_COLOUR('',#8957);
#10124 = CURVE_STYLE('',#10125,POSITIVE_LENGTH_MEASURE(0.1),#8957);
#10125 = DRAUGHTING_PRE_DEFINED_CURVE_FONT('continuous');
#10126 = OVER_RIDING_STYLED_ITEM('overriding color',(#10127),#3543,
  #10117);
#10127 = PRESENTATION_STYLE_ASSIGNMENT((#10128,#10133));
#10128 = SURFACE_STYLE_USAGE(.BOTH.,#10129);
#10129 = SURFACE_SIDE_STYLE('',(#10130));
#10130 = SURFACE_STYLE_FILL_AREA(#10131);
#10131 = FILL_AREA_STYLE('',(#10132));
#10132 = FILL_AREA_STYLE_COLOUR('',#9124);
#10133 = CURVE_STYLE('',#10134,POSITIVE_LENGTH_MEASURE(0.1),#9124);
#10134 = DRAUGHTING_PRE_DEFINED_CURVE_FONT('continuous');
#10135 = OVER_RIDING_STYLED_ITEM('overriding color',(#10136),#3559,
  #10117);
#10136 = PRESENTATION_STYLE_ASSIGNMENT((#10137,#10142));
#10137 = SURFACE_STYLE_USAGE(.BOTH.,#10138);
#10138 = SURFACE_SIDE_STYLE('',(#10139));
#10139 = SURFACE_STYLE_FILL_AREA(#10140);
#10140 = FILL_AREA_STYLE('',(#10141));
#10141 = FILL_AREA_STYLE_COLOUR('',#9124);
#10142 = CURVE_STYLE('',#10143,POSITIVE_LENGTH_MEASURE(0.1),#9124);
#10143 = DRAUGHTING_PRE_DEFINED_CURVE_FONT('continuous');
#10144 = STYLED_ITEM('color',(#10145),#3578);
#10145 = PRESENTATION_STYLE_ASSIGNMENT((#10146,#10151));
#10146 = SURFACE_STYLE_USAGE(.BOTH.,#10147);
#10147 = SURFACE_SIDE_STYLE('',(#10148));
#10148 = SURFACE_STYLE_FILL_AREA(#10149);
#10149 = FILL_AREA_STYLE('',(#10150));
#10150 = FILL_AREA_STYLE_COLOUR('',#8957);
#10151 = CURVE_STYLE('',#10152,POSITIVE_LENGTH_MEASURE(0.1),#8957);
#10152 = DRAUGHTING_PRE_DEFINED_CURVE_FONT('continuous');
#10153 = STYLED_ITEM('color',(#10154),#3609);
#10154 = PRESENTATION_STYLE_ASSIGNMENT((#10155,#10160));
#10155 = SURFACE_STYLE_USAGE(.BOTH.,#10156);
#10156 = SURFACE_SIDE_STYLE('',(#10157));
#10157 = SURFACE_STYLE_FILL_AREA(#10158);
#10158 = FILL_AREA_STYLE('',(#10159));
#10159 = FILL_AREA_STYLE_COLOUR('',#8957);
#10160 = CURVE_STYLE('',#10161,POSITIVE_LENGTH_MEASURE(0.1),#8957);
#10161 = DRAUGHTING_PRE_DEFINED_CURVE_FONT('continuous');
#10162 = OVER_RIDING_STYLED_ITEM('overriding color',(#10163),#3623,
  #10153);
#10163 = PRESENTATION_STYLE_ASSIGNMENT((#10164,#10169));
#10164 = SURFACE_STYLE_USAGE(.BOTH.,#10165);
#10165 = SURFACE_SIDE_STYLE('',(#10166));
#10166 = SURFACE_STYLE_FILL_AREA(#10167);
#10167 = FILL_AREA_STYLE('',(#10168));
#10168 = FILL_AREA_STYLE_COLOUR('',#9124);
#10169 = CURVE_STYLE('',#10170,POSITIVE_LENGTH_MEASURE(0.1),#9124);
#10170 = DRAUGHTING_PRE_DEFINED_CURVE_FONT('continuous');
#10171 = OVER_RIDING_STYLED_ITEM('overriding color',(#10172),#3639,
  #10153);
#10172 = PRESENTATION_STYLE_ASSIGNMENT((#10173,#10178));
#10173 = SURFACE_STYLE_USAGE(.BOTH.,#10174);
#10174 = SURFACE_SIDE_STYLE('',(#10175));
#10175 = SURFACE_STYLE_FILL_AREA(#10176);
#10176 = FILL_AREA_STYLE('',(#10177));
#10177 = FILL_AREA_STYLE_COLOUR('',#9124);
#10178 = CURVE_STYLE('',#10179,POSITIVE_LENGTH_MEASURE(0.1),#9124);
#10179 = DRAUGHTING_PRE_DEFINED_CURVE_FONT('continuous');
#10180 = STYLED_ITEM('color',(#10181),#3665);
#10181 = PRESENTATION_STYLE_ASSIGNMENT((#10182,#10187));
#10182 = SURFACE_STYLE_USAGE(.BOTH.,#10183);
#10183 = SURFACE_SIDE_STYLE('',(#10184));
#10184 = SURFACE_STYLE_FILL_AREA(#10185);
#10185 = FILL_AREA_STYLE('',(#10186));
#10186 = FILL_AREA_STYLE_COLOUR('',#8957);
#10187 = CURVE_STYLE('',#10188,POSITIVE_LENGTH_MEASURE(0.1),#8957);
#10188 = DRAUGHTING_PRE_DEFINED_CURVE_FONT('continuous');
#10189 = STYLED_ITEM('color',(#10190),#3689);
#10190 = PRESENTATION_STYLE_ASSIGNMENT((#10191,#10196));
#10191 = SURFACE_STYLE_USAGE(.BOTH.,#10192);
#10192 = SURFACE_SIDE_STYLE('',(#10193));
#10193 = SURFACE_STYLE_FILL_AREA(#10194);
#10194 = FILL_AREA_STYLE('',(#10195));
#10195 = FILL_AREA_STYLE_COLOUR('',#8957);
#10196 = CURVE_STYLE('',#10197,POSITIVE_LENGTH_MEASURE(0.1),#8957);
#10197 = DRAUGHTING_PRE_DEFINED_CURVE_FONT('continuous');
#10198 = OVER_RIDING_STYLED_ITEM('overriding color',(#10199),#3703,
  #10189);
#10199 = PRESENTATION_STYLE_ASSIGNMENT((#10200,#10205));
#10200 = SURFACE_STYLE_USAGE(.BOTH.,#10201);
#10201 = SURFACE_SIDE_STYLE('',(#10202));
#10202 = SURFACE_STYLE_FILL_AREA(#10203);
#10203 = FILL_AREA_STYLE('',(#10204));
#10204 = FILL_AREA_STYLE_COLOUR('',#9124);
#10205 = CURVE_STYLE('',#10206,POSITIVE_LENGTH_MEASURE(0.1),#9124);
#10206 = DRAUGHTING_PRE_DEFINED_CURVE_FONT('continuous');
#10207 = OVER_RIDING_STYLED_ITEM('overriding color',(#10208),#3719,
  #10189);
#10208 = PRESENTATION_STYLE_ASSIGNMENT((#10209,#10214));
#10209 = SURFACE_STYLE_USAGE(.BOTH.,#10210);
#10210 = SURFACE_SIDE_STYLE('',(#10211));
#10211 = SURFACE_STYLE_FILL_AREA(#10212);
#10212 = FILL_AREA_STYLE('',(#10213));
#10213 = FILL_AREA_STYLE_COLOUR('',#9124);
#10214 = CURVE_STYLE('',#10215,POSITIVE_LENGTH_MEASURE(0.1),#9124);
#10215 = DRAUGHTING_PRE_DEFINED_CURVE_FONT('continuous');
#10216 = STYLED_ITEM('color',(#10217),#3738);
#10217 = PRESENTATION_STYLE_ASSIGNMENT((#10218,#10223));
#10218 = SURFACE_STYLE_USAGE(.BOTH.,#10219);
#10219 = SURFACE_SIDE_STYLE('',(#10220));
#10220 = SURFACE_STYLE_FILL_AREA(#10221);
#10221 = FILL_AREA_STYLE('',(#10222));
#10222 = FILL_AREA_STYLE_COLOUR('',#8957);
#10223 = CURVE_STYLE('',#10224,POSITIVE_LENGTH_MEASURE(0.1),#8957);
#10224 = DRAUGHTING_PRE_DEFINED_CURVE_FONT('continuous');
#10225 = STYLED_ITEM('color',(#10226),#3769);
#10226 = PRESENTATION_STYLE_ASSIGNMENT((#10227,#10232));
#10227 = SURFACE_STYLE_USAGE(.BOTH.,#10228);
#10228 = SURFACE_SIDE_STYLE('',(#10229));
#10229 = SURFACE_STYLE_FILL_AREA(#10230);
#10230 = FILL_AREA_STYLE('',(#10231));
#10231 = FILL_AREA_STYLE_COLOUR('',#8957);
#10232 = CURVE_STYLE('',#10233,POSITIVE_LENGTH_MEASURE(0.1),#8957);
#10233 = DRAUGHTING_PRE_DEFINED_CURVE_FONT('continuous');
#10234 = OVER_RIDING_STYLED_ITEM('overriding color',(#10235),#3783,
  #10225);
#10235 = PRESENTATION_STYLE_ASSIGNMENT((#10236,#10241));
#10236 = SURFACE_STYLE_USAGE(.BOTH.,#10237);
#10237 = SURFACE_SIDE_STYLE('',(#10238));
#10238 = SURFACE_STYLE_FILL_AREA(#10239);
#10239 = FILL_AREA_STYLE('',(#10240));
#10240 = FILL_AREA_STYLE_COLOUR('',#9124);
#10241 = CURVE_STYLE('',#10242,POSITIVE_LENGTH_MEASURE(0.1),#9124);
#10242 = DRAUGHTING_PRE_DEFINED_CURVE_FONT('continuous');
#10243 = OVER_RIDING_STYLED_ITEM('overriding color',(#10244),#3799,
  #10225);
#10244 = PRESENTATION_STYLE_ASSIGNMENT((#10245,#10250));
#10245 = SURFACE_STYLE_USAGE(.BOTH.,#10246);
#10246 = SURFACE_SIDE_STYLE('',(#10247));
#10247 = SURFACE_STYLE_FILL_AREA(#10248);
#10248 = FILL_AREA_STYLE('',(#10249));
#10249 = FILL_AREA_STYLE_COLOUR('',#9124);
#10250 = CURVE_STYLE('',#10251,POSITIVE_LENGTH_MEASURE(0.1),#9124);
#10251 = DRAUGHTING_PRE_DEFINED_CURVE_FONT('continuous');
#10252 = STYLED_ITEM('color',(#10253),#3825);
#10253 = PRESENTATION_STYLE_ASSIGNMENT((#10254,#10259));
#10254 = SURFACE_STYLE_USAGE(.BOTH.,#10255);
#10255 = SURFACE_SIDE_STYLE('',(#10256));
#10256 = SURFACE_STYLE_FILL_AREA(#10257);
#10257 = FILL_AREA_STYLE('',(#10258));
#10258 = FILL_AREA_STYLE_COLOUR('',#8957);
#10259 = CURVE_STYLE('',#10260,POSITIVE_LENGTH_MEASURE(0.1),#8957);
#10260 = DRAUGHTING_PRE_DEFINED_CURVE_FONT('continuous');
#10261 = STYLED_ITEM('color',(#10262),#3849);
#10262 = PRESENTATION_STYLE_ASSIGNMENT((#10263,#10268));
#10263 = SURFACE_STYLE_USAGE(.BOTH.,#10264);
#10264 = SURFACE_SIDE_STYLE('',(#10265));
#10265 = SURFACE_STYLE_FILL_AREA(#10266);
#10266 = FILL_AREA_STYLE('',(#10267));
#10267 = FILL_AREA_STYLE_COLOUR('',#8957);
#10268 = CURVE_STYLE('',#10269,POSITIVE_LENGTH_MEASURE(0.1),#8957);
#10269 = DRAUGHTING_PRE_DEFINED_CURVE_FONT('continuous');
#10270 = OVER_RIDING_STYLED_ITEM('overriding color',(#10271),#3863,
  #10261);
#10271 = PRESENTATION_STYLE_ASSIGNMENT((#10272,#10277));
#10272 = SURFACE_STYLE_USAGE(.BOTH.,#10273);
#10273 = SURFACE_SIDE_STYLE('',(#10274));
#10274 = SURFACE_STYLE_FILL_AREA(#10275);
#10275 = FILL_AREA_STYLE('',(#10276));
#10276 = FILL_AREA_STYLE_COLOUR('',#9124);
#10277 = CURVE_STYLE('',#10278,POSITIVE_LENGTH_MEASURE(0.1),#9124);
#10278 = DRAUGHTING_PRE_DEFINED_CURVE_FONT('continuous');
#10279 = OVER_RIDING_STYLED_ITEM('overriding color',(#10280),#3879,
  #10261);
#10280 = PRESENTATION_STYLE_ASSIGNMENT((#10281,#10286));
#10281 = SURFACE_STYLE_USAGE(.BOTH.,#10282);
#10282 = SURFACE_SIDE_STYLE('',(#10283));
#10283 = SURFACE_STYLE_FILL_AREA(#10284);
#10284 = FILL_AREA_STYLE('',(#10285));
#10285 = FILL_AREA_STYLE_COLOUR('',#9124);
#10286 = CURVE_STYLE('',#10287,POSITIVE_LENGTH_MEASURE(0.1),#9124);
#10287 = DRAUGHTING_PRE_DEFINED_CURVE_FONT('continuous');
#10288 = STYLED_ITEM('color',(#10289),#3898);
#10289 = PRESENTATION_STYLE_ASSIGNMENT((#10290,#10295));
#10290 = SURFACE_STYLE_USAGE(.BOTH.,#10291);
#10291 = SURFACE_SIDE_STYLE('',(#10292));
#10292 = SURFACE_STYLE_FILL_AREA(#10293);
#10293 = FILL_AREA_STYLE('',(#10294));
#10294 = FILL_AREA_STYLE_COLOUR('',#8957);
#10295 = CURVE_STYLE('',#10296,POSITIVE_LENGTH_MEASURE(0.1),#8957);
#10296 = DRAUGHTING_PRE_DEFINED_CURVE_FONT('continuous');
#10297 = STYLED_ITEM('color',(#10298),#3929);
#10298 = PRESENTATION_STYLE_ASSIGNMENT((#10299,#10304));
#10299 = SURFACE_STYLE_USAGE(.BOTH.,#10300);
#10300 = SURFACE_SIDE_STYLE('',(#10301));
#10301 = SURFACE_STYLE_FILL_AREA(#10302);
#10302 = FILL_AREA_STYLE('',(#10303));
#10303 = FILL_AREA_STYLE_COLOUR('',#8957);
#10304 = CURVE_STYLE('',#10305,POSITIVE_LENGTH_MEASURE(0.1),#8957);
#10305 = DRAUGHTING_PRE_DEFINED_CURVE_FONT('continuous');
#10306 = OVER_RIDING_STYLED_ITEM('overriding color',(#10307),#3943,
  #10297);
#10307 = PRESENTATION_STYLE_ASSIGNMENT((#10308,#10313));
#10308 = SURFACE_STYLE_USAGE(.BOTH.,#10309);
#10309 = SURFACE_SIDE_STYLE('',(#10310));
#10310 = SURFACE_STYLE_FILL_AREA(#10311);
#10311 = FILL_AREA_STYLE('',(#10312));
#10312 = FILL_AREA_STYLE_COLOUR('',#9124);
#10313 = CURVE_STYLE('',#10314,POSITIVE_LENGTH_MEASURE(0.1),#9124);
#10314 = DRAUGHTING_PRE_DEFINED_CURVE_FONT('continuous');
#10315 = OVER_RIDING_STYLED_ITEM('overriding color',(#10316),#3959,
  #10297);
#10316 = PRESENTATION_STYLE_ASSIGNMENT((#10317,#10322));
#10317 = SURFACE_STYLE_USAGE(.BOTH.,#10318);
#10318 = SURFACE_SIDE_STYLE('',(#10319));
#10319 = SURFACE_STYLE_FILL_AREA(#10320);
#10320 = FILL_AREA_STYLE('',(#10321));
#10321 = FILL_AREA_STYLE_COLOUR('',#9124);
#10322 = CURVE_STYLE('',#10323,POSITIVE_LENGTH_MEASURE(0.1),#9124);
#10323 = DRAUGHTING_PRE_DEFINED_CURVE_FONT('continuous');
#10324 = STYLED_ITEM('color',(#10325),#3985);
#10325 = PRESENTATION_STYLE_ASSIGNMENT((#10326,#10331));
#10326 = SURFACE_STYLE_USAGE(.BOTH.,#10327);
#10327 = SURFACE_SIDE_STYLE('',(#10328));
#10328 = SURFACE_STYLE_FILL_AREA(#10329);
#10329 = FILL_AREA_STYLE('',(#10330));
#10330 = FILL_AREA_STYLE_COLOUR('',#8957);
#10331 = CURVE_STYLE('',#10332,POSITIVE_LENGTH_MEASURE(0.1),#8957);
#10332 = DRAUGHTING_PRE_DEFINED_CURVE_FONT('continuous');
#10333 = STYLED_ITEM('color',(#10334),#4009);
#10334 = PRESENTATION_STYLE_ASSIGNMENT((#10335,#10340));
#10335 = SURFACE_STYLE_USAGE(.BOTH.,#10336);
#10336 = SURFACE_SIDE_STYLE('',(#10337));
#10337 = SURFACE_STYLE_FILL_AREA(#10338);
#10338 = FILL_AREA_STYLE('',(#10339));
#10339 = FILL_AREA_STYLE_COLOUR('',#8957);
#10340 = CURVE_STYLE('',#10341,POSITIVE_LENGTH_MEASURE(0.1),#8957);
#10341 = DRAUGHTING_PRE_DEFINED_CURVE_FONT('continuous');
#10342 = OVER_RIDING_STYLED_ITEM('overriding color',(#10343),#4023,
  #10333);
#10343 = PRESENTATION_STYLE_ASSIGNMENT((#10344,#10349));
#10344 = SURFACE_STYLE_USAGE(.BOTH.,#10345);
#10345 = SURFACE_SIDE_STYLE('',(#10346));
#10346 = SURFACE_STYLE_FILL_AREA(#10347);
#10347 = FILL_AREA_STYLE('',(#10348));
#10348 = FILL_AREA_STYLE_COLOUR('',#9124);
#10349 = CURVE_STYLE('',#10350,POSITIVE_LENGTH_MEASURE(0.1),#9124);
#10350 = DRAUGHTING_PRE_DEFINED_CURVE_FONT('continuous');
#10351 = OVER_RIDING_STYLED_ITEM('overriding color',(#10352),#4039,
  #10333);
#10352 = PRESENTATION_STYLE_ASSIGNMENT((#10353,#10358));
#10353 = SURFACE_STYLE_USAGE(.BOTH.,#10354);
#10354 = SURFACE_SIDE_STYLE('',(#10355));
#10355 = SURFACE_STYLE_FILL_AREA(#10356);
#10356 = FILL_AREA_STYLE('',(#10357));
#10357 = FILL_AREA_STYLE_COLOUR('',#9124);
#10358 = CURVE_STYLE('',#10359,POSITIVE_LENGTH_MEASURE(0.1),#9124);
#10359 = DRAUGHTING_PRE_DEFINED_CURVE_FONT('continuous');
#10360 = STYLED_ITEM('color',(#10361),#4058);
#10361 = PRESENTATION_STYLE_ASSIGNMENT((#10362,#10367));
#10362 = SURFACE_STYLE_USAGE(.BOTH.,#10363);
#10363 = SURFACE_SIDE_STYLE('',(#10364));
#10364 = SURFACE_STYLE_FILL_AREA(#10365);
#10365 = FILL_AREA_STYLE('',(#10366));
#10366 = FILL_AREA_STYLE_COLOUR('',#8957);
#10367 = CURVE_STYLE('',#10368,POSITIVE_LENGTH_MEASURE(0.1),#8957);
#10368 = DRAUGHTING_PRE_DEFINED_CURVE_FONT('continuous');
#10369 = STYLED_ITEM('color',(#10370),#4089);
#10370 = PRESENTATION_STYLE_ASSIGNMENT((#10371,#10376));
#10371 = SURFACE_STYLE_USAGE(.BOTH.,#10372);
#10372 = SURFACE_SIDE_STYLE('',(#10373));
#10373 = SURFACE_STYLE_FILL_AREA(#10374);
#10374 = FILL_AREA_STYLE('',(#10375));
#10375 = FILL_AREA_STYLE_COLOUR('',#8957);
#10376 = CURVE_STYLE('',#10377,POSITIVE_LENGTH_MEASURE(0.1),#8957);
#10377 = DRAUGHTING_PRE_DEFINED_CURVE_FONT('continuous');
#10378 = OVER_RIDING_STYLED_ITEM('overriding color',(#10379),#4103,
  #10369);
#10379 = PRESENTATION_STYLE_ASSIGNMENT((#10380,#10385));
#10380 = SURFACE_STYLE_USAGE(.BOTH.,#10381);
#10381 = SURFACE_SIDE_STYLE('',(#10382));
#10382 = SURFACE_STYLE_FILL_AREA(#10383);
#10383 = FILL_AREA_STYLE('',(#10384));
#10384 = FILL_AREA_STYLE_COLOUR('',#9124);
#10385 = CURVE_STYLE('',#10386,POSITIVE_LENGTH_MEASURE(0.1),#9124);
#10386 = DRAUGHTING_PRE_DEFINED_CURVE_FONT('continuous');
#10387 = OVER_RIDING_STYLED_ITEM('overriding color',(#10388),#4119,
  #10369);
#10388 = PRESENTATION_STYLE_ASSIGNMENT((#10389,#10394));
#10389 = SURFACE_STYLE_USAGE(.BOTH.,#10390);
#10390 = SURFACE_SIDE_STYLE('',(#10391));
#10391 = SURFACE_STYLE_FILL_AREA(#10392);
#10392 = FILL_AREA_STYLE('',(#10393));
#10393 = FILL_AREA_STYLE_COLOUR('',#9124);
#10394 = CURVE_STYLE('',#10395,POSITIVE_LENGTH_MEASURE(0.1),#9124);
#10395 = DRAUGHTING_PRE_DEFINED_CURVE_FONT('continuous');
#10396 = STYLED_ITEM('color',(#10397),#4145);
#10397 = PRESENTATION_STYLE_ASSIGNMENT((#10398,#10403));
#10398 = SURFACE_STYLE_USAGE(.BOTH.,#10399);
#10399 = SURFACE_SIDE_STYLE('',(#10400));
#10400 = SURFACE_STYLE_FILL_AREA(#10401);
#10401 = FILL_AREA_STYLE('',(#10402));
#10402 = FILL_AREA_STYLE_COLOUR('',#8957);
#10403 = CURVE_STYLE('',#10404,POSITIVE_LENGTH_MEASURE(0.1),#8957);
#10404 = DRAUGHTING_PRE_DEFINED_CURVE_FONT('continuous');
#10405 = STYLED_ITEM('color',(#10406),#4169);
#10406 = PRESENTATION_STYLE_ASSIGNMENT((#10407,#10412));
#10407 = SURFACE_STYLE_USAGE(.BOTH.,#10408);
#10408 = SURFACE_SIDE_STYLE('',(#10409));
#10409 = SURFACE_STYLE_FILL_AREA(#10410);
#10410 = FILL_AREA_STYLE('',(#10411));
#10411 = FILL_AREA_STYLE_COLOUR('',#8957);
#10412 = CURVE_STYLE('',#10413,POSITIVE_LENGTH_MEASURE(0.1),#8957);
#10413 = DRAUGHTING_PRE_DEFINED_CURVE_FONT('continuous');
#10414 = OVER_RIDING_STYLED_ITEM('overriding color',(#10415),#4183,
  #10405);
#10415 = PRESENTATION_STYLE_ASSIGNMENT((#10416,#10421));
#10416 = SURFACE_STYLE_USAGE(.BOTH.,#10417);
#10417 = SURFACE_SIDE_STYLE('',(#10418));
#10418 = SURFACE_STYLE_FILL_AREA(#10419);
#10419 = FILL_AREA_STYLE('',(#10420));
#10420 = FILL_AREA_STYLE_COLOUR('',#9124);
#10421 = CURVE_STYLE('',#10422,POSITIVE_LENGTH_MEASURE(0.1),#9124);
#10422 = DRAUGHTING_PRE_DEFINED_CURVE_FONT('continuous');
#10423 = OVER_RIDING_STYLED_ITEM('overriding color',(#10424),#4199,
  #10405);
#10424 = PRESENTATION_STYLE_ASSIGNMENT((#10425,#10430));
#10425 = SURFACE_STYLE_USAGE(.BOTH.,#10426);
#10426 = SURFACE_SIDE_STYLE('',(#10427));
#10427 = SURFACE_STYLE_FILL_AREA(#10428);
#10428 = FILL_AREA_STYLE('',(#10429));
#10429 = FILL_AREA_STYLE_COLOUR('',#9124);
#10430 = CURVE_STYLE('',#10431,POSITIVE_LENGTH_MEASURE(0.1),#9124);
#10431 = DRAUGHTING_PRE_DEFINED_CURVE_FONT('continuous');
#10432 = STYLED_ITEM('color',(#10433),#4218);
#10433 = PRESENTATION_STYLE_ASSIGNMENT((#10434,#10439));
#10434 = SURFACE_STYLE_USAGE(.BOTH.,#10435);
#10435 = SURFACE_SIDE_STYLE('',(#10436));
#10436 = SURFACE_STYLE_FILL_AREA(#10437);
#10437 = FILL_AREA_STYLE('',(#10438));
#10438 = FILL_AREA_STYLE_COLOUR('',#9124);
#10439 = CURVE_STYLE('',#10440,POSITIVE_LENGTH_MEASURE(0.1),#9124);
#10440 = DRAUGHTING_PRE_DEFINED_CURVE_FONT('continuous');
#10441 = STYLED_ITEM('color',(#10442),#4235);
#10442 = PRESENTATION_STYLE_ASSIGNMENT((#10443,#10448));
#10443 = SURFACE_STYLE_USAGE(.BOTH.,#10444);
#10444 = SURFACE_SIDE_STYLE('',(#10445));
#10445 = SURFACE_STYLE_FILL_AREA(#10446);
#10446 = FILL_AREA_STYLE('',(#10447));
#10447 = FILL_AREA_STYLE_COLOUR('',#9124);
#10448 = CURVE_STYLE('',#10449,POSITIVE_LENGTH_MEASURE(0.1),#9124);
#10449 = DRAUGHTING_PRE_DEFINED_CURVE_FONT('continuous');
#10450 = STYLED_ITEM('color',(#10451),#4252);
#10451 = PRESENTATION_STYLE_ASSIGNMENT((#10452,#10457));
#10452 = SURFACE_STYLE_USAGE(.BOTH.,#10453);
#10453 = SURFACE_SIDE_STYLE('',(#10454));
#10454 = SURFACE_STYLE_FILL_AREA(#10455);
#10455 = FILL_AREA_STYLE('',(#10456));
#10456 = FILL_AREA_STYLE_COLOUR('',#9124);
#10457 = CURVE_STYLE('',#10458,POSITIVE_LENGTH_MEASURE(0.1),#9124);
#10458 = DRAUGHTING_PRE_DEFINED_CURVE_FONT('continuous');
#10459 = STYLED_ITEM('color',(#10460),#4269);
#10460 = PRESENTATION_STYLE_ASSIGNMENT((#10461,#10466));
#10461 = SURFACE_STYLE_USAGE(.BOTH.,#10462);
#10462 = SURFACE_SIDE_STYLE('',(#10463));
#10463 = SURFACE_STYLE_FILL_AREA(#10464);
#10464 = FILL_AREA_STYLE('',(#10465));
#10465 = FILL_AREA_STYLE_COLOUR('',#9124);
#10466 = CURVE_STYLE('',#10467,POSITIVE_LENGTH_MEASURE(0.1),#9124);
#10467 = DRAUGHTING_PRE_DEFINED_CURVE_FONT('continuous');
#10468 = STYLED_ITEM('color',(#10469),#4286);
#10469 = PRESENTATION_STYLE_ASSIGNMENT((#10470,#10475));
#10470 = SURFACE_STYLE_USAGE(.BOTH.,#10471);
#10471 = SURFACE_SIDE_STYLE('',(#10472));
#10472 = SURFACE_STYLE_FILL_AREA(#10473);
#10473 = FILL_AREA_STYLE('',(#10474));
#10474 = FILL_AREA_STYLE_COLOUR('',#9124);
#10475 = CURVE_STYLE('',#10476,POSITIVE_LENGTH_MEASURE(0.1),#9124);
#10476 = DRAUGHTING_PRE_DEFINED_CURVE_FONT('continuous');
#10477 = STYLED_ITEM('color',(#10478),#4298);
#10478 = PRESENTATION_STYLE_ASSIGNMENT((#10479,#10484));
#10479 = SURFACE_STYLE_USAGE(.BOTH.,#10480);
#10480 = SURFACE_SIDE_STYLE('',(#10481));
#10481 = SURFACE_STYLE_FILL_AREA(#10482);
#10482 = FILL_AREA_STYLE('',(#10483));
#10483 = FILL_AREA_STYLE_COLOUR('',#9124);
#10484 = CURVE_STYLE('',#10485,POSITIVE_LENGTH_MEASURE(0.1),#9124);
#10485 = DRAUGHTING_PRE_DEFINED_CURVE_FONT('continuous');
#10486 = STYLED_ITEM('color',(#10487),#4315);
#10487 = PRESENTATION_STYLE_ASSIGNMENT((#10488,#10493));
#10488 = SURFACE_STYLE_USAGE(.BOTH.,#10489);
#10489 = SURFACE_SIDE_STYLE('',(#10490));
#10490 = SURFACE_STYLE_FILL_AREA(#10491);
#10491 = FILL_AREA_STYLE('',(#10492));
#10492 = FILL_AREA_STYLE_COLOUR('',#9124);
#10493 = CURVE_STYLE('',#10494,POSITIVE_LENGTH_MEASURE(0.1),#9124);
#10494 = DRAUGHTING_PRE_DEFINED_CURVE_FONT('continuous');
#10495 = STYLED_ITEM('color',(#10496),#4332);
#10496 = PRESENTATION_STYLE_ASSIGNMENT((#10497,#10502));
#10497 = SURFACE_STYLE_USAGE(.BOTH.,#10498);
#10498 = SURFACE_SIDE_STYLE('',(#10499));
#10499 = SURFACE_STYLE_FILL_AREA(#10500);
#10500 = FILL_AREA_STYLE('',(#10501));
#10501 = FILL_AREA_STYLE_COLOUR('',#9124);
#10502 = CURVE_STYLE('',#10503,POSITIVE_LENGTH_MEASURE(0.1),#9124);
#10503 = DRAUGHTING_PRE_DEFINED_CURVE_FONT('continuous');
#10504 = STYLED_ITEM('color',(#10505),#4349);
#10505 = PRESENTATION_STYLE_ASSIGNMENT((#10506,#10511));
#10506 = SURFACE_STYLE_USAGE(.BOTH.,#10507);
#10507 = SURFACE_SIDE_STYLE('',(#10508));
#10508 = SURFACE_STYLE_FILL_AREA(#10509);
#10509 = FILL_AREA_STYLE('',(#10510));
#10510 = FILL_AREA_STYLE_COLOUR('',#9124);
#10511 = CURVE_STYLE('',#10512,POSITIVE_LENGTH_MEASURE(0.1),#9124);
#10512 = DRAUGHTING_PRE_DEFINED_CURVE_FONT('continuous');
#10513 = STYLED_ITEM('color',(#10514),#4366);
#10514 = PRESENTATION_STYLE_ASSIGNMENT((#10515,#10520));
#10515 = SURFACE_STYLE_USAGE(.BOTH.,#10516);
#10516 = SURFACE_SIDE_STYLE('',(#10517));
#10517 = SURFACE_STYLE_FILL_AREA(#10518);
#10518 = FILL_AREA_STYLE('',(#10519));
#10519 = FILL_AREA_STYLE_COLOUR('',#9124);
#10520 = CURVE_STYLE('',#10521,POSITIVE_LENGTH_MEASURE(0.1),#9124);
#10521 = DRAUGHTING_PRE_DEFINED_CURVE_FONT('continuous');
#10522 = STYLED_ITEM('color',(#10523),#4378);
#10523 = PRESENTATION_STYLE_ASSIGNMENT((#10524,#10529));
#10524 = SURFACE_STYLE_USAGE(.BOTH.,#10525);
#10525 = SURFACE_SIDE_STYLE('',(#10526));
#10526 = SURFACE_STYLE_FILL_AREA(#10527);
#10527 = FILL_AREA_STYLE('',(#10528));
#10528 = FILL_AREA_STYLE_COLOUR('',#9124);
#10529 = CURVE_STYLE('',#10530,POSITIVE_LENGTH_MEASURE(0.1),#9124);
#10530 = DRAUGHTING_PRE_DEFINED_CURVE_FONT('continuous');
#10531 = STYLED_ITEM('color',(#10532),#4395);
#10532 = PRESENTATION_STYLE_ASSIGNMENT((#10533,#10538));
#10533 = SURFACE_STYLE_USAGE(.BOTH.,#10534);
#10534 = SURFACE_SIDE_STYLE('',(#10535));
#10535 = SURFACE_STYLE_FILL_AREA(#10536);
#10536 = FILL_AREA_STYLE('',(#10537));
#10537 = FILL_AREA_STYLE_COLOUR('',#9124);
#10538 = CURVE_STYLE('',#10539,POSITIVE_LENGTH_MEASURE(0.1),#9124);
#10539 = DRAUGHTING_PRE_DEFINED_CURVE_FONT('continuous');
#10540 = STYLED_ITEM('color',(#10541),#4412);
#10541 = PRESENTATION_STYLE_ASSIGNMENT((#10542,#10547));
#10542 = SURFACE_STYLE_USAGE(.BOTH.,#10543);
#10543 = SURFACE_SIDE_STYLE('',(#10544));
#10544 = SURFACE_STYLE_FILL_AREA(#10545);
#10545 = FILL_AREA_STYLE('',(#10546));
#10546 = FILL_AREA_STYLE_COLOUR('',#9124);
#10547 = CURVE_STYLE('',#10548,POSITIVE_LENGTH_MEASURE(0.1),#9124);
#10548 = DRAUGHTING_PRE_DEFINED_CURVE_FONT('continuous');
#10549 = STYLED_ITEM('color',(#10550),#4429);
#10550 = PRESENTATION_STYLE_ASSIGNMENT((#10551,#10556));
#10551 = SURFACE_STYLE_USAGE(.BOTH.,#10552);
#10552 = SURFACE_SIDE_STYLE('',(#10553));
#10553 = SURFACE_STYLE_FILL_AREA(#10554);
#10554 = FILL_AREA_STYLE('',(#10555));
#10555 = FILL_AREA_STYLE_COLOUR('',#9124);
#10556 = CURVE_STYLE('',#10557,POSITIVE_LENGTH_MEASURE(0.1),#9124);
#10557 = DRAUGHTING_PRE_DEFINED_CURVE_FONT('continuous');
#10558 = STYLED_ITEM('color',(#10559),#4446);
#10559 = PRESENTATION_STYLE_ASSIGNMENT((#10560,#10565));
#10560 = SURFACE_STYLE_USAGE(.BOTH.,#10561);
#10561 = SURFACE_SIDE_STYLE('',(#10562));
#10562 = SURFACE_STYLE_FILL_AREA(#10563);
#10563 = FILL_AREA_STYLE('',(#10564));
#10564 = FILL_AREA_STYLE_COLOUR('',#9124);
#10565 = CURVE_STYLE('',#10566,POSITIVE_LENGTH_MEASURE(0.1),#9124);
#10566 = DRAUGHTING_PRE_DEFINED_CURVE_FONT('continuous');
#10567 = STYLED_ITEM('color',(#10568),#4458);
#10568 = PRESENTATION_STYLE_ASSIGNMENT((#10569,#10574));
#10569 = SURFACE_STYLE_USAGE(.BOTH.,#10570);
#10570 = SURFACE_SIDE_STYLE('',(#10571));
#10571 = SURFACE_STYLE_FILL_AREA(#10572);
#10572 = FILL_AREA_STYLE('',(#10573));
#10573 = FILL_AREA_STYLE_COLOUR('',#9124);
#10574 = CURVE_STYLE('',#10575,POSITIVE_LENGTH_MEASURE(0.1),#9124);
#10575 = DRAUGHTING_PRE_DEFINED_CURVE_FONT('continuous');
#10576 = STYLED_ITEM('color',(#10577),#4475);
#10577 = PRESENTATION_STYLE_ASSIGNMENT((#10578,#10583));
#10578 = SURFACE_STYLE_USAGE(.BOTH.,#10579);
#10579 = SURFACE_SIDE_STYLE('',(#10580));
#10580 = SURFACE_STYLE_FILL_AREA(#10581);
#10581 = FILL_AREA_STYLE('',(#10582));
#10582 = FILL_AREA_STYLE_COLOUR('',#9124);
#10583 = CURVE_STYLE('',#10584,POSITIVE_LENGTH_MEASURE(0.1),#9124);
#10584 = DRAUGHTING_PRE_DEFINED_CURVE_FONT('continuous');
#10585 = STYLED_ITEM('color',(#10586),#4492);
#10586 = PRESENTATION_STYLE_ASSIGNMENT((#10587,#10592));
#10587 = SURFACE_STYLE_USAGE(.BOTH.,#10588);
#10588 = SURFACE_SIDE_STYLE('',(#10589));
#10589 = SURFACE_STYLE_FILL_AREA(#10590);
#10590 = FILL_AREA_STYLE('',(#10591));
#10591 = FILL_AREA_STYLE_COLOUR('',#9124);
#10592 = CURVE_STYLE('',#10593,POSITIVE_LENGTH_MEASURE(0.1),#9124);
#10593 = DRAUGHTING_PRE_DEFINED_CURVE_FONT('continuous');
#10594 = STYLED_ITEM('color',(#10595),#4509);
#10595 = PRESENTATION_STYLE_ASSIGNMENT((#10596,#10601));
#10596 = SURFACE_STYLE_USAGE(.BOTH.,#10597);
#10597 = SURFACE_SIDE_STYLE('',(#10598));
#10598 = SURFACE_STYLE_FILL_AREA(#10599);
#10599 = FILL_AREA_STYLE('',(#10600));
#10600 = FILL_AREA_STYLE_COLOUR('',#9124);
#10601 = CURVE_STYLE('',#10602,POSITIVE_LENGTH_MEASURE(0.1),#9124);
#10602 = DRAUGHTING_PRE_DEFINED_CURVE_FONT('continuous');
#10603 = STYLED_ITEM('color',(#10604),#4526);
#10604 = PRESENTATION_STYLE_ASSIGNMENT((#10605,#10610));
#10605 = SURFACE_STYLE_USAGE(.BOTH.,#10606);
#10606 = SURFACE_SIDE_STYLE('',(#10607));
#10607 = SURFACE_STYLE_FILL_AREA(#10608);
#10608 = FILL_AREA_STYLE('',(#10609));
#10609 = FILL_AREA_STYLE_COLOUR('',#9124);
#10610 = CURVE_STYLE('',#10611,POSITIVE_LENGTH_MEASURE(0.1),#9124);
#10611 = DRAUGHTING_PRE_DEFINED_CURVE_FONT('continuous');
#10612 = STYLED_ITEM('color',(#10613),#4538);
#10613 = PRESENTATION_STYLE_ASSIGNMENT((#10614,#10619));
#10614 = SURFACE_STYLE_USAGE(.BOTH.,#10615);
#10615 = SURFACE_SIDE_STYLE('',(#10616));
#10616 = SURFACE_STYLE_FILL_AREA(#10617);
#10617 = FILL_AREA_STYLE('',(#10618));
#10618 = FILL_AREA_STYLE_COLOUR('',#9124);
#10619 = CURVE_STYLE('',#10620,POSITIVE_LENGTH_MEASURE(0.1),#9124);
#10620 = DRAUGHTING_PRE_DEFINED_CURVE_FONT('continuous');
#10621 = STYLED_ITEM('color',(#10622),#4555);
#10622 = PRESENTATION_STYLE_ASSIGNMENT((#10623,#10628));
#10623 = SURFACE_STYLE_USAGE(.BOTH.,#10624);
#10624 = SURFACE_SIDE_STYLE('',(#10625));
#10625 = SURFACE_STYLE_FILL_AREA(#10626);
#10626 = FILL_AREA_STYLE('',(#10627));
#10627 = FILL_AREA_STYLE_COLOUR('',#9124);
#10628 = CURVE_STYLE('',#10629,POSITIVE_LENGTH_MEASURE(0.1),#9124);
#10629 = DRAUGHTING_PRE_DEFINED_CURVE_FONT('continuous');
#10630 = STYLED_ITEM('color',(#10631),#4572);
#10631 = PRESENTATION_STYLE_ASSIGNMENT((#10632,#10637));
#10632 = SURFACE_STYLE_USAGE(.BOTH.,#10633);
#10633 = SURFACE_SIDE_STYLE('',(#10634));
#10634 = SURFACE_STYLE_FILL_AREA(#10635);
#10635 = FILL_AREA_STYLE('',(#10636));
#10636 = FILL_AREA_STYLE_COLOUR('',#9124);
#10637 = CURVE_STYLE('',#10638,POSITIVE_LENGTH_MEASURE(0.1),#9124);
#10638 = DRAUGHTING_PRE_DEFINED_CURVE_FONT('continuous');
#10639 = STYLED_ITEM('color',(#10640),#4589);
#10640 = PRESENTATION_STYLE_ASSIGNMENT((#10641,#10646));
#10641 = SURFACE_STYLE_USAGE(.BOTH.,#10642);
#10642 = SURFACE_SIDE_STYLE('',(#10643));
#10643 = SURFACE_STYLE_FILL_AREA(#10644);
#10644 = FILL_AREA_STYLE('',(#10645));
#10645 = FILL_AREA_STYLE_COLOUR('',#9124);
#10646 = CURVE_STYLE('',#10647,POSITIVE_LENGTH_MEASURE(0.1),#9124);
#10647 = DRAUGHTING_PRE_DEFINED_CURVE_FONT('continuous');
#10648 = STYLED_ITEM('color',(#10649),#4606);
#10649 = PRESENTATION_STYLE_ASSIGNMENT((#10650,#10655));
#10650 = SURFACE_STYLE_USAGE(.BOTH.,#10651);
#10651 = SURFACE_SIDE_STYLE('',(#10652));
#10652 = SURFACE_STYLE_FILL_AREA(#10653);
#10653 = FILL_AREA_STYLE('',(#10654));
#10654 = FILL_AREA_STYLE_COLOUR('',#9124);
#10655 = CURVE_STYLE('',#10656,POSITIVE_LENGTH_MEASURE(0.1),#9124);
#10656 = DRAUGHTING_PRE_DEFINED_CURVE_FONT('continuous');
#10657 = STYLED_ITEM('color',(#10658),#4618);
#10658 = PRESENTATION_STYLE_ASSIGNMENT((#10659,#10664));
#10659 = SURFACE_STYLE_USAGE(.BOTH.,#10660);
#10660 = SURFACE_SIDE_STYLE('',(#10661));
#10661 = SURFACE_STYLE_FILL_AREA(#10662);
#10662 = FILL_AREA_STYLE('',(#10663));
#10663 = FILL_AREA_STYLE_COLOUR('',#9124);
#10664 = CURVE_STYLE('',#10665,POSITIVE_LENGTH_MEASURE(0.1),#9124);
#10665 = DRAUGHTING_PRE_DEFINED_CURVE_FONT('continuous');
#10666 = STYLED_ITEM('color',(#10667),#4635);
#10667 = PRESENTATION_STYLE_ASSIGNMENT((#10668,#10673));
#10668 = SURFACE_STYLE_USAGE(.BOTH.,#10669);
#10669 = SURFACE_SIDE_STYLE('',(#10670));
#10670 = SURFACE_STYLE_FILL_AREA(#10671);
#10671 = FILL_AREA_STYLE('',(#10672));
#10672 = FILL_AREA_STYLE_COLOUR('',#9124);
#10673 = CURVE_STYLE('',#10674,POSITIVE_LENGTH_MEASURE(0.1),#9124);
#10674 = DRAUGHTING_PRE_DEFINED_CURVE_FONT('continuous');
#10675 = STYLED_ITEM('color',(#10676),#4652);
#10676 = PRESENTATION_STYLE_ASSIGNMENT((#10677,#10682));
#10677 = SURFACE_STYLE_USAGE(.BOTH.,#10678);
#10678 = SURFACE_SIDE_STYLE('',(#10679));
#10679 = SURFACE_STYLE_FILL_AREA(#10680);
#10680 = FILL_AREA_STYLE('',(#10681));
#10681 = FILL_AREA_STYLE_COLOUR('',#9124);
#10682 = CURVE_STYLE('',#10683,POSITIVE_LENGTH_MEASURE(0.1),#9124);
#10683 = DRAUGHTING_PRE_DEFINED_CURVE_FONT('continuous');
#10684 = STYLED_ITEM('color',(#10685),#4669);
#10685 = PRESENTATION_STYLE_ASSIGNMENT((#10686,#10691));
#10686 = SURFACE_STYLE_USAGE(.BOTH.,#10687);
#10687 = SURFACE_SIDE_STYLE('',(#10688));
#10688 = SURFACE_STYLE_FILL_AREA(#10689);
#10689 = FILL_AREA_STYLE('',(#10690));
#10690 = FILL_AREA_STYLE_COLOUR('',#9124);
#10691 = CURVE_STYLE('',#10692,POSITIVE_LENGTH_MEASURE(0.1),#9124);
#10692 = DRAUGHTING_PRE_DEFINED_CURVE_FONT('continuous');
#10693 = STYLED_ITEM('color',(#10694),#4686);
#10694 = PRESENTATION_STYLE_ASSIGNMENT((#10695,#10700));
#10695 = SURFACE_STYLE_USAGE(.BOTH.,#10696);
#10696 = SURFACE_SIDE_STYLE('',(#10697));
#10697 = SURFACE_STYLE_FILL_AREA(#10698);
#10698 = FILL_AREA_STYLE('',(#10699));
#10699 = FILL_AREA_STYLE_COLOUR('',#9124);
#10700 = CURVE_STYLE('',#10701,POSITIVE_LENGTH_MEASURE(0.1),#9124);
#10701 = DRAUGHTING_PRE_DEFINED_CURVE_FONT('continuous');
#10702 = STYLED_ITEM('color',(#10703),#4698);
#10703 = PRESENTATION_STYLE_ASSIGNMENT((#10704,#10709));
#10704 = SURFACE_STYLE_USAGE(.BOTH.,#10705);
#10705 = SURFACE_SIDE_STYLE('',(#10706));
#10706 = SURFACE_STYLE_FILL_AREA(#10707);
#10707 = FILL_AREA_STYLE('',(#10708));
#10708 = FILL_AREA_STYLE_COLOUR('',#9124);
#10709 = CURVE_STYLE('',#10710,POSITIVE_LENGTH_MEASURE(0.1),#9124);
#10710 = DRAUGHTING_PRE_DEFINED_CURVE_FONT('continuous');
#10711 = STYLED_ITEM('color',(#10712),#4715);
#10712 = PRESENTATION_STYLE_ASSIGNMENT((#10713,#10718));
#10713 = SURFACE_STYLE_USAGE(.BOTH.,#10714);
#10714 = SURFACE_SIDE_STYLE('',(#10715));
#10715 = SURFACE_STYLE_FILL_AREA(#10716);
#10716 = FILL_AREA_STYLE('',(#10717));
#10717 = FILL_AREA_STYLE_COLOUR('',#9124);
#10718 = CURVE_STYLE('',#10719,POSITIVE_LENGTH_MEASURE(0.1),#9124);
#10719 = DRAUGHTING_PRE_DEFINED_CURVE_FONT('continuous');
#10720 = STYLED_ITEM('color',(#10721),#4732);
#10721 = PRESENTATION_STYLE_ASSIGNMENT((#10722,#10727));
#10722 = SURFACE_STYLE_USAGE(.BOTH.,#10723);
#10723 = SURFACE_SIDE_STYLE('',(#10724));
#10724 = SURFACE_STYLE_FILL_AREA(#10725);
#10725 = FILL_AREA_STYLE('',(#10726));
#10726 = FILL_AREA_STYLE_COLOUR('',#9124);
#10727 = CURVE_STYLE('',#10728,POSITIVE_LENGTH_MEASURE(0.1),#9124);
#10728 = DRAUGHTING_PRE_DEFINED_CURVE_FONT('continuous');
#10729 = STYLED_ITEM('color',(#10730),#4749);
#10730 = PRESENTATION_STYLE_ASSIGNMENT((#10731,#10736));
#10731 = SURFACE_STYLE_USAGE(.BOTH.,#10732);
#10732 = SURFACE_SIDE_STYLE('',(#10733));
#10733 = SURFACE_STYLE_FILL_AREA(#10734);
#10734 = FILL_AREA_STYLE('',(#10735));
#10735 = FILL_AREA_STYLE_COLOUR('',#9124);
#10736 = CURVE_STYLE('',#10737,POSITIVE_LENGTH_MEASURE(0.1),#9124);
#10737 = DRAUGHTING_PRE_DEFINED_CURVE_FONT('continuous');
#10738 = STYLED_ITEM('color',(#10739),#4766);
#10739 = PRESENTATION_STYLE_ASSIGNMENT((#10740,#10745));
#10740 = SURFACE_STYLE_USAGE(.BOTH.,#10741);
#10741 = SURFACE_SIDE_STYLE('',(#10742));
#10742 = SURFACE_STYLE_FILL_AREA(#10743);
#10743 = FILL_AREA_STYLE('',(#10744));
#10744 = FILL_AREA_STYLE_COLOUR('',#9124);
#10745 = CURVE_STYLE('',#10746,POSITIVE_LENGTH_MEASURE(0.1),#9124);
#10746 = DRAUGHTING_PRE_DEFINED_CURVE_FONT('continuous');
#10747 = STYLED_ITEM('color',(#10748),#4778);
#10748 = PRESENTATION_STYLE_ASSIGNMENT((#10749,#10754));
#10749 = SURFACE_STYLE_USAGE(.BOTH.,#10750);
#10750 = SURFACE_SIDE_STYLE('',(#10751));
#10751 = SURFACE_STYLE_FILL_AREA(#10752);
#10752 = FILL_AREA_STYLE('',(#10753));
#10753 = FILL_AREA_STYLE_COLOUR('',#9124);
#10754 = CURVE_STYLE('',#10755,POSITIVE_LENGTH_MEASURE(0.1),#9124);
#10755 = DRAUGHTING_PRE_DEFINED_CURVE_FONT('continuous');
#10756 = STYLED_ITEM('color',(#10757),#4795);
#10757 = PRESENTATION_STYLE_ASSIGNMENT((#10758,#10763));
#10758 = SURFACE_STYLE_USAGE(.BOTH.,#10759);
#10759 = SURFACE_SIDE_STYLE('',(#10760));
#10760 = SURFACE_STYLE_FILL_AREA(#10761);
#10761 = FILL_AREA_STYLE('',(#10762));
#10762 = FILL_AREA_STYLE_COLOUR('',#9124);
#10763 = CURVE_STYLE('',#10764,POSITIVE_LENGTH_MEASURE(0.1),#9124);
#10764 = DRAUGHTING_PRE_DEFINED_CURVE_FONT('continuous');
#10765 = STYLED_ITEM('color',(#10766),#4812);
#10766 = PRESENTATION_STYLE_ASSIGNMENT((#10767,#10772));
#10767 = SURFACE_STYLE_USAGE(.BOTH.,#10768);
#10768 = SURFACE_SIDE_STYLE('',(#10769));
#10769 = SURFACE_STYLE_FILL_AREA(#10770);
#10770 = FILL_AREA_STYLE('',(#10771));
#10771 = FILL_AREA_STYLE_COLOUR('',#9124);
#10772 = CURVE_STYLE('',#10773,POSITIVE_LENGTH_MEASURE(0.1),#9124);
#10773 = DRAUGHTING_PRE_DEFINED_CURVE_FONT('continuous');
#10774 = STYLED_ITEM('color',(#10775),#4829);
#10775 = PRESENTATION_STYLE_ASSIGNMENT((#10776,#10781));
#10776 = SURFACE_STYLE_USAGE(.BOTH.,#10777);
#10777 = SURFACE_SIDE_STYLE('',(#10778));
#10778 = SURFACE_STYLE_FILL_AREA(#10779);
#10779 = FILL_AREA_STYLE('',(#10780));
#10780 = FILL_AREA_STYLE_COLOUR('',#9124);
#10781 = CURVE_STYLE('',#10782,POSITIVE_LENGTH_MEASURE(0.1),#9124);
#10782 = DRAUGHTING_PRE_DEFINED_CURVE_FONT('continuous');
#10783 = STYLED_ITEM('color',(#10784),#4846);
#10784 = PRESENTATION_STYLE_ASSIGNMENT((#10785,#10790));
#10785 = SURFACE_STYLE_USAGE(.BOTH.,#10786);
#10786 = SURFACE_SIDE_STYLE('',(#10787));
#10787 = SURFACE_STYLE_FILL_AREA(#10788);
#10788 = FILL_AREA_STYLE('',(#10789));
#10789 = FILL_AREA_STYLE_COLOUR('',#9124);
#10790 = CURVE_STYLE('',#10791,POSITIVE_LENGTH_MEASURE(0.1),#9124);
#10791 = DRAUGHTING_PRE_DEFINED_CURVE_FONT('continuous');
#10792 = STYLED_ITEM('color',(#10793),#4858);
#10793 = PRESENTATION_STYLE_ASSIGNMENT((#10794,#10799));
#10794 = SURFACE_STYLE_USAGE(.BOTH.,#10795);
#10795 = SURFACE_SIDE_STYLE('',(#10796));
#10796 = SURFACE_STYLE_FILL_AREA(#10797);
#10797 = FILL_AREA_STYLE('',(#10798));
#10798 = FILL_AREA_STYLE_COLOUR('',#8957);
#10799 = CURVE_STYLE('',#10800,POSITIVE_LENGTH_MEASURE(0.1),#8957);
#10800 = DRAUGHTING_PRE_DEFINED_CURVE_FONT('continuous');
#10801 = OVER_RIDING_STYLED_ITEM('overriding color',(#10802),#4865,
  #10792);
#10802 = PRESENTATION_STYLE_ASSIGNMENT((#10803,#10808));
#10803 = SURFACE_STYLE_USAGE(.BOTH.,#10804);
#10804 = SURFACE_SIDE_STYLE('',(#10805));
#10805 = SURFACE_STYLE_FILL_AREA(#10806);
#10806 = FILL_AREA_STYLE('',(#10807));
#10807 = FILL_AREA_STYLE_COLOUR('',#9124);
#10808 = CURVE_STYLE('',#10809,POSITIVE_LENGTH_MEASURE(0.1),#9124);
#10809 = DRAUGHTING_PRE_DEFINED_CURVE_FONT('continuous');
#10810 = STYLED_ITEM('color',(#10811),#4875);
#10811 = PRESENTATION_STYLE_ASSIGNMENT((#10812,#10817));
#10812 = SURFACE_STYLE_USAGE(.BOTH.,#10813);
#10813 = SURFACE_SIDE_STYLE('',(#10814));
#10814 = SURFACE_STYLE_FILL_AREA(#10815);
#10815 = FILL_AREA_STYLE('',(#10816));
#10816 = FILL_AREA_STYLE_COLOUR('',#8957);
#10817 = CURVE_STYLE('',#10818,POSITIVE_LENGTH_MEASURE(0.1),#8957);
#10818 = DRAUGHTING_PRE_DEFINED_CURVE_FONT('continuous');
#10819 = OVER_RIDING_STYLED_ITEM('overriding color',(#10820),#4880,
  #10810);
#10820 = PRESENTATION_STYLE_ASSIGNMENT((#10821,#10826));
#10821 = SURFACE_STYLE_USAGE(.BOTH.,#10822);
#10822 = SURFACE_SIDE_STYLE('',(#10823));
#10823 = SURFACE_STYLE_FILL_AREA(#10824);
#10824 = FILL_AREA_STYLE('',(#10825));
#10825 = FILL_AREA_STYLE_COLOUR('',#9124);
#10826 = CURVE_STYLE('',#10827,POSITIVE_LENGTH_MEASURE(0.1),#9124);
#10827 = DRAUGHTING_PRE_DEFINED_CURVE_FONT('continuous');
#10828 = STYLED_ITEM('color',(#10829),#4892);
#10829 = PRESENTATION_STYLE_ASSIGNMENT((#10830,#10835));
#10830 = SURFACE_STYLE_USAGE(.BOTH.,#10831);
#10831 = SURFACE_SIDE_STYLE('',(#10832));
#10832 = SURFACE_STYLE_FILL_AREA(#10833);
#10833 = FILL_AREA_STYLE('',(#10834));
#10834 = FILL_AREA_STYLE_COLOUR('',#9124);
#10835 = CURVE_STYLE('',#10836,POSITIVE_LENGTH_MEASURE(0.1),#9124);
#10836 = DRAUGHTING_PRE_DEFINED_CURVE_FONT('continuous');
#10837 = STYLED_ITEM('color',(#10838),#4941);
#10838 = PRESENTATION_STYLE_ASSIGNMENT((#10839,#10844));
#10839 = SURFACE_STYLE_USAGE(.BOTH.,#10840);
#10840 = SURFACE_SIDE_STYLE('',(#10841));
#10841 = SURFACE_STYLE_FILL_AREA(#10842);
#10842 = FILL_AREA_STYLE('',(#10843));
#10843 = FILL_AREA_STYLE_COLOUR('',#9124);
#10844 = CURVE_STYLE('',#10845,POSITIVE_LENGTH_MEASURE(0.1),#9124);
#10845 = DRAUGHTING_PRE_DEFINED_CURVE_FONT('continuous');
#10846 = STYLED_ITEM('color',(#10847),#4965);
#10847 = PRESENTATION_STYLE_ASSIGNMENT((#10848,#10853));
#10848 = SURFACE_STYLE_USAGE(.BOTH.,#10849);
#10849 = SURFACE_SIDE_STYLE('',(#10850));
#10850 = SURFACE_STYLE_FILL_AREA(#10851);
#10851 = FILL_AREA_STYLE('',(#10852));
#10852 = FILL_AREA_STYLE_COLOUR('',#9124);
#10853 = CURVE_STYLE('',#10854,POSITIVE_LENGTH_MEASURE(0.1),#9124);
#10854 = DRAUGHTING_PRE_DEFINED_CURVE_FONT('continuous');
#10855 = STYLED_ITEM('color',(#10856),#5007);
#10856 = PRESENTATION_STYLE_ASSIGNMENT((#10857,#10862));
#10857 = SURFACE_STYLE_USAGE(.BOTH.,#10858);
#10858 = SURFACE_SIDE_STYLE('',(#10859));
#10859 = SURFACE_STYLE_FILL_AREA(#10860);
#10860 = FILL_AREA_STYLE('',(#10861));
#10861 = FILL_AREA_STYLE_COLOUR('',#9124);
#10862 = CURVE_STYLE('',#10863,POSITIVE_LENGTH_MEASURE(0.1),#9124);
#10863 = DRAUGHTING_PRE_DEFINED_CURVE_FONT('continuous');
#10864 = STYLED_ITEM('color',(#10865),#5024);
#10865 = PRESENTATION_STYLE_ASSIGNMENT((#10866,#10871));
#10866 = SURFACE_STYLE_USAGE(.BOTH.,#10867);
#10867 = SURFACE_SIDE_STYLE('',(#10868));
#10868 = SURFACE_STYLE_FILL_AREA(#10869);
#10869 = FILL_AREA_STYLE('',(#10870));
#10870 = FILL_AREA_STYLE_COLOUR('',#8957);
#10871 = CURVE_STYLE('',#10872,POSITIVE_LENGTH_MEASURE(0.1),#8957);
#10872 = DRAUGHTING_PRE_DEFINED_CURVE_FONT('continuous');
#10873 = OVER_RIDING_STYLED_ITEM('overriding color',(#10874),#5031,
  #10864);
#10874 = PRESENTATION_STYLE_ASSIGNMENT((#10875,#10880));
#10875 = SURFACE_STYLE_USAGE(.BOTH.,#10876);
#10876 = SURFACE_SIDE_STYLE('',(#10877));
#10877 = SURFACE_STYLE_FILL_AREA(#10878);
#10878 = FILL_AREA_STYLE('',(#10879));
#10879 = FILL_AREA_STYLE_COLOUR('',#9124);
#10880 = CURVE_STYLE('',#10881,POSITIVE_LENGTH_MEASURE(0.1),#9124);
#10881 = DRAUGHTING_PRE_DEFINED_CURVE_FONT('continuous');
#10882 = STYLED_ITEM('color',(#10883),#5041);
#10883 = PRESENTATION_STYLE_ASSIGNMENT((#10884,#10889));
#10884 = SURFACE_STYLE_USAGE(.BOTH.,#10885);
#10885 = SURFACE_SIDE_STYLE('',(#10886));
#10886 = SURFACE_STYLE_FILL_AREA(#10887);
#10887 = FILL_AREA_STYLE('',(#10888));
#10888 = FILL_AREA_STYLE_COLOUR('',#8957);
#10889 = CURVE_STYLE('',#10890,POSITIVE_LENGTH_MEASURE(0.1),#8957);
#10890 = DRAUGHTING_PRE_DEFINED_CURVE_FONT('continuous');
#10891 = OVER_RIDING_STYLED_ITEM('overriding color',(#10892),#5046,
  #10882);
#10892 = PRESENTATION_STYLE_ASSIGNMENT((#10893,#10898));
#10893 = SURFACE_STYLE_USAGE(.BOTH.,#10894);
#10894 = SURFACE_SIDE_STYLE('',(#10895));
#10895 = SURFACE_STYLE_FILL_AREA(#10896);
#10896 = FILL_AREA_STYLE('',(#10897));
#10897 = FILL_AREA_STYLE_COLOUR('',#9124);
#10898 = CURVE_STYLE('',#10899,POSITIVE_LENGTH_MEASURE(0.1),#9124);
#10899 = DRAUGHTING_PRE_DEFINED_CURVE_FONT('continuous');
#10900 = STYLED_ITEM('color',(#10901),#5058);
#10901 = PRESENTATION_STYLE_ASSIGNMENT((#10902,#10907));
#10902 = SURFACE_STYLE_USAGE(.BOTH.,#10903);
#10903 = SURFACE_SIDE_STYLE('',(#10904));
#10904 = SURFACE_STYLE_FILL_AREA(#10905);
#10905 = FILL_AREA_STYLE('',(#10906));
#10906 = FILL_AREA_STYLE_COLOUR('',#9124);
#10907 = CURVE_STYLE('',#10908,POSITIVE_LENGTH_MEASURE(0.1),#9124);
#10908 = DRAUGHTING_PRE_DEFINED_CURVE_FONT('continuous');
#10909 = STYLED_ITEM('color',(#10910),#5107);
#10910 = PRESENTATION_STYLE_ASSIGNMENT((#10911,#10916));
#10911 = SURFACE_STYLE_USAGE(.BOTH.,#10912);
#10912 = SURFACE_SIDE_STYLE('',(#10913));
#10913 = SURFACE_STYLE_FILL_AREA(#10914);
#10914 = FILL_AREA_STYLE('',(#10915));
#10915 = FILL_AREA_STYLE_COLOUR('',#9124);
#10916 = CURVE_STYLE('',#10917,POSITIVE_LENGTH_MEASURE(0.1),#9124);
#10917 = DRAUGHTING_PRE_DEFINED_CURVE_FONT('continuous');
#10918 = STYLED_ITEM('color',(#10919),#5131);
#10919 = PRESENTATION_STYLE_ASSIGNMENT((#10920,#10925));
#10920 = SURFACE_STYLE_USAGE(.BOTH.,#10921);
#10921 = SURFACE_SIDE_STYLE('',(#10922));
#10922 = SURFACE_STYLE_FILL_AREA(#10923);
#10923 = FILL_AREA_STYLE('',(#10924));
#10924 = FILL_AREA_STYLE_COLOUR('',#9124);
#10925 = CURVE_STYLE('',#10926,POSITIVE_LENGTH_MEASURE(0.1),#9124);
#10926 = DRAUGHTING_PRE_DEFINED_CURVE_FONT('continuous');
#10927 = STYLED_ITEM('color',(#10928),#5173);
#10928 = PRESENTATION_STYLE_ASSIGNMENT((#10929,#10934));
#10929 = SURFACE_STYLE_USAGE(.BOTH.,#10930);
#10930 = SURFACE_SIDE_STYLE('',(#10931));
#10931 = SURFACE_STYLE_FILL_AREA(#10932);
#10932 = FILL_AREA_STYLE('',(#10933));
#10933 = FILL_AREA_STYLE_COLOUR('',#9124);
#10934 = CURVE_STYLE('',#10935,POSITIVE_LENGTH_MEASURE(0.1),#9124);
#10935 = DRAUGHTING_PRE_DEFINED_CURVE_FONT('continuous');
#10936 = STYLED_ITEM('color',(#10937),#5190);
#10937 = PRESENTATION_STYLE_ASSIGNMENT((#10938,#10943));
#10938 = SURFACE_STYLE_USAGE(.BOTH.,#10939);
#10939 = SURFACE_SIDE_STYLE('',(#10940));
#10940 = SURFACE_STYLE_FILL_AREA(#10941);
#10941 = FILL_AREA_STYLE('',(#10942));
#10942 = FILL_AREA_STYLE_COLOUR('',#8957);
#10943 = CURVE_STYLE('',#10944,POSITIVE_LENGTH_MEASURE(0.1),#8957);
#10944 = DRAUGHTING_PRE_DEFINED_CURVE_FONT('continuous');
#10945 = OVER_RIDING_STYLED_ITEM('overriding color',(#10946),#5197,
  #10936);
#10946 = PRESENTATION_STYLE_ASSIGNMENT((#10947,#10952));
#10947 = SURFACE_STYLE_USAGE(.BOTH.,#10948);
#10948 = SURFACE_SIDE_STYLE('',(#10949));
#10949 = SURFACE_STYLE_FILL_AREA(#10950);
#10950 = FILL_AREA_STYLE('',(#10951));
#10951 = FILL_AREA_STYLE_COLOUR('',#9124);
#10952 = CURVE_STYLE('',#10953,POSITIVE_LENGTH_MEASURE(0.1),#9124);
#10953 = DRAUGHTING_PRE_DEFINED_CURVE_FONT('continuous');
#10954 = STYLED_ITEM('color',(#10955),#5207);
#10955 = PRESENTATION_STYLE_ASSIGNMENT((#10956,#10961));
#10956 = SURFACE_STYLE_USAGE(.BOTH.,#10957);
#10957 = SURFACE_SIDE_STYLE('',(#10958));
#10958 = SURFACE_STYLE_FILL_AREA(#10959);
#10959 = FILL_AREA_STYLE('',(#10960));
#10960 = FILL_AREA_STYLE_COLOUR('',#8957);
#10961 = CURVE_STYLE('',#10962,POSITIVE_LENGTH_MEASURE(0.1),#8957);
#10962 = DRAUGHTING_PRE_DEFINED_CURVE_FONT('continuous');
#10963 = OVER_RIDING_STYLED_ITEM('overriding color',(#10964),#5212,
  #10954);
#10964 = PRESENTATION_STYLE_ASSIGNMENT((#10965,#10970));
#10965 = SURFACE_STYLE_USAGE(.BOTH.,#10966);
#10966 = SURFACE_SIDE_STYLE('',(#10967));
#10967 = SURFACE_STYLE_FILL_AREA(#10968);
#10968 = FILL_AREA_STYLE('',(#10969));
#10969 = FILL_AREA_STYLE_COLOUR('',#9124);
#10970 = CURVE_STYLE('',#10971,POSITIVE_LENGTH_MEASURE(0.1),#9124);
#10971 = DRAUGHTING_PRE_DEFINED_CURVE_FONT('continuous');
#10972 = STYLED_ITEM('color',(#10973),#5224);
#10973 = PRESENTATION_STYLE_ASSIGNMENT((#10974,#10979));
#10974 = SURFACE_STYLE_USAGE(.BOTH.,#10975);
#10975 = SURFACE_SIDE_STYLE('',(#10976));
#10976 = SURFACE_STYLE_FILL_AREA(#10977);
#10977 = FILL_AREA_STYLE('',(#10978));
#10978 = FILL_AREA_STYLE_COLOUR('',#9124);
#10979 = CURVE_STYLE('',#10980,POSITIVE_LENGTH_MEASURE(0.1),#9124);
#10980 = DRAUGHTING_PRE_DEFINED_CURVE_FONT('continuous');
#10981 = STYLED_ITEM('color',(#10982),#5273);
#10982 = PRESENTATION_STYLE_ASSIGNMENT((#10983,#10988));
#10983 = SURFACE_STYLE_USAGE(.BOTH.,#10984);
#10984 = SURFACE_SIDE_STYLE('',(#10985));
#10985 = SURFACE_STYLE_FILL_AREA(#10986);
#10986 = FILL_AREA_STYLE('',(#10987));
#10987 = FILL_AREA_STYLE_COLOUR('',#9124);
#10988 = CURVE_STYLE('',#10989,POSITIVE_LENGTH_MEASURE(0.1),#9124);
#10989 = DRAUGHTING_PRE_DEFINED_CURVE_FONT('continuous');
#10990 = STYLED_ITEM('color',(#10991),#5297);
#10991 = PRESENTATION_STYLE_ASSIGNMENT((#10992,#10997));
#10992 = SURFACE_STYLE_USAGE(.BOTH.,#10993);
#10993 = SURFACE_SIDE_STYLE('',(#10994));
#10994 = SURFACE_STYLE_FILL_AREA(#10995);
#10995 = FILL_AREA_STYLE('',(#10996));
#10996 = FILL_AREA_STYLE_COLOUR('',#9124);
#10997 = CURVE_STYLE('',#10998,POSITIVE_LENGTH_MEASURE(0.1),#9124);
#10998 = DRAUGHTING_PRE_DEFINED_CURVE_FONT('continuous');
#10999 = STYLED_ITEM('color',(#11000),#5339);
#11000 = PRESENTATION_STYLE_ASSIGNMENT((#11001,#11006));
#11001 = SURFACE_STYLE_USAGE(.BOTH.,#11002);
#11002 = SURFACE_SIDE_STYLE('',(#11003));
#11003 = SURFACE_STYLE_FILL_AREA(#11004);
#11004 = FILL_AREA_STYLE('',(#11005));
#11005 = FILL_AREA_STYLE_COLOUR('',#9124);
#11006 = CURVE_STYLE('',#11007,POSITIVE_LENGTH_MEASURE(0.1),#9124);
#11007 = DRAUGHTING_PRE_DEFINED_CURVE_FONT('continuous');
#11008 = STYLED_ITEM('color',(#11009),#5356);
#11009 = PRESENTATION_STYLE_ASSIGNMENT((#11010,#11015));
#11010 = SURFACE_STYLE_USAGE(.BOTH.,#11011);
#11011 = SURFACE_SIDE_STYLE('',(#11012));
#11012 = SURFACE_STYLE_FILL_AREA(#11013);
#11013 = FILL_AREA_STYLE('',(#11014));
#11014 = FILL_AREA_STYLE_COLOUR('',#8957);
#11015 = CURVE_STYLE('',#11016,POSITIVE_LENGTH_MEASURE(0.1),#8957);
#11016 = DRAUGHTING_PRE_DEFINED_CURVE_FONT('continuous');
#11017 = OVER_RIDING_STYLED_ITEM('overriding color',(#11018),#5363,
  #11008);
#11018 = PRESENTATION_STYLE_ASSIGNMENT((#11019,#11024));
#11019 = SURFACE_STYLE_USAGE(.BOTH.,#11020);
#11020 = SURFACE_SIDE_STYLE('',(#11021));
#11021 = SURFACE_STYLE_FILL_AREA(#11022);
#11022 = FILL_AREA_STYLE('',(#11023));
#11023 = FILL_AREA_STYLE_COLOUR('',#9124);
#11024 = CURVE_STYLE('',#11025,POSITIVE_LENGTH_MEASURE(0.1),#9124);
#11025 = DRAUGHTING_PRE_DEFINED_CURVE_FONT('continuous');
#11026 = STYLED_ITEM('color',(#11027),#5373);
#11027 = PRESENTATION_STYLE_ASSIGNMENT((#11028,#11033));
#11028 = SURFACE_STYLE_USAGE(.BOTH.,#11029);
#11029 = SURFACE_SIDE_STYLE('',(#11030));
#11030 = SURFACE_STYLE_FILL_AREA(#11031);
#11031 = FILL_AREA_STYLE('',(#11032));
#11032 = FILL_AREA_STYLE_COLOUR('',#8957);
#11033 = CURVE_STYLE('',#11034,POSITIVE_LENGTH_MEASURE(0.1),#8957);
#11034 = DRAUGHTING_PRE_DEFINED_CURVE_FONT('continuous');
#11035 = OVER_RIDING_STYLED_ITEM('overriding color',(#11036),#5378,
  #11026);
#11036 = PRESENTATION_STYLE_ASSIGNMENT((#11037,#11042));
#11037 = SURFACE_STYLE_USAGE(.BOTH.,#11038);
#11038 = SURFACE_SIDE_STYLE('',(#11039));
#11039 = SURFACE_STYLE_FILL_AREA(#11040);
#11040 = FILL_AREA_STYLE('',(#11041));
#11041 = FILL_AREA_STYLE_COLOUR('',#9124);
#11042 = CURVE_STYLE('',#11043,POSITIVE_LENGTH_MEASURE(0.1),#9124);
#11043 = DRAUGHTING_PRE_DEFINED_CURVE_FONT('continuous');
#11044 = STYLED_ITEM('color',(#11045),#5390);
#11045 = PRESENTATION_STYLE_ASSIGNMENT((#11046,#11051));
#11046 = SURFACE_STYLE_USAGE(.BOTH.,#11047);
#11047 = SURFACE_SIDE_STYLE('',(#11048));
#11048 = SURFACE_STYLE_FILL_AREA(#11049);
#11049 = FILL_AREA_STYLE('',(#11050));
#11050 = FILL_AREA_STYLE_COLOUR('',#9124);
#11051 = CURVE_STYLE('',#11052,POSITIVE_LENGTH_MEASURE(0.1),#9124);
#11052 = DRAUGHTING_PRE_DEFINED_CURVE_FONT('continuous');
#11053 = STYLED_ITEM('color',(#11054),#5439);
#11054 = PRESENTATION_STYLE_ASSIGNMENT((#11055,#11060));
#11055 = SURFACE_STYLE_USAGE(.BOTH.,#11056);
#11056 = SURFACE_SIDE_STYLE('',(#11057));
#11057 = SURFACE_STYLE_FILL_AREA(#11058);
#11058 = FILL_AREA_STYLE('',(#11059));
#11059 = FILL_AREA_STYLE_COLOUR('',#9124);
#11060 = CURVE_STYLE('',#11061,POSITIVE_LENGTH_MEASURE(0.1),#9124);
#11061 = DRAUGHTING_PRE_DEFINED_CURVE_FONT('continuous');
#11062 = STYLED_ITEM('color',(#11063),#5463);
#11063 = PRESENTATION_STYLE_ASSIGNMENT((#11064,#11069));
#11064 = SURFACE_STYLE_USAGE(.BOTH.,#11065);
#11065 = SURFACE_SIDE_STYLE('',(#11066));
#11066 = SURFACE_STYLE_FILL_AREA(#11067);
#11067 = FILL_AREA_STYLE('',(#11068));
#11068 = FILL_AREA_STYLE_COLOUR('',#9124);
#11069 = CURVE_STYLE('',#11070,POSITIVE_LENGTH_MEASURE(0.1),#9124);
#11070 = DRAUGHTING_PRE_DEFINED_CURVE_FONT('continuous');
#11071 = STYLED_ITEM('color',(#11072),#5505);
#11072 = PRESENTATION_STYLE_ASSIGNMENT((#11073,#11078));
#11073 = SURFACE_STYLE_USAGE(.BOTH.,#11074);
#11074 = SURFACE_SIDE_STYLE('',(#11075));
#11075 = SURFACE_STYLE_FILL_AREA(#11076);
#11076 = FILL_AREA_STYLE('',(#11077));
#11077 = FILL_AREA_STYLE_COLOUR('',#9124);
#11078 = CURVE_STYLE('',#11079,POSITIVE_LENGTH_MEASURE(0.1),#9124);
#11079 = DRAUGHTING_PRE_DEFINED_CURVE_FONT('continuous');
#11080 = STYLED_ITEM('color',(#11081),#5522);
#11081 = PRESENTATION_STYLE_ASSIGNMENT((#11082,#11087));
#11082 = SURFACE_STYLE_USAGE(.BOTH.,#11083);
#11083 = SURFACE_SIDE_STYLE('',(#11084));
#11084 = SURFACE_STYLE_FILL_AREA(#11085);
#11085 = FILL_AREA_STYLE('',(#11086));
#11086 = FILL_AREA_STYLE_COLOUR('',#8957);
#11087 = CURVE_STYLE('',#11088,POSITIVE_LENGTH_MEASURE(0.1),#8957);
#11088 = DRAUGHTING_PRE_DEFINED_CURVE_FONT('continuous');
#11089 = OVER_RIDING_STYLED_ITEM('overriding color',(#11090),#5529,
  #11080);
#11090 = PRESENTATION_STYLE_ASSIGNMENT((#11091,#11096));
#11091 = SURFACE_STYLE_USAGE(.BOTH.,#11092);
#11092 = SURFACE_SIDE_STYLE('',(#11093));
#11093 = SURFACE_STYLE_FILL_AREA(#11094);
#11094 = FILL_AREA_STYLE('',(#11095));
#11095 = FILL_AREA_STYLE_COLOUR('',#9124);
#11096 = CURVE_STYLE('',#11097,POSITIVE_LENGTH_MEASURE(0.1),#9124);
#11097 = DRAUGHTING_PRE_DEFINED_CURVE_FONT('continuous');
#11098 = STYLED_ITEM('color',(#11099),#5539);
#11099 = PRESENTATION_STYLE_ASSIGNMENT((#11100,#11105));
#11100 = SURFACE_STYLE_USAGE(.BOTH.,#11101);
#11101 = SURFACE_SIDE_STYLE('',(#11102));
#11102 = SURFACE_STYLE_FILL_AREA(#11103);
#11103 = FILL_AREA_STYLE('',(#11104));
#11104 = FILL_AREA_STYLE_COLOUR('',#8957);
#11105 = CURVE_STYLE('',#11106,POSITIVE_LENGTH_MEASURE(0.1),#8957);
#11106 = DRAUGHTING_PRE_DEFINED_CURVE_FONT('continuous');
#11107 = OVER_RIDING_STYLED_ITEM('overriding color',(#11108),#5544,
  #11098);
#11108 = PRESENTATION_STYLE_ASSIGNMENT((#11109,#11114));
#11109 = SURFACE_STYLE_USAGE(.BOTH.,#11110);
#11110 = SURFACE_SIDE_STYLE('',(#11111));
#11111 = SURFACE_STYLE_FILL_AREA(#11112);
#11112 = FILL_AREA_STYLE('',(#11113));
#11113 = FILL_AREA_STYLE_COLOUR('',#9124);
#11114 = CURVE_STYLE('',#11115,POSITIVE_LENGTH_MEASURE(0.1),#9124);
#11115 = DRAUGHTING_PRE_DEFINED_CURVE_FONT('continuous');
#11116 = STYLED_ITEM('color',(#11117),#5556);
#11117 = PRESENTATION_STYLE_ASSIGNMENT((#11118,#11123));
#11118 = SURFACE_STYLE_USAGE(.BOTH.,#11119);
#11119 = SURFACE_SIDE_STYLE('',(#11120));
#11120 = SURFACE_STYLE_FILL_AREA(#11121);
#11121 = FILL_AREA_STYLE('',(#11122));
#11122 = FILL_AREA_STYLE_COLOUR('',#9124);
#11123 = CURVE_STYLE('',#11124,POSITIVE_LENGTH_MEASURE(0.1),#9124);
#11124 = DRAUGHTING_PRE_DEFINED_CURVE_FONT('continuous');
#11125 = STYLED_ITEM('color',(#11126),#5605);
#11126 = PRESENTATION_STYLE_ASSIGNMENT((#11127,#11132));
#11127 = SURFACE_STYLE_USAGE(.BOTH.,#11128);
#11128 = SURFACE_SIDE_STYLE('',(#11129));
#11129 = SURFACE_STYLE_FILL_AREA(#11130);
#11130 = FILL_AREA_STYLE('',(#11131));
#11131 = FILL_AREA_STYLE_COLOUR('',#9124);
#11132 = CURVE_STYLE('',#11133,POSITIVE_LENGTH_MEASURE(0.1),#9124);
#11133 = DRAUGHTING_PRE_DEFINED_CURVE_FONT('continuous');
#11134 = STYLED_ITEM('color',(#11135),#5629);
#11135 = PRESENTATION_STYLE_ASSIGNMENT((#11136,#11141));
#11136 = SURFACE_STYLE_USAGE(.BOTH.,#11137);
#11137 = SURFACE_SIDE_STYLE('',(#11138));
#11138 = SURFACE_STYLE_FILL_AREA(#11139);
#11139 = FILL_AREA_STYLE('',(#11140));
#11140 = FILL_AREA_STYLE_COLOUR('',#9124);
#11141 = CURVE_STYLE('',#11142,POSITIVE_LENGTH_MEASURE(0.1),#9124);
#11142 = DRAUGHTING_PRE_DEFINED_CURVE_FONT('continuous');
#11143 = STYLED_ITEM('color',(#11144),#5671);
#11144 = PRESENTATION_STYLE_ASSIGNMENT((#11145,#11150));
#11145 = SURFACE_STYLE_USAGE(.BOTH.,#11146);
#11146 = SURFACE_SIDE_STYLE('',(#11147));
#11147 = SURFACE_STYLE_FILL_AREA(#11148);
#11148 = FILL_AREA_STYLE('',(#11149));
#11149 = FILL_AREA_STYLE_COLOUR('',#9124);
#11150 = CURVE_STYLE('',#11151,POSITIVE_LENGTH_MEASURE(0.1),#9124);
#11151 = DRAUGHTING_PRE_DEFINED_CURVE_FONT('continuous');
#11152 = STYLED_ITEM('color',(#11153),#5688);
#11153 = PRESENTATION_STYLE_ASSIGNMENT((#11154,#11159));
#11154 = SURFACE_STYLE_USAGE(.BOTH.,#11155);
#11155 = SURFACE_SIDE_STYLE('',(#11156));
#11156 = SURFACE_STYLE_FILL_AREA(#11157);
#11157 = FILL_AREA_STYLE('',(#11158));
#11158 = FILL_AREA_STYLE_COLOUR('',#8957);
#11159 = CURVE_STYLE('',#11160,POSITIVE_LENGTH_MEASURE(0.1),#8957);
#11160 = DRAUGHTING_PRE_DEFINED_CURVE_FONT('continuous');
#11161 = OVER_RIDING_STYLED_ITEM('overriding color',(#11162),#5695,
  #11152);
#11162 = PRESENTATION_STYLE_ASSIGNMENT((#11163,#11168));
#11163 = SURFACE_STYLE_USAGE(.BOTH.,#11164);
#11164 = SURFACE_SIDE_STYLE('',(#11165));
#11165 = SURFACE_STYLE_FILL_AREA(#11166);
#11166 = FILL_AREA_STYLE('',(#11167));
#11167 = FILL_AREA_STYLE_COLOUR('',#9124);
#11168 = CURVE_STYLE('',#11169,POSITIVE_LENGTH_MEASURE(0.1),#9124);
#11169 = DRAUGHTING_PRE_DEFINED_CURVE_FONT('continuous');
#11170 = STYLED_ITEM('color',(#11171),#5705);
#11171 = PRESENTATION_STYLE_ASSIGNMENT((#11172,#11177));
#11172 = SURFACE_STYLE_USAGE(.BOTH.,#11173);
#11173 = SURFACE_SIDE_STYLE('',(#11174));
#11174 = SURFACE_STYLE_FILL_AREA(#11175);
#11175 = FILL_AREA_STYLE('',(#11176));
#11176 = FILL_AREA_STYLE_COLOUR('',#8957);
#11177 = CURVE_STYLE('',#11178,POSITIVE_LENGTH_MEASURE(0.1),#8957);
#11178 = DRAUGHTING_PRE_DEFINED_CURVE_FONT('continuous');
#11179 = OVER_RIDING_STYLED_ITEM('overriding color',(#11180),#5710,
  #11170);
#11180 = PRESENTATION_STYLE_ASSIGNMENT((#11181,#11186));
#11181 = SURFACE_STYLE_USAGE(.BOTH.,#11182);
#11182 = SURFACE_SIDE_STYLE('',(#11183));
#11183 = SURFACE_STYLE_FILL_AREA(#11184);
#11184 = FILL_AREA_STYLE('',(#11185));
#11185 = FILL_AREA_STYLE_COLOUR('',#9124);
#11186 = CURVE_STYLE('',#11187,POSITIVE_LENGTH_MEASURE(0.1),#9124);
#11187 = DRAUGHTING_PRE_DEFINED_CURVE_FONT('continuous');
#11188 = STYLED_ITEM('color',(#11189),#5722);
#11189 = PRESENTATION_STYLE_ASSIGNMENT((#11190,#11195));
#11190 = SURFACE_STYLE_USAGE(.BOTH.,#11191);
#11191 = SURFACE_SIDE_STYLE('',(#11192));
#11192 = SURFACE_STYLE_FILL_AREA(#11193);
#11193 = FILL_AREA_STYLE('',(#11194));
#11194 = FILL_AREA_STYLE_COLOUR('',#9124);
#11195 = CURVE_STYLE('',#11196,POSITIVE_LENGTH_MEASURE(0.1),#9124);
#11196 = DRAUGHTING_PRE_DEFINED_CURVE_FONT('continuous');
#11197 = STYLED_ITEM('color',(#11198),#5771);
#11198 = PRESENTATION_STYLE_ASSIGNMENT((#11199,#11204));
#11199 = SURFACE_STYLE_USAGE(.BOTH.,#11200);
#11200 = SURFACE_SIDE_STYLE('',(#11201));
#11201 = SURFACE_STYLE_FILL_AREA(#11202);
#11202 = FILL_AREA_STYLE('',(#11203));
#11203 = FILL_AREA_STYLE_COLOUR('',#9124);
#11204 = CURVE_STYLE('',#11205,POSITIVE_LENGTH_MEASURE(0.1),#9124);
#11205 = DRAUGHTING_PRE_DEFINED_CURVE_FONT('continuous');
#11206 = STYLED_ITEM('color',(#11207),#5795);
#11207 = PRESENTATION_STYLE_ASSIGNMENT((#11208,#11213));
#11208 = SURFACE_STYLE_USAGE(.BOTH.,#11209);
#11209 = SURFACE_SIDE_STYLE('',(#11210));
#11210 = SURFACE_STYLE_FILL_AREA(#11211);
#11211 = FILL_AREA_STYLE('',(#11212));
#11212 = FILL_AREA_STYLE_COLOUR('',#9124);
#11213 = CURVE_STYLE('',#11214,POSITIVE_LENGTH_MEASURE(0.1),#9124);
#11214 = DRAUGHTING_PRE_DEFINED_CURVE_FONT('continuous');
#11215 = STYLED_ITEM('color',(#11216),#5837);
#11216 = PRESENTATION_STYLE_ASSIGNMENT((#11217,#11222));
#11217 = SURFACE_STYLE_USAGE(.BOTH.,#11218);
#11218 = SURFACE_SIDE_STYLE('',(#11219));
#11219 = SURFACE_STYLE_FILL_AREA(#11220);
#11220 = FILL_AREA_STYLE('',(#11221));
#11221 = FILL_AREA_STYLE_COLOUR('',#9124);
#11222 = CURVE_STYLE('',#11223,POSITIVE_LENGTH_MEASURE(0.1),#9124);
#11223 = DRAUGHTING_PRE_DEFINED_CURVE_FONT('continuous');
#11224 = STYLED_ITEM('color',(#11225),#5854);
#11225 = PRESENTATION_STYLE_ASSIGNMENT((#11226,#11231));
#11226 = SURFACE_STYLE_USAGE(.BOTH.,#11227);
#11227 = SURFACE_SIDE_STYLE('',(#11228));
#11228 = SURFACE_STYLE_FILL_AREA(#11229);
#11229 = FILL_AREA_STYLE('',(#11230));
#11230 = FILL_AREA_STYLE_COLOUR('',#8957);
#11231 = CURVE_STYLE('',#11232,POSITIVE_LENGTH_MEASURE(0.1),#8957);
#11232 = DRAUGHTING_PRE_DEFINED_CURVE_FONT('continuous');
#11233 = OVER_RIDING_STYLED_ITEM('overriding color',(#11234),#5861,
  #11224);
#11234 = PRESENTATION_STYLE_ASSIGNMENT((#11235,#11240));
#11235 = SURFACE_STYLE_USAGE(.BOTH.,#11236);
#11236 = SURFACE_SIDE_STYLE('',(#11237));
#11237 = SURFACE_STYLE_FILL_AREA(#11238);
#11238 = FILL_AREA_STYLE('',(#11239));
#11239 = FILL_AREA_STYLE_COLOUR('',#9124);
#11240 = CURVE_STYLE('',#11241,POSITIVE_LENGTH_MEASURE(0.1),#9124);
#11241 = DRAUGHTING_PRE_DEFINED_CURVE_FONT('continuous');
#11242 = STYLED_ITEM('color',(#11243),#5871);
#11243 = PRESENTATION_STYLE_ASSIGNMENT((#11244,#11249));
#11244 = SURFACE_STYLE_USAGE(.BOTH.,#11245);
#11245 = SURFACE_SIDE_STYLE('',(#11246));
#11246 = SURFACE_STYLE_FILL_AREA(#11247);
#11247 = FILL_AREA_STYLE('',(#11248));
#11248 = FILL_AREA_STYLE_COLOUR('',#8957);
#11249 = CURVE_STYLE('',#11250,POSITIVE_LENGTH_MEASURE(0.1),#8957);
#11250 = DRAUGHTING_PRE_DEFINED_CURVE_FONT('continuous');
#11251 = OVER_RIDING_STYLED_ITEM('overriding color',(#11252),#5876,
  #11242);
#11252 = PRESENTATION_STYLE_ASSIGNMENT((#11253,#11258));
#11253 = SURFACE_STYLE_USAGE(.BOTH.,#11254);
#11254 = SURFACE_SIDE_STYLE('',(#11255));
#11255 = SURFACE_STYLE_FILL_AREA(#11256);
#11256 = FILL_AREA_STYLE('',(#11257));
#11257 = FILL_AREA_STYLE_COLOUR('',#9124);
#11258 = CURVE_STYLE('',#11259,POSITIVE_LENGTH_MEASURE(0.1),#9124);
#11259 = DRAUGHTING_PRE_DEFINED_CURVE_FONT('continuous');
#11260 = STYLED_ITEM('color',(#11261),#5888);
#11261 = PRESENTATION_STYLE_ASSIGNMENT((#11262,#11267));
#11262 = SURFACE_STYLE_USAGE(.BOTH.,#11263);
#11263 = SURFACE_SIDE_STYLE('',(#11264));
#11264 = SURFACE_STYLE_FILL_AREA(#11265);
#11265 = FILL_AREA_STYLE('',(#11266));
#11266 = FILL_AREA_STYLE_COLOUR('',#9124);
#11267 = CURVE_STYLE('',#11268,POSITIVE_LENGTH_MEASURE(0.1),#9124);
#11268 = DRAUGHTING_PRE_DEFINED_CURVE_FONT('continuous');
#11269 = STYLED_ITEM('color',(#11270),#5937);
#11270 = PRESENTATION_STYLE_ASSIGNMENT((#11271,#11276));
#11271 = SURFACE_STYLE_USAGE(.BOTH.,#11272);
#11272 = SURFACE_SIDE_STYLE('',(#11273));
#11273 = SURFACE_STYLE_FILL_AREA(#11274);
#11274 = FILL_AREA_STYLE('',(#11275));
#11275 = FILL_AREA_STYLE_COLOUR('',#9124);
#11276 = CURVE_STYLE('',#11277,POSITIVE_LENGTH_MEASURE(0.1),#9124);
#11277 = DRAUGHTING_PRE_DEFINED_CURVE_FONT('continuous');
#11278 = STYLED_ITEM('color',(#11279),#5961);
#11279 = PRESENTATION_STYLE_ASSIGNMENT((#11280,#11285));
#11280 = SURFACE_STYLE_USAGE(.BOTH.,#11281);
#11281 = SURFACE_SIDE_STYLE('',(#11282));
#11282 = SURFACE_STYLE_FILL_AREA(#11283);
#11283 = FILL_AREA_STYLE('',(#11284));
#11284 = FILL_AREA_STYLE_COLOUR('',#9124);
#11285 = CURVE_STYLE('',#11286,POSITIVE_LENGTH_MEASURE(0.1),#9124);
#11286 = DRAUGHTING_PRE_DEFINED_CURVE_FONT('continuous');
#11287 = STYLED_ITEM('color',(#11288),#6003);
#11288 = PRESENTATION_STYLE_ASSIGNMENT((#11289,#11294));
#11289 = SURFACE_STYLE_USAGE(.BOTH.,#11290);
#11290 = SURFACE_SIDE_STYLE('',(#11291));
#11291 = SURFACE_STYLE_FILL_AREA(#11292);
#11292 = FILL_AREA_STYLE('',(#11293));
#11293 = FILL_AREA_STYLE_COLOUR('',#9124);
#11294 = CURVE_STYLE('',#11295,POSITIVE_LENGTH_MEASURE(0.1),#9124);
#11295 = DRAUGHTING_PRE_DEFINED_CURVE_FONT('continuous');
#11296 = STYLED_ITEM('color',(#11297),#6020);
#11297 = PRESENTATION_STYLE_ASSIGNMENT((#11298,#11303));
#11298 = SURFACE_STYLE_USAGE(.BOTH.,#11299);
#11299 = SURFACE_SIDE_STYLE('',(#11300));
#11300 = SURFACE_STYLE_FILL_AREA(#11301);
#11301 = FILL_AREA_STYLE('',(#11302));
#11302 = FILL_AREA_STYLE_COLOUR('',#8957);
#11303 = CURVE_STYLE('',#11304,POSITIVE_LENGTH_MEASURE(0.1),#8957);
#11304 = DRAUGHTING_PRE_DEFINED_CURVE_FONT('continuous');
#11305 = OVER_RIDING_STYLED_ITEM('overriding color',(#11306),#6027,
  #11296);
#11306 = PRESENTATION_STYLE_ASSIGNMENT((#11307,#11312));
#11307 = SURFACE_STYLE_USAGE(.BOTH.,#11308);
#11308 = SURFACE_SIDE_STYLE('',(#11309));
#11309 = SURFACE_STYLE_FILL_AREA(#11310);
#11310 = FILL_AREA_STYLE('',(#11311));
#11311 = FILL_AREA_STYLE_COLOUR('',#9124);
#11312 = CURVE_STYLE('',#11313,POSITIVE_LENGTH_MEASURE(0.1),#9124);
#11313 = DRAUGHTING_PRE_DEFINED_CURVE_FONT('continuous');
#11314 = STYLED_ITEM('color',(#11315),#6037);
#11315 = PRESENTATION_STYLE_ASSIGNMENT((#11316,#11321));
#11316 = SURFACE_STYLE_USAGE(.BOTH.,#11317);
#11317 = SURFACE_SIDE_STYLE('',(#11318));
#11318 = SURFACE_STYLE_FILL_AREA(#11319);
#11319 = FILL_AREA_STYLE('',(#11320));
#11320 = FILL_AREA_STYLE_COLOUR('',#8957);
#11321 = CURVE_STYLE('',#11322,POSITIVE_LENGTH_MEASURE(0.1),#8957);
#11322 = DRAUGHTING_PRE_DEFINED_CURVE_FONT('continuous');
#11323 = OVER_RIDING_STYLED_ITEM('overriding color',(#11324),#6042,
  #11314);
#11324 = PRESENTATION_STYLE_ASSIGNMENT((#11325,#11330));
#11325 = SURFACE_STYLE_USAGE(.BOTH.,#11326);
#11326 = SURFACE_SIDE_STYLE('',(#11327));
#11327 = SURFACE_STYLE_FILL_AREA(#11328);
#11328 = FILL_AREA_STYLE('',(#11329));
#11329 = FILL_AREA_STYLE_COLOUR('',#9124);
#11330 = CURVE_STYLE('',#11331,POSITIVE_LENGTH_MEASURE(0.1),#9124);
#11331 = DRAUGHTING_PRE_DEFINED_CURVE_FONT('continuous');
#11332 = STYLED_ITEM('color',(#11333),#6054);
#11333 = PRESENTATION_STYLE_ASSIGNMENT((#11334,#11339));
#11334 = SURFACE_STYLE_USAGE(.BOTH.,#11335);
#11335 = SURFACE_SIDE_STYLE('',(#11336));
#11336 = SURFACE_STYLE_FILL_AREA(#11337);
#11337 = FILL_AREA_STYLE('',(#11338));
#11338 = FILL_AREA_STYLE_COLOUR('',#9124);
#11339 = CURVE_STYLE('',#11340,POSITIVE_LENGTH_MEASURE(0.1),#9124);
#11340 = DRAUGHTING_PRE_DEFINED_CURVE_FONT('continuous');
#11341 = STYLED_ITEM('color',(#11342),#6103);
#11342 = PRESENTATION_STYLE_ASSIGNMENT((#11343,#11348));
#11343 = SURFACE_STYLE_USAGE(.BOTH.,#11344);
#11344 = SURFACE_SIDE_STYLE('',(#11345));
#11345 = SURFACE_STYLE_FILL_AREA(#11346);
#11346 = FILL_AREA_STYLE('',(#11347));
#11347 = FILL_AREA_STYLE_COLOUR('',#9124);
#11348 = CURVE_STYLE('',#11349,POSITIVE_LENGTH_MEASURE(0.1),#9124);
#11349 = DRAUGHTING_PRE_DEFINED_CURVE_FONT('continuous');
#11350 = STYLED_ITEM('color',(#11351),#6127);
#11351 = PRESENTATION_STYLE_ASSIGNMENT((#11352,#11357));
#11352 = SURFACE_STYLE_USAGE(.BOTH.,#11353);
#11353 = SURFACE_SIDE_STYLE('',(#11354));
#11354 = SURFACE_STYLE_FILL_AREA(#11355);
#11355 = FILL_AREA_STYLE('',(#11356));
#11356 = FILL_AREA_STYLE_COLOUR('',#9124);
#11357 = CURVE_STYLE('',#11358,POSITIVE_LENGTH_MEASURE(0.1),#9124);
#11358 = DRAUGHTING_PRE_DEFINED_CURVE_FONT('continuous');
#11359 = STYLED_ITEM('color',(#11360),#6169);
#11360 = PRESENTATION_STYLE_ASSIGNMENT((#11361,#11366));
#11361 = SURFACE_STYLE_USAGE(.BOTH.,#11362);
#11362 = SURFACE_SIDE_STYLE('',(#11363));
#11363 = SURFACE_STYLE_FILL_AREA(#11364);
#11364 = FILL_AREA_STYLE('',(#11365));
#11365 = FILL_AREA_STYLE_COLOUR('',#9124);
#11366 = CURVE_STYLE('',#11367,POSITIVE_LENGTH_MEASURE(0.1),#9124);
#11367 = DRAUGHTING_PRE_DEFINED_CURVE_FONT('continuous');
#11368 = STYLED_ITEM('color',(#11369),#6186);
#11369 = PRESENTATION_STYLE_ASSIGNMENT((#11370,#11375));
#11370 = SURFACE_STYLE_USAGE(.BOTH.,#11371);
#11371 = SURFACE_SIDE_STYLE('',(#11372));
#11372 = SURFACE_STYLE_FILL_AREA(#11373);
#11373 = FILL_AREA_STYLE('',(#11374));
#11374 = FILL_AREA_STYLE_COLOUR('',#9124);
#11375 = CURVE_STYLE('',#11376,POSITIVE_LENGTH_MEASURE(0.1),#9124);
#11376 = DRAUGHTING_PRE_DEFINED_CURVE_FONT('continuous');
#11377 = STYLED_ITEM('color',(#11378),#6203);
#11378 = PRESENTATION_STYLE_ASSIGNMENT((#11379,#11384));
#11379 = SURFACE_STYLE_USAGE(.BOTH.,#11380);
#11380 = SURFACE_SIDE_STYLE('',(#11381));
#11381 = SURFACE_STYLE_FILL_AREA(#11382);
#11382 = FILL_AREA_STYLE('',(#11383));
#11383 = FILL_AREA_STYLE_COLOUR('',#9124);
#11384 = CURVE_STYLE('',#11385,POSITIVE_LENGTH_MEASURE(0.1),#9124);
#11385 = DRAUGHTING_PRE_DEFINED_CURVE_FONT('continuous');
#11386 = STYLED_ITEM('color',(#11387),#6220);
#11387 = PRESENTATION_STYLE_ASSIGNMENT((#11388,#11393));
#11388 = SURFACE_STYLE_USAGE(.BOTH.,#11389);
#11389 = SURFACE_SIDE_STYLE('',(#11390));
#11390 = SURFACE_STYLE_FILL_AREA(#11391);
#11391 = FILL_AREA_STYLE('',(#11392));
#11392 = FILL_AREA_STYLE_COLOUR('',#9124);
#11393 = CURVE_STYLE('',#11394,POSITIVE_LENGTH_MEASURE(0.1),#9124);
#11394 = DRAUGHTING_PRE_DEFINED_CURVE_FONT('continuous');
#11395 = STYLED_ITEM('color',(#11396),#6232);
#11396 = PRESENTATION_STYLE_ASSIGNMENT((#11397,#11402));
#11397 = SURFACE_STYLE_USAGE(.BOTH.,#11398);
#11398 = SURFACE_SIDE_STYLE('',(#11399));
#11399 = SURFACE_STYLE_FILL_AREA(#11400);
#11400 = FILL_AREA_STYLE('',(#11401));
#11401 = FILL_AREA_STYLE_COLOUR('',#9124);
#11402 = CURVE_STYLE('',#11403,POSITIVE_LENGTH_MEASURE(0.1),#9124);
#11403 = DRAUGHTING_PRE_DEFINED_CURVE_FONT('continuous');
#11404 = STYLED_ITEM('color',(#11405),#6249);
#11405 = PRESENTATION_STYLE_ASSIGNMENT((#11406,#11411));
#11406 = SURFACE_STYLE_USAGE(.BOTH.,#11407);
#11407 = SURFACE_SIDE_STYLE('',(#11408));
#11408 = SURFACE_STYLE_FILL_AREA(#11409);
#11409 = FILL_AREA_STYLE('',(#11410));
#11410 = FILL_AREA_STYLE_COLOUR('',#9124);
#11411 = CURVE_STYLE('',#11412,POSITIVE_LENGTH_MEASURE(0.1),#9124);
#11412 = DRAUGHTING_PRE_DEFINED_CURVE_FONT('continuous');
#11413 = STYLED_ITEM('color',(#11414),#6266);
#11414 = PRESENTATION_STYLE_ASSIGNMENT((#11415,#11420));
#11415 = SURFACE_STYLE_USAGE(.BOTH.,#11416);
#11416 = SURFACE_SIDE_STYLE('',(#11417));
#11417 = SURFACE_STYLE_FILL_AREA(#11418);
#11418 = FILL_AREA_STYLE('',(#11419));
#11419 = FILL_AREA_STYLE_COLOUR('',#9124);
#11420 = CURVE_STYLE('',#11421,POSITIVE_LENGTH_MEASURE(0.1),#9124);
#11421 = DRAUGHTING_PRE_DEFINED_CURVE_FONT('continuous');
#11422 = STYLED_ITEM('color',(#11423),#6278);
#11423 = PRESENTATION_STYLE_ASSIGNMENT((#11424,#11429));
#11424 = SURFACE_STYLE_USAGE(.BOTH.,#11425);
#11425 = SURFACE_SIDE_STYLE('',(#11426));
#11426 = SURFACE_STYLE_FILL_AREA(#11427);
#11427 = FILL_AREA_STYLE('',(#11428));
#11428 = FILL_AREA_STYLE_COLOUR('',#9124);
#11429 = CURVE_STYLE('',#11430,POSITIVE_LENGTH_MEASURE(0.1),#9124);
#11430 = DRAUGHTING_PRE_DEFINED_CURVE_FONT('continuous');
#11431 = STYLED_ITEM('color',(#11432),#6295);
#11432 = PRESENTATION_STYLE_ASSIGNMENT((#11433,#11438));
#11433 = SURFACE_STYLE_USAGE(.BOTH.,#11434);
#11434 = SURFACE_SIDE_STYLE('',(#11435));
#11435 = SURFACE_STYLE_FILL_AREA(#11436);
#11436 = FILL_AREA_STYLE('',(#11437));
#11437 = FILL_AREA_STYLE_COLOUR('',#9124);
#11438 = CURVE_STYLE('',#11439,POSITIVE_LENGTH_MEASURE(0.1),#9124);
#11439 = DRAUGHTING_PRE_DEFINED_CURVE_FONT('continuous');
#11440 = STYLED_ITEM('color',(#11441),#6312);
#11441 = PRESENTATION_STYLE_ASSIGNMENT((#11442,#11447));
#11442 = SURFACE_STYLE_USAGE(.BOTH.,#11443);
#11443 = SURFACE_SIDE_STYLE('',(#11444));
#11444 = SURFACE_STYLE_FILL_AREA(#11445);
#11445 = FILL_AREA_STYLE('',(#11446));
#11446 = FILL_AREA_STYLE_COLOUR('',#9124);
#11447 = CURVE_STYLE('',#11448,POSITIVE_LENGTH_MEASURE(0.1),#9124);
#11448 = DRAUGHTING_PRE_DEFINED_CURVE_FONT('continuous');
#11449 = STYLED_ITEM('color',(#11450),#6324);
#11450 = PRESENTATION_STYLE_ASSIGNMENT((#11451,#11456));
#11451 = SURFACE_STYLE_USAGE(.BOTH.,#11452);
#11452 = SURFACE_SIDE_STYLE('',(#11453));
#11453 = SURFACE_STYLE_FILL_AREA(#11454);
#11454 = FILL_AREA_STYLE('',(#11455));
#11455 = FILL_AREA_STYLE_COLOUR('',#9124);
#11456 = CURVE_STYLE('',#11457,POSITIVE_LENGTH_MEASURE(0.1),#9124);
#11457 = DRAUGHTING_PRE_DEFINED_CURVE_FONT('continuous');
#11458 = STYLED_ITEM('color',(#11459),#6341);
#11459 = PRESENTATION_STYLE_ASSIGNMENT((#11460,#11465));
#11460 = SURFACE_STYLE_USAGE(.BOTH.,#11461);
#11461 = SURFACE_SIDE_STYLE('',(#11462));
#11462 = SURFACE_STYLE_FILL_AREA(#11463);
#11463 = FILL_AREA_STYLE('',(#11464));
#11464 = FILL_AREA_STYLE_COLOUR('',#9124);
#11465 = CURVE_STYLE('',#11466,POSITIVE_LENGTH_MEASURE(0.1),#9124);
#11466 = DRAUGHTING_PRE_DEFINED_CURVE_FONT('continuous');
#11467 = STYLED_ITEM('color',(#11468),#6358);
#11468 = PRESENTATION_STYLE_ASSIGNMENT((#11469,#11474));
#11469 = SURFACE_STYLE_USAGE(.BOTH.,#11470);
#11470 = SURFACE_SIDE_STYLE('',(#11471));
#11471 = SURFACE_STYLE_FILL_AREA(#11472);
#11472 = FILL_AREA_STYLE('',(#11473));
#11473 = FILL_AREA_STYLE_COLOUR('',#9124);
#11474 = CURVE_STYLE('',#11475,POSITIVE_LENGTH_MEASURE(0.1),#9124);
#11475 = DRAUGHTING_PRE_DEFINED_CURVE_FONT('continuous');
#11476 = STYLED_ITEM('color',(#11477),#6370);
#11477 = PRESENTATION_STYLE_ASSIGNMENT((#11478,#11483));
#11478 = SURFACE_STYLE_USAGE(.BOTH.,#11479);
#11479 = SURFACE_SIDE_STYLE('',(#11480));
#11480 = SURFACE_STYLE_FILL_AREA(#11481);
#11481 = FILL_AREA_STYLE('',(#11482));
#11482 = FILL_AREA_STYLE_COLOUR('',#9124);
#11483 = CURVE_STYLE('',#11484,POSITIVE_LENGTH_MEASURE(0.1),#9124);
#11484 = DRAUGHTING_PRE_DEFINED_CURVE_FONT('continuous');
#11485 = STYLED_ITEM('color',(#11486),#6387);
#11486 = PRESENTATION_STYLE_ASSIGNMENT((#11487,#11492));
#11487 = SURFACE_STYLE_USAGE(.BOTH.,#11488);
#11488 = SURFACE_SIDE_STYLE('',(#11489));
#11489 = SURFACE_STYLE_FILL_AREA(#11490);
#11490 = FILL_AREA_STYLE('',(#11491));
#11491 = FILL_AREA_STYLE_COLOUR('',#9124);
#11492 = CURVE_STYLE('',#11493,POSITIVE_LENGTH_MEASURE(0.1),#9124);
#11493 = DRAUGHTING_PRE_DEFINED_CURVE_FONT('continuous');
#11494 = STYLED_ITEM('color',(#11495),#6404);
#11495 = PRESENTATION_STYLE_ASSIGNMENT((#11496,#11501));
#11496 = SURFACE_STYLE_USAGE(.BOTH.,#11497);
#11497 = SURFACE_SIDE_STYLE('',(#11498));
#11498 = SURFACE_STYLE_FILL_AREA(#11499);
#11499 = FILL_AREA_STYLE('',(#11500));
#11500 = FILL_AREA_STYLE_COLOUR('',#9124);
#11501 = CURVE_STYLE('',#11502,POSITIVE_LENGTH_MEASURE(0.1),#9124);
#11502 = DRAUGHTING_PRE_DEFINED_CURVE_FONT('continuous');
#11503 = STYLED_ITEM('color',(#11504),#6416);
#11504 = PRESENTATION_STYLE_ASSIGNMENT((#11505,#11510));
#11505 = SURFACE_STYLE_USAGE(.BOTH.,#11506);
#11506 = SURFACE_SIDE_STYLE('',(#11507));
#11507 = SURFACE_STYLE_FILL_AREA(#11508);
#11508 = FILL_AREA_STYLE('',(#11509));
#11509 = FILL_AREA_STYLE_COLOUR('',#9124);
#11510 = CURVE_STYLE('',#11511,POSITIVE_LENGTH_MEASURE(0.1),#9124);
#11511 = DRAUGHTING_PRE_DEFINED_CURVE_FONT('continuous');
#11512 = STYLED_ITEM('color',(#11513),#6433);
#11513 = PRESENTATION_STYLE_ASSIGNMENT((#11514,#11519));
#11514 = SURFACE_STYLE_USAGE(.BOTH.,#11515);
#11515 = SURFACE_SIDE_STYLE('',(#11516));
#11516 = SURFACE_STYLE_FILL_AREA(#11517);
#11517 = FILL_AREA_STYLE('',(#11518));
#11518 = FILL_AREA_STYLE_COLOUR('',#9124);
#11519 = CURVE_STYLE('',#11520,POSITIVE_LENGTH_MEASURE(0.1),#9124);
#11520 = DRAUGHTING_PRE_DEFINED_CURVE_FONT('continuous');
#11521 = STYLED_ITEM('color',(#11522),#6450);
#11522 = PRESENTATION_STYLE_ASSIGNMENT((#11523,#11528));
#11523 = SURFACE_STYLE_USAGE(.BOTH.,#11524);
#11524 = SURFACE_SIDE_STYLE('',(#11525));
#11525 = SURFACE_STYLE_FILL_AREA(#11526);
#11526 = FILL_AREA_STYLE('',(#11527));
#11527 = FILL_AREA_STYLE_COLOUR('',#9124);
#11528 = CURVE_STYLE('',#11529,POSITIVE_LENGTH_MEASURE(0.1),#9124);
#11529 = DRAUGHTING_PRE_DEFINED_CURVE_FONT('continuous');
#11530 = STYLED_ITEM('color',(#11531),#6462);
#11531 = PRESENTATION_STYLE_ASSIGNMENT((#11532,#11537));
#11532 = SURFACE_STYLE_USAGE(.BOTH.,#11533);
#11533 = SURFACE_SIDE_STYLE('',(#11534));
#11534 = SURFACE_STYLE_FILL_AREA(#11535);
#11535 = FILL_AREA_STYLE('',(#11536));
#11536 = FILL_AREA_STYLE_COLOUR('',#9124);
#11537 = CURVE_STYLE('',#11538,POSITIVE_LENGTH_MEASURE(0.1),#9124);
#11538 = DRAUGHTING_PRE_DEFINED_CURVE_FONT('continuous');
#11539 = STYLED_ITEM('color',(#11540),#6479);
#11540 = PRESENTATION_STYLE_ASSIGNMENT((#11541,#11546));
#11541 = SURFACE_STYLE_USAGE(.BOTH.,#11542);
#11542 = SURFACE_SIDE_STYLE('',(#11543));
#11543 = SURFACE_STYLE_FILL_AREA(#11544);
#11544 = FILL_AREA_STYLE('',(#11545));
#11545 = FILL_AREA_STYLE_COLOUR('',#9124);
#11546 = CURVE_STYLE('',#11547,POSITIVE_LENGTH_MEASURE(0.1),#9124);
#11547 = DRAUGHTING_PRE_DEFINED_CURVE_FONT('continuous');
#11548 = STYLED_ITEM('color',(#11549),#6496);
#11549 = PRESENTATION_STYLE_ASSIGNMENT((#11550,#11555));
#11550 = SURFACE_STYLE_USAGE(.BOTH.,#11551);
#11551 = SURFACE_SIDE_STYLE('',(#11552));
#11552 = SURFACE_STYLE_FILL_AREA(#11553);
#11553 = FILL_AREA_STYLE('',(#11554));
#11554 = FILL_AREA_STYLE_COLOUR('',#9124);
#11555 = CURVE_STYLE('',#11556,POSITIVE_LENGTH_MEASURE(0.1),#9124);
#11556 = DRAUGHTING_PRE_DEFINED_CURVE_FONT('continuous');
#11557 = STYLED_ITEM('color',(#11558),#6508);
#11558 = PRESENTATION_STYLE_ASSIGNMENT((#11559,#11564));
#11559 = SURFACE_STYLE_USAGE(.BOTH.,#11560);
#11560 = SURFACE_SIDE_STYLE('',(#11561));
#11561 = SURFACE_STYLE_FILL_AREA(#11562);
#11562 = FILL_AREA_STYLE('',(#11563));
#11563 = FILL_AREA_STYLE_COLOUR('',#9124);
#11564 = CURVE_STYLE('',#11565,POSITIVE_LENGTH_MEASURE(0.1),#9124);
#11565 = DRAUGHTING_PRE_DEFINED_CURVE_FONT('continuous');
#11566 = STYLED_ITEM('color',(#11567),#6525);
#11567 = PRESENTATION_STYLE_ASSIGNMENT((#11568,#11573));
#11568 = SURFACE_STYLE_USAGE(.BOTH.,#11569);
#11569 = SURFACE_SIDE_STYLE('',(#11570));
#11570 = SURFACE_STYLE_FILL_AREA(#11571);
#11571 = FILL_AREA_STYLE('',(#11572));
#11572 = FILL_AREA_STYLE_COLOUR('',#9124);
#11573 = CURVE_STYLE('',#11574,POSITIVE_LENGTH_MEASURE(0.1),#9124);
#11574 = DRAUGHTING_PRE_DEFINED_CURVE_FONT('continuous');
#11575 = STYLED_ITEM('color',(#11576),#6542);
#11576 = PRESENTATION_STYLE_ASSIGNMENT((#11577,#11582));
#11577 = SURFACE_STYLE_USAGE(.BOTH.,#11578);
#11578 = SURFACE_SIDE_STYLE('',(#11579));
#11579 = SURFACE_STYLE_FILL_AREA(#11580);
#11580 = FILL_AREA_STYLE('',(#11581));
#11581 = FILL_AREA_STYLE_COLOUR('',#9124);
#11582 = CURVE_STYLE('',#11583,POSITIVE_LENGTH_MEASURE(0.1),#9124);
#11583 = DRAUGHTING_PRE_DEFINED_CURVE_FONT('continuous');
ENDSEC;
END-ISO-10303-21;
