ISO-10303-21;
HEADER;
/* Generated by software containing ST-Developer
 * from STEP Tools, Inc. (www.steptools.com) 
 */

FILE_DESCRIPTION(
/* description */ (''),
/* implementation_level */ '2;1');

FILE_NAME(
/* name */ 'Blare base.step',
/* time_stamp */ '2026-09-20T02:11:12+10:00',
/* author */ (''),
/* organization */ (''),
/* preprocessor_version */ 'ST-DEVELOPER v20.2',
/* originating_system */ 'Autodesk Translation Framework v15.15.0.0',
/* authorisation */ '');

FILE_SCHEMA (('AUTOMOTIVE_DESIGN { 1 0 10303 214 3 1 1 }'));
ENDSEC;

DATA;
#10=MECHANICAL_DESIGN_GEOMETRIC_PRESENTATION_REPRESENTATION('',(#13),#4106);
#11=SHAPE_REPRESENTATION_RELATIONSHIP('SRR','None',#4113,#12);
#12=ADVANCED_BREP_SHAPE_REPRESENTATION('',(#14),#4105);
#13=STYLED_ITEM('',(#4122),#14);
#14=MANIFOLD_SOLID_BREP('Body1',#2191);
#15=CONICAL_SURFACE('',#2400,1.15,1.02974425867665);
#16=CONICAL_SURFACE('',#2404,1.15,1.02974425867665);
#17=CONICAL_SURFACE('',#2408,1.15,1.02974425867665);
#18=CONICAL_SURFACE('',#2412,1.15,1.02974425867665);
#19=SPHERICAL_SURFACE('',#2349,1.);
#20=SPHERICAL_SURFACE('',#2354,1.);
#21=SPHERICAL_SURFACE('',#2359,1.);
#22=SPHERICAL_SURFACE('',#2361,1.);
#23=SPHERICAL_SURFACE('',#2374,1.);
#24=SPHERICAL_SURFACE('',#2376,1.);
#25=SPHERICAL_SURFACE('',#2387,1.);
#26=SPHERICAL_SURFACE('',#2389,1.);
#27=B_SPLINE_CURVE_WITH_KNOTS('',3,(#3176,#3177,#3178,#3179,#3180,#3181),
 .UNSPECIFIED.,.F.,.F.,(4,2,4),(0.,0.117562819132908,0.194026045695578),
 .UNSPECIFIED.);
#28=B_SPLINE_CURVE_WITH_KNOTS('',3,(#3203,#3204,#3205,#3206,#3207,#3208),
 .UNSPECIFIED.,.F.,.F.,(4,2,4),(0.50553224003851,0.581995466601179,0.699558285734088),
 .UNSPECIFIED.);
#29=B_SPLINE_CURVE_WITH_KNOTS('',3,(#3292,#3293,#3294,#3295,#3296,#3297),
 .UNSPECIFIED.,.F.,.F.,(4,2,4),(0.,0.117562819132909,0.194026045695578),
 .UNSPECIFIED.);
#30=B_SPLINE_CURVE_WITH_KNOTS('',3,(#3319,#3320,#3321,#3322,#3323,#3324),
 .UNSPECIFIED.,.F.,.F.,(4,2,4),(0.50553224003851,0.58199546660118,0.699558285734088),
 .UNSPECIFIED.);
#31=B_SPLINE_CURVE_WITH_KNOTS('',3,(#3408,#3409,#3410,#3411,#3412,#3413),
 .UNSPECIFIED.,.F.,.F.,(4,2,4),(0.,0.117562819132908,0.194026045695578),
 .UNSPECIFIED.);
#32=B_SPLINE_CURVE_WITH_KNOTS('',3,(#3435,#3436,#3437,#3438,#3439,#3440),
 .UNSPECIFIED.,.F.,.F.,(4,2,4),(0.50553224003851,0.581995466601179,0.699558285734088),
 .UNSPECIFIED.);
#33=B_SPLINE_CURVE_WITH_KNOTS('',3,(#3524,#3525,#3526,#3527,#3528,#3529),
 .UNSPECIFIED.,.F.,.F.,(4,2,4),(0.,0.117562819132909,0.194026045695578),
 .UNSPECIFIED.);
#34=B_SPLINE_CURVE_WITH_KNOTS('',3,(#3551,#3552,#3553,#3554,#3555,#3556),
 .UNSPECIFIED.,.F.,.F.,(4,2,4),(0.50553224003851,0.58199546660118,0.699558285734088),
 .UNSPECIFIED.);
#35=B_SPLINE_CURVE_WITH_KNOTS('',3,(#3640,#3641,#3642,#3643,#3644,#3645),
 .UNSPECIFIED.,.F.,.F.,(4,2,4),(0.,0.117562819132908,0.194026045695578),
 .UNSPECIFIED.);
#36=B_SPLINE_CURVE_WITH_KNOTS('',3,(#3667,#3668,#3669,#3670,#3671,#3672),
 .UNSPECIFIED.,.F.,.F.,(4,2,4),(0.505532240038509,0.58199546660118,0.699558285734088),
 .UNSPECIFIED.);
#37=TOROIDAL_SURFACE('',#2216,2.,1.);
#38=TOROIDAL_SURFACE('',#2224,2.,1.);
#39=TOROIDAL_SURFACE('',#2236,2.,1.);
#40=TOROIDAL_SURFACE('',#2244,2.,1.);
#41=TOROIDAL_SURFACE('',#2256,2.,1.);
#42=TOROIDAL_SURFACE('',#2264,2.,1.);
#43=TOROIDAL_SURFACE('',#2276,2.,1.);
#44=TOROIDAL_SURFACE('',#2284,2.,1.);
#45=TOROIDAL_SURFACE('',#2296,2.,1.);
#46=TOROIDAL_SURFACE('',#2304,2.,1.);
#47=CYLINDRICAL_SURFACE('',#2214,1.);
#48=CYLINDRICAL_SURFACE('',#2219,1.);
#49=CYLINDRICAL_SURFACE('',#2222,1.);
#50=CYLINDRICAL_SURFACE('',#2227,1.);
#51=CYLINDRICAL_SURFACE('',#2230,1.);
#52=CYLINDRICAL_SURFACE('',#2234,1.);
#53=CYLINDRICAL_SURFACE('',#2239,1.);
#54=CYLINDRICAL_SURFACE('',#2242,1.);
#55=CYLINDRICAL_SURFACE('',#2247,1.);
#56=CYLINDRICAL_SURFACE('',#2250,1.);
#57=CYLINDRICAL_SURFACE('',#2254,1.);
#58=CYLINDRICAL_SURFACE('',#2259,1.);
#59=CYLINDRICAL_SURFACE('',#2262,1.);
#60=CYLINDRICAL_SURFACE('',#2267,1.);
#61=CYLINDRICAL_SURFACE('',#2270,1.);
#62=CYLINDRICAL_SURFACE('',#2274,1.);
#63=CYLINDRICAL_SURFACE('',#2279,1.);
#64=CYLINDRICAL_SURFACE('',#2282,1.);
#65=CYLINDRICAL_SURFACE('',#2287,1.);
#66=CYLINDRICAL_SURFACE('',#2290,1.);
#67=CYLINDRICAL_SURFACE('',#2294,1.);
#68=CYLINDRICAL_SURFACE('',#2299,1.);
#69=CYLINDRICAL_SURFACE('',#2302,1.);
#70=CYLINDRICAL_SURFACE('',#2307,1.);
#71=CYLINDRICAL_SURFACE('',#2310,1.);
#72=CYLINDRICAL_SURFACE('',#2314,1.);
#73=CYLINDRICAL_SURFACE('',#2316,1.);
#74=CYLINDRICAL_SURFACE('',#2319,1.);
#75=CYLINDRICAL_SURFACE('',#2321,1.);
#76=CYLINDRICAL_SURFACE('',#2330,1.);
#77=CYLINDRICAL_SURFACE('',#2332,1.);
#78=CYLINDRICAL_SURFACE('',#2336,1.);
#79=CYLINDRICAL_SURFACE('',#2338,1.);
#80=CYLINDRICAL_SURFACE('',#2340,1.);
#81=CYLINDRICAL_SURFACE('',#2343,1.);
#82=CYLINDRICAL_SURFACE('',#2346,1.);
#83=CYLINDRICAL_SURFACE('',#2351,1.);
#84=CYLINDRICAL_SURFACE('',#2356,1.);
#85=CYLINDRICAL_SURFACE('',#2363,1.);
#86=CYLINDRICAL_SURFACE('',#2365,1.);
#87=CYLINDRICAL_SURFACE('',#2369,1.);
#88=CYLINDRICAL_SURFACE('',#2372,1.);
#89=CYLINDRICAL_SURFACE('',#2378,1.);
#90=CYLINDRICAL_SURFACE('',#2381,1.);
#91=CYLINDRICAL_SURFACE('',#2384,1.);
#92=CYLINDRICAL_SURFACE('',#2391,1.);
#93=CYLINDRICAL_SURFACE('',#2402,2.3);
#94=CYLINDRICAL_SURFACE('',#2406,2.3);
#95=CYLINDRICAL_SURFACE('',#2410,2.3);
#96=CYLINDRICAL_SURFACE('',#2414,2.3);
#97=ELLIPSE('',#2212,2.23606797749979,1.);
#98=ELLIPSE('',#2213,2.23606797749979,1.);
#99=ELLIPSE('',#2223,2.23606797749979,1.);
#100=ELLIPSE('',#2229,2.23606797749979,1.);
#101=ELLIPSE('',#2231,2.23606797749979,1.);
#102=ELLIPSE('',#2233,2.23606797749979,1.);
#103=ELLIPSE('',#2243,2.23606797749979,1.);
#104=ELLIPSE('',#2249,2.23606797749979,1.);
#105=ELLIPSE('',#2252,2.23606797749979,1.);
#106=ELLIPSE('',#2253,2.23606797749979,1.);
#107=ELLIPSE('',#2263,2.23606797749979,1.);
#108=ELLIPSE('',#2269,2.23606797749979,1.);
#109=ELLIPSE('',#2271,2.23606797749979,1.);
#110=ELLIPSE('',#2273,2.23606797749979,1.);
#111=ELLIPSE('',#2283,2.23606797749979,1.);
#112=ELLIPSE('',#2289,2.23606797749979,1.);
#113=ELLIPSE('',#2292,2.23606797749979,1.);
#114=ELLIPSE('',#2293,2.23606797749979,1.);
#115=ELLIPSE('',#2303,2.23606797749979,1.);
#116=ELLIPSE('',#2309,2.23606797749979,1.);
#117=ELLIPSE('',#2311,2.23606797749979,1.);
#118=ELLIPSE('',#2313,2.23606797749979,1.);
#119=ELLIPSE('',#2315,1.4142135623731,1.);
#120=ELLIPSE('',#2317,1.4142135623731,1.);
#121=ELLIPSE('',#2320,2.23606797749979,1.);
#122=ELLIPSE('',#2323,2.23606797749979,1.);
#123=ELLIPSE('',#2333,1.4142135623731,1.);
#124=ELLIPSE('',#2334,1.41421356237309,1.);
#125=ELLIPSE('',#2337,1.41421356237309,1.);
#126=ELLIPSE('',#2339,1.4142135623731,1.);
#127=CIRCLE('',#2211,1.);
#128=CIRCLE('',#2215,1.);
#129=CIRCLE('',#2217,2.);
#130=CIRCLE('',#2218,1.);
#131=CIRCLE('',#2220,1.);
#132=CIRCLE('',#2225,1.);
#133=CIRCLE('',#2226,2.);
#134=CIRCLE('',#2228,0.999999999999996);
#135=CIRCLE('',#2232,1.);
#136=CIRCLE('',#2235,1.);
#137=CIRCLE('',#2237,2.);
#138=CIRCLE('',#2238,1.);
#139=CIRCLE('',#2240,1.);
#140=CIRCLE('',#2245,1.);
#141=CIRCLE('',#2246,2.);
#142=CIRCLE('',#2248,0.999999999999996);
#143=CIRCLE('',#2251,1.);
#144=CIRCLE('',#2255,1.);
#145=CIRCLE('',#2257,2.);
#146=CIRCLE('',#2258,1.);
#147=CIRCLE('',#2260,1.);
#148=CIRCLE('',#2265,1.);
#149=CIRCLE('',#2266,2.);
#150=CIRCLE('',#2268,0.999999999999996);
#151=CIRCLE('',#2272,1.);
#152=CIRCLE('',#2275,1.);
#153=CIRCLE('',#2277,2.);
#154=CIRCLE('',#2278,1.);
#155=CIRCLE('',#2280,1.);
#156=CIRCLE('',#2285,1.);
#157=CIRCLE('',#2286,2.);
#158=CIRCLE('',#2288,0.999999999999996);
#159=CIRCLE('',#2291,0.999999999999996);
#160=CIRCLE('',#2295,0.999999999999996);
#161=CIRCLE('',#2297,2.);
#162=CIRCLE('',#2298,1.);
#163=CIRCLE('',#2300,1.);
#164=CIRCLE('',#2305,0.999999999999996);
#165=CIRCLE('',#2306,2.);
#166=CIRCLE('',#2308,0.999999999999996);
#167=CIRCLE('',#2312,1.00000000000001);
#168=CIRCLE('',#2322,0.999999999999996);
#169=CIRCLE('',#2344,1.);
#170=CIRCLE('',#2345,0.999999999999999);
#171=CIRCLE('',#2347,1.);
#172=CIRCLE('',#2348,1.);
#173=CIRCLE('',#2350,1.);
#174=CIRCLE('',#2352,1.);
#175=CIRCLE('',#2353,0.999999999999996);
#176=CIRCLE('',#2355,0.999999999999999);
#177=CIRCLE('',#2357,1.);
#178=CIRCLE('',#2358,0.999999999999996);
#179=CIRCLE('',#2360,0.999999999999992);
#180=CIRCLE('',#2362,0.999999999999995);
#181=CIRCLE('',#2364,0.999999999999999);
#182=CIRCLE('',#2366,0.999999999999996);
#183=CIRCLE('',#2370,1.);
#184=CIRCLE('',#2371,0.999999999999996);
#185=CIRCLE('',#2373,1.);
#186=CIRCLE('',#2375,1.);
#187=CIRCLE('',#2377,1.);
#188=CIRCLE('',#2379,1.);
#189=CIRCLE('',#2382,0.999999999999999);
#190=CIRCLE('',#2385,1.);
#191=CIRCLE('',#2386,1.);
#192=CIRCLE('',#2388,1.);
#193=CIRCLE('',#2401,2.3);
#194=CIRCLE('',#2403,2.3);
#195=CIRCLE('',#2405,2.3);
#196=CIRCLE('',#2407,2.3);
#197=CIRCLE('',#2409,2.3);
#198=CIRCLE('',#2411,2.3);
#199=CIRCLE('',#2413,2.3);
#200=CIRCLE('',#2415,2.3);
#201=B_SPLINE_SURFACE_WITH_KNOTS('',3,3,((#3131,#3132,#3133,#3134,#3135,
#3136),(#3137,#3138,#3139,#3140,#3141,#3142),(#3143,#3144,#3145,#3146,#3147,
#3148),(#3149,#3150,#3151,#3152,#3153,#3154),(#3155,#3156,#3157,#3158,#3159,
#3160)),.UNSPECIFIED.,.F.,.F.,.F.,(4,1,4),(4,1,1,4),(0.,0.571428571428571,
1.),(-1.5707963267949,-0.897597901025656,-0.448798950512828,1.11022302462516E-16),
 .UNSPECIFIED.);
#202=B_SPLINE_SURFACE_WITH_KNOTS('',3,3,((#3213,#3214,#3215,#3216,#3217,
#3218),(#3219,#3220,#3221,#3222,#3223,#3224),(#3225,#3226,#3227,#3228,#3229,
#3230),(#3231,#3232,#3233,#3234,#3235,#3236),(#3237,#3238,#3239,#3240,#3241,
#3242)),.UNSPECIFIED.,.F.,.F.,.F.,(4,1,4),(4,1,1,4),(0.,0.571428571428571,
1.),(-2.62084230106141E-30,0.448798950512828,0.673198425769241,1.5707963267949),
 .UNSPECIFIED.);
#203=B_SPLINE_SURFACE_WITH_KNOTS('',3,3,((#3250,#3251,#3252,#3253,#3254,
#3255),(#3256,#3257,#3258,#3259,#3260,#3261),(#3262,#3263,#3264,#3265,#3266,
#3267),(#3268,#3269,#3270,#3271,#3272,#3273),(#3274,#3275,#3276,#3277,#3278,
#3279)),.UNSPECIFIED.,.F.,.F.,.F.,(4,1,4),(4,1,1,4),(0.,0.571428571428571,
1.),(-1.5707963267949,-0.897597901025655,-0.448798950512828,1.50494865186026E-32),
 .UNSPECIFIED.);
#204=B_SPLINE_SURFACE_WITH_KNOTS('',3,3,((#3329,#3330,#3331,#3332,#3333,
#3334),(#3335,#3336,#3337,#3338,#3339,#3340),(#3341,#3342,#3343,#3344,#3345,
#3346),(#3347,#3348,#3349,#3350,#3351,#3352),(#3353,#3354,#3355,#3356,#3357,
#3358)),.UNSPECIFIED.,.F.,.F.,.F.,(4,1,4),(4,1,1,4),(0.,0.571428571428571,
1.),(0.,0.448798950512828,0.673198425769241,1.5707963267949),
 .UNSPECIFIED.);
#205=B_SPLINE_SURFACE_WITH_KNOTS('',3,3,((#3363,#3364,#3365,#3366,#3367,
#3368),(#3369,#3370,#3371,#3372,#3373,#3374),(#3375,#3376,#3377,#3378,#3379,
#3380),(#3381,#3382,#3383,#3384,#3385,#3386),(#3387,#3388,#3389,#3390,#3391,
#3392)),.UNSPECIFIED.,.F.,.F.,.F.,(4,1,4),(4,1,1,4),(0.,0.571428571428571,
1.),(-1.5707963267949,-0.897597901025655,-0.448798950512827,2.22044604925032E-16),
 .UNSPECIFIED.);
#206=B_SPLINE_SURFACE_WITH_KNOTS('',3,3,((#3445,#3446,#3447,#3448,#3449,
#3450),(#3451,#3452,#3453,#3454,#3455,#3456),(#3457,#3458,#3459,#3460,#3461,
#3462),(#3463,#3464,#3465,#3466,#3467,#3468),(#3469,#3470,#3471,#3472,#3473,
#3474)),.UNSPECIFIED.,.F.,.F.,.F.,(4,1,4),(4,1,1,4),(0.,0.571428571428571,
1.),(-2.66513106612563E-31,0.448798950512828,0.673198425769241,1.5707963267949),
 .UNSPECIFIED.);
#207=B_SPLINE_SURFACE_WITH_KNOTS('',3,3,((#3482,#3483,#3484,#3485,#3486,
#3487),(#3488,#3489,#3490,#3491,#3492,#3493),(#3494,#3495,#3496,#3497,#3498,
#3499),(#3500,#3501,#3502,#3503,#3504,#3505),(#3506,#3507,#3508,#3509,#3510,
#3511)),.UNSPECIFIED.,.F.,.F.,.F.,(4,1,4),(4,1,1,4),(0.,0.571428571428571,
1.),(-1.5707963267949,-0.897597901025655,-0.448798950512828,1.50494865186026E-32),
 .UNSPECIFIED.);
#208=B_SPLINE_SURFACE_WITH_KNOTS('',3,3,((#3561,#3562,#3563,#3564,#3565,
#3566),(#3567,#3568,#3569,#3570,#3571,#3572),(#3573,#3574,#3575,#3576,#3577,
#3578),(#3579,#3580,#3581,#3582,#3583,#3584),(#3585,#3586,#3587,#3588,#3589,
#3590)),.UNSPECIFIED.,.F.,.F.,.F.,(4,1,4),(4,1,1,4),(0.,0.571428571428571,
1.),(0.,0.448798950512828,0.673198425769241,1.5707963267949),
 .UNSPECIFIED.);
#209=B_SPLINE_SURFACE_WITH_KNOTS('',3,3,((#3595,#3596,#3597,#3598,#3599,
#3600),(#3601,#3602,#3603,#3604,#3605,#3606),(#3607,#3608,#3609,#3610,#3611,
#3612),(#3613,#3614,#3615,#3616,#3617,#3618),(#3619,#3620,#3621,#3622,#3623,
#3624)),.UNSPECIFIED.,.F.,.F.,.F.,(4,1,4),(4,1,1,4),(0.,0.571428571428571,
1.),(-1.5707963267949,-0.897597901025655,-0.448798950512828,0.),
 .UNSPECIFIED.);
#210=B_SPLINE_SURFACE_WITH_KNOTS('',3,3,((#3677,#3678,#3679,#3680,#3681,
#3682),(#3683,#3684,#3685,#3686,#3687,#3688),(#3689,#3690,#3691,#3692,#3693,
#3694),(#3695,#3696,#3697,#3698,#3699,#3700),(#3701,#3702,#3703,#3704,#3705,
#3706)),.UNSPECIFIED.,.F.,.F.,.F.,(4,1,4),(4,1,1,4),(0.,0.571428571428571,
1.),(-6.57772451186832E-32,0.448798950512828,0.673198425769241,1.5707963267949),
 .UNSPECIFIED.);
#211=B_SPLINE_SURFACE_WITH_KNOTS('',3,3,((#3714,#3715,#3716,#3717,#3718,
#3719),(#3720,#3721,#3722,#3723,#3724,#3725),(#3726,#3727,#3728,#3729,#3730,
#3731),(#3732,#3733,#3734,#3735,#3736,#3737),(#3738,#3739,#3740,#3741,#3742,
#3743)),.UNSPECIFIED.,.F.,.F.,.F.,(4,1,4),(4,1,1,4),(0.,0.571428571428571,
1.),(-1.5707963267949,-0.897597901025655,-0.448798950512828,1.74519008473658E-31),
 .UNSPECIFIED.);
#212=B_SPLINE_SURFACE_WITH_KNOTS('',3,3,((#3771,#3772,#3773,#3774,#3775,
#3776),(#3777,#3778,#3779,#3780,#3781,#3782),(#3783,#3784,#3785,#3786,#3787,
#3788),(#3789,#3790,#3791,#3792,#3793,#3794),(#3795,#3796,#3797,#3798,#3799,
#3800)),.UNSPECIFIED.,.F.,.F.,.F.,(4,1,4),(4,1,1,4),(0.,0.571428571428571,
1.),(0.,0.448798950512828,0.673198425769241,1.5707963267949),
 .UNSPECIFIED.);
#213=FACE_BOUND('',#363,.T.);
#214=FACE_BOUND('',#366,.T.);
#215=FACE_BOUND('',#453,.T.);
#216=FACE_BOUND('',#462,.T.);
#217=FACE_BOUND('',#467,.T.);
#218=FACE_BOUND('',#468,.T.);
#219=FACE_BOUND('',#469,.T.);
#220=FACE_BOUND('',#475,.T.);
#221=FACE_BOUND('',#491,.T.);
#222=FACE_BOUND('',#496,.T.);
#223=FACE_BOUND('',#500,.T.);
#224=FACE_BOUND('',#502,.T.);
#225=FACE_BOUND('',#503,.T.);
#226=FACE_BOUND('',#507,.T.);
#227=FACE_OUTER_BOUND('',#361,.T.);
#228=FACE_OUTER_BOUND('',#362,.T.);
#229=FACE_OUTER_BOUND('',#364,.T.);
#230=FACE_OUTER_BOUND('',#365,.T.);
#231=FACE_OUTER_BOUND('',#367,.T.);
#232=FACE_OUTER_BOUND('',#368,.T.);
#233=FACE_OUTER_BOUND('',#369,.T.);
#234=FACE_OUTER_BOUND('',#370,.T.);
#235=FACE_OUTER_BOUND('',#371,.T.);
#236=FACE_OUTER_BOUND('',#372,.T.);
#237=FACE_OUTER_BOUND('',#373,.T.);
#238=FACE_OUTER_BOUND('',#374,.T.);
#239=FACE_OUTER_BOUND('',#375,.T.);
#240=FACE_OUTER_BOUND('',#376,.T.);
#241=FACE_OUTER_BOUND('',#377,.T.);
#242=FACE_OUTER_BOUND('',#378,.T.);
#243=FACE_OUTER_BOUND('',#379,.T.);
#244=FACE_OUTER_BOUND('',#380,.T.);
#245=FACE_OUTER_BOUND('',#381,.T.);
#246=FACE_OUTER_BOUND('',#382,.T.);
#247=FACE_OUTER_BOUND('',#383,.T.);
#248=FACE_OUTER_BOUND('',#384,.T.);
#249=FACE_OUTER_BOUND('',#385,.T.);
#250=FACE_OUTER_BOUND('',#386,.T.);
#251=FACE_OUTER_BOUND('',#387,.T.);
#252=FACE_OUTER_BOUND('',#388,.T.);
#253=FACE_OUTER_BOUND('',#389,.T.);
#254=FACE_OUTER_BOUND('',#390,.T.);
#255=FACE_OUTER_BOUND('',#391,.T.);
#256=FACE_OUTER_BOUND('',#392,.T.);
#257=FACE_OUTER_BOUND('',#393,.T.);
#258=FACE_OUTER_BOUND('',#394,.T.);
#259=FACE_OUTER_BOUND('',#395,.T.);
#260=FACE_OUTER_BOUND('',#396,.T.);
#261=FACE_OUTER_BOUND('',#397,.T.);
#262=FACE_OUTER_BOUND('',#398,.T.);
#263=FACE_OUTER_BOUND('',#399,.T.);
#264=FACE_OUTER_BOUND('',#400,.T.);
#265=FACE_OUTER_BOUND('',#401,.T.);
#266=FACE_OUTER_BOUND('',#402,.T.);
#267=FACE_OUTER_BOUND('',#403,.T.);
#268=FACE_OUTER_BOUND('',#404,.T.);
#269=FACE_OUTER_BOUND('',#405,.T.);
#270=FACE_OUTER_BOUND('',#406,.T.);
#271=FACE_OUTER_BOUND('',#407,.T.);
#272=FACE_OUTER_BOUND('',#408,.T.);
#273=FACE_OUTER_BOUND('',#409,.T.);
#274=FACE_OUTER_BOUND('',#410,.T.);
#275=FACE_OUTER_BOUND('',#411,.T.);
#276=FACE_OUTER_BOUND('',#412,.T.);
#277=FACE_OUTER_BOUND('',#413,.T.);
#278=FACE_OUTER_BOUND('',#414,.T.);
#279=FACE_OUTER_BOUND('',#415,.T.);
#280=FACE_OUTER_BOUND('',#416,.T.);
#281=FACE_OUTER_BOUND('',#417,.T.);
#282=FACE_OUTER_BOUND('',#418,.T.);
#283=FACE_OUTER_BOUND('',#419,.T.);
#284=FACE_OUTER_BOUND('',#420,.T.);
#285=FACE_OUTER_BOUND('',#421,.T.);
#286=FACE_OUTER_BOUND('',#422,.T.);
#287=FACE_OUTER_BOUND('',#423,.T.);
#288=FACE_OUTER_BOUND('',#424,.T.);
#289=FACE_OUTER_BOUND('',#425,.T.);
#290=FACE_OUTER_BOUND('',#426,.T.);
#291=FACE_OUTER_BOUND('',#427,.T.);
#292=FACE_OUTER_BOUND('',#428,.T.);
#293=FACE_OUTER_BOUND('',#429,.T.);
#294=FACE_OUTER_BOUND('',#430,.T.);
#295=FACE_OUTER_BOUND('',#431,.T.);
#296=FACE_OUTER_BOUND('',#432,.T.);
#297=FACE_OUTER_BOUND('',#433,.T.);
#298=FACE_OUTER_BOUND('',#434,.T.);
#299=FACE_OUTER_BOUND('',#435,.T.);
#300=FACE_OUTER_BOUND('',#436,.T.);
#301=FACE_OUTER_BOUND('',#437,.T.);
#302=FACE_OUTER_BOUND('',#438,.T.);
#303=FACE_OUTER_BOUND('',#439,.T.);
#304=FACE_OUTER_BOUND('',#440,.T.);
#305=FACE_OUTER_BOUND('',#441,.T.);
#306=FACE_OUTER_BOUND('',#442,.T.);
#307=FACE_OUTER_BOUND('',#443,.T.);
#308=FACE_OUTER_BOUND('',#444,.T.);
#309=FACE_OUTER_BOUND('',#445,.T.);
#310=FACE_OUTER_BOUND('',#446,.T.);
#311=FACE_OUTER_BOUND('',#447,.T.);
#312=FACE_OUTER_BOUND('',#448,.T.);
#313=FACE_OUTER_BOUND('',#449,.T.);
#314=FACE_OUTER_BOUND('',#450,.T.);
#315=FACE_OUTER_BOUND('',#451,.T.);
#316=FACE_OUTER_BOUND('',#452,.T.);
#317=FACE_OUTER_BOUND('',#454,.T.);
#318=FACE_OUTER_BOUND('',#455,.T.);
#319=FACE_OUTER_BOUND('',#456,.T.);
#320=FACE_OUTER_BOUND('',#457,.T.);
#321=FACE_OUTER_BOUND('',#458,.T.);
#322=FACE_OUTER_BOUND('',#459,.T.);
#323=FACE_OUTER_BOUND('',#460,.T.);
#324=FACE_OUTER_BOUND('',#461,.T.);
#325=FACE_OUTER_BOUND('',#463,.T.);
#326=FACE_OUTER_BOUND('',#464,.T.);
#327=FACE_OUTER_BOUND('',#465,.T.);
#328=FACE_OUTER_BOUND('',#466,.T.);
#329=FACE_OUTER_BOUND('',#470,.T.);
#330=FACE_OUTER_BOUND('',#471,.T.);
#331=FACE_OUTER_BOUND('',#472,.T.);
#332=FACE_OUTER_BOUND('',#473,.T.);
#333=FACE_OUTER_BOUND('',#474,.T.);
#334=FACE_OUTER_BOUND('',#476,.T.);
#335=FACE_OUTER_BOUND('',#477,.T.);
#336=FACE_OUTER_BOUND('',#478,.T.);
#337=FACE_OUTER_BOUND('',#479,.T.);
#338=FACE_OUTER_BOUND('',#480,.T.);
#339=FACE_OUTER_BOUND('',#481,.T.);
#340=FACE_OUTER_BOUND('',#482,.T.);
#341=FACE_OUTER_BOUND('',#483,.T.);
#342=FACE_OUTER_BOUND('',#484,.T.);
#343=FACE_OUTER_BOUND('',#485,.T.);
#344=FACE_OUTER_BOUND('',#486,.T.);
#345=FACE_OUTER_BOUND('',#487,.T.);
#346=FACE_OUTER_BOUND('',#488,.T.);
#347=FACE_OUTER_BOUND('',#489,.T.);
#348=FACE_OUTER_BOUND('',#490,.T.);
#349=FACE_OUTER_BOUND('',#492,.T.);
#350=FACE_OUTER_BOUND('',#493,.T.);
#351=FACE_OUTER_BOUND('',#494,.T.);
#352=FACE_OUTER_BOUND('',#495,.T.);
#353=FACE_OUTER_BOUND('',#497,.T.);
#354=FACE_OUTER_BOUND('',#498,.T.);
#355=FACE_OUTER_BOUND('',#499,.T.);
#356=FACE_OUTER_BOUND('',#501,.T.);
#357=FACE_OUTER_BOUND('',#504,.T.);
#358=FACE_OUTER_BOUND('',#505,.T.);
#359=FACE_OUTER_BOUND('',#506,.T.);
#360=FACE_OUTER_BOUND('',#508,.T.);
#361=EDGE_LOOP('',(#1389,#1390,#1391,#1392));
#362=EDGE_LOOP('',(#1393,#1394,#1395,#1396));
#363=EDGE_LOOP('',(#1397,#1398,#1399,#1400));
#364=EDGE_LOOP('',(#1401,#1402,#1403,#1404));
#365=EDGE_LOOP('',(#1405,#1406,#1407,#1408,#1409,#1410,#1411,#1412));
#366=EDGE_LOOP('',(#1413,#1414,#1415,#1416));
#367=EDGE_LOOP('',(#1417,#1418,#1419,#1420));
#368=EDGE_LOOP('',(#1421,#1422,#1423,#1424));
#369=EDGE_LOOP('',(#1425,#1426,#1427));
#370=EDGE_LOOP('',(#1428,#1429,#1430,#1431));
#371=EDGE_LOOP('',(#1432,#1433,#1434,#1435));
#372=EDGE_LOOP('',(#1436,#1437,#1438,#1439));
#373=EDGE_LOOP('',(#1440,#1441,#1442,#1443));
#374=EDGE_LOOP('',(#1444,#1445,#1446,#1447));
#375=EDGE_LOOP('',(#1448,#1449,#1450,#1451));
#376=EDGE_LOOP('',(#1452,#1453,#1454,#1455));
#377=EDGE_LOOP('',(#1456,#1457,#1458));
#378=EDGE_LOOP('',(#1459,#1460,#1461,#1462));
#379=EDGE_LOOP('',(#1463,#1464,#1465));
#380=EDGE_LOOP('',(#1466,#1467,#1468,#1469));
#381=EDGE_LOOP('',(#1470,#1471,#1472,#1473));
#382=EDGE_LOOP('',(#1474,#1475,#1476,#1477));
#383=EDGE_LOOP('',(#1478,#1479,#1480,#1481));
#384=EDGE_LOOP('',(#1482,#1483,#1484,#1485));
#385=EDGE_LOOP('',(#1486,#1487,#1488,#1489));
#386=EDGE_LOOP('',(#1490,#1491,#1492,#1493));
#387=EDGE_LOOP('',(#1494,#1495,#1496));
#388=EDGE_LOOP('',(#1497,#1498,#1499,#1500));
#389=EDGE_LOOP('',(#1501,#1502,#1503));
#390=EDGE_LOOP('',(#1504,#1505,#1506,#1507));
#391=EDGE_LOOP('',(#1508,#1509,#1510,#1511));
#392=EDGE_LOOP('',(#1512,#1513,#1514,#1515));
#393=EDGE_LOOP('',(#1516,#1517,#1518,#1519));
#394=EDGE_LOOP('',(#1520,#1521,#1522,#1523));
#395=EDGE_LOOP('',(#1524,#1525,#1526,#1527));
#396=EDGE_LOOP('',(#1528,#1529,#1530,#1531));
#397=EDGE_LOOP('',(#1532,#1533,#1534));
#398=EDGE_LOOP('',(#1535,#1536,#1537,#1538));
#399=EDGE_LOOP('',(#1539,#1540,#1541));
#400=EDGE_LOOP('',(#1542,#1543,#1544,#1545));
#401=EDGE_LOOP('',(#1546,#1547,#1548,#1549));
#402=EDGE_LOOP('',(#1550,#1551,#1552,#1553));
#403=EDGE_LOOP('',(#1554,#1555,#1556,#1557));
#404=EDGE_LOOP('',(#1558,#1559,#1560,#1561));
#405=EDGE_LOOP('',(#1562,#1563,#1564,#1565));
#406=EDGE_LOOP('',(#1566,#1567,#1568,#1569));
#407=EDGE_LOOP('',(#1570,#1571,#1572));
#408=EDGE_LOOP('',(#1573,#1574,#1575,#1576));
#409=EDGE_LOOP('',(#1577,#1578,#1579));
#410=EDGE_LOOP('',(#1580,#1581,#1582,#1583));
#411=EDGE_LOOP('',(#1584,#1585,#1586,#1587));
#412=EDGE_LOOP('',(#1588,#1589,#1590,#1591));
#413=EDGE_LOOP('',(#1592,#1593,#1594,#1595));
#414=EDGE_LOOP('',(#1596,#1597,#1598,#1599));
#415=EDGE_LOOP('',(#1600,#1601,#1602,#1603));
#416=EDGE_LOOP('',(#1604,#1605,#1606,#1607));
#417=EDGE_LOOP('',(#1608,#1609,#1610));
#418=EDGE_LOOP('',(#1611,#1612,#1613,#1614));
#419=EDGE_LOOP('',(#1615,#1616,#1617));
#420=EDGE_LOOP('',(#1618,#1619,#1620,#1621));
#421=EDGE_LOOP('',(#1622,#1623,#1624,#1625));
#422=EDGE_LOOP('',(#1626,#1627,#1628,#1629));
#423=EDGE_LOOP('',(#1630,#1631,#1632,#1633));
#424=EDGE_LOOP('',(#1634,#1635,#1636,#1637));
#425=EDGE_LOOP('',(#1638,#1639,#1640));
#426=EDGE_LOOP('',(#1641,#1642,#1643,#1644,#1645,#1646));
#427=EDGE_LOOP('',(#1647,#1648,#1649,#1650,#1651,#1652));
#428=EDGE_LOOP('',(#1653,#1654,#1655,#1656,#1657,#1658));
#429=EDGE_LOOP('',(#1659,#1660,#1661,#1662,#1663,#1664));
#430=EDGE_LOOP('',(#1665,#1666,#1667,#1668,#1669,#1670));
#431=EDGE_LOOP('',(#1671,#1672,#1673,#1674));
#432=EDGE_LOOP('',(#1675,#1676,#1677,#1678));
#433=EDGE_LOOP('',(#1679,#1680,#1681,#1682,#1683,#1684));
#434=EDGE_LOOP('',(#1685,#1686,#1687,#1688));
#435=EDGE_LOOP('',(#1689,#1690,#1691,#1692,#1693));
#436=EDGE_LOOP('',(#1694,#1695,#1696,#1697));
#437=EDGE_LOOP('',(#1698,#1699,#1700,#1701));
#438=EDGE_LOOP('',(#1702,#1703,#1704,#1705));
#439=EDGE_LOOP('',(#1706,#1707,#1708,#1709));
#440=EDGE_LOOP('',(#1710,#1711,#1712,#1713));
#441=EDGE_LOOP('',(#1714,#1715,#1716,#1717));
#442=EDGE_LOOP('',(#1718,#1719,#1720,#1721));
#443=EDGE_LOOP('',(#1722,#1723,#1724));
#444=EDGE_LOOP('',(#1725,#1726,#1727,#1728));
#445=EDGE_LOOP('',(#1729,#1730,#1731));
#446=EDGE_LOOP('',(#1732,#1733,#1734,#1735));
#447=EDGE_LOOP('',(#1736,#1737,#1738));
#448=EDGE_LOOP('',(#1739,#1740,#1741));
#449=EDGE_LOOP('',(#1742,#1743,#1744,#1745));
#450=EDGE_LOOP('',(#1746,#1747,#1748,#1749));
#451=EDGE_LOOP('',(#1750,#1751,#1752,#1753));
#452=EDGE_LOOP('',(#1754,#1755,#1756,#1757));
#453=EDGE_LOOP('',(#1758,#1759,#1760,#1761));
#454=EDGE_LOOP('',(#1762,#1763,#1764,#1765));
#455=EDGE_LOOP('',(#1766,#1767,#1768,#1769));
#456=EDGE_LOOP('',(#1770,#1771,#1772));
#457=EDGE_LOOP('',(#1773,#1774,#1775));
#458=EDGE_LOOP('',(#1776,#1777,#1778,#1779));
#459=EDGE_LOOP('',(#1780,#1781,#1782,#1783));
#460=EDGE_LOOP('',(#1784,#1785,#1786,#1787));
#461=EDGE_LOOP('',(#1788,#1789,#1790,#1791));
#462=EDGE_LOOP('',(#1792,#1793,#1794,#1795));
#463=EDGE_LOOP('',(#1796,#1797,#1798,#1799));
#464=EDGE_LOOP('',(#1800,#1801,#1802));
#465=EDGE_LOOP('',(#1803,#1804,#1805));
#466=EDGE_LOOP('',(#1806,#1807,#1808,#1809));
#467=EDGE_LOOP('',(#1810,#1811,#1812,#1813));
#468=EDGE_LOOP('',(#1814,#1815,#1816,#1817));
#469=EDGE_LOOP('',(#1818,#1819,#1820,#1821));
#470=EDGE_LOOP('',(#1822,#1823,#1824,#1825));
#471=EDGE_LOOP('',(#1826,#1827,#1828,#1829,#1830,#1831,#1832,#1833,#1834));
#472=EDGE_LOOP('',(#1835,#1836,#1837,#1838));
#473=EDGE_LOOP('',(#1839,#1840,#1841,#1842));
#474=EDGE_LOOP('',(#1843,#1844,#1845,#1846,#1847,#1848,#1849,#1850));
#475=EDGE_LOOP('',(#1851,#1852,#1853,#1854));
#476=EDGE_LOOP('',(#1855,#1856,#1857,#1858));
#477=EDGE_LOOP('',(#1859,#1860,#1861,#1862));
#478=EDGE_LOOP('',(#1863,#1864,#1865,#1866,#1867,#1868,#1869,#1870));
#479=EDGE_LOOP('',(#1871,#1872,#1873,#1874));
#480=EDGE_LOOP('',(#1875,#1876,#1877));
#481=EDGE_LOOP('',(#1878,#1879,#1880,#1881));
#482=EDGE_LOOP('',(#1882,#1883,#1884));
#483=EDGE_LOOP('',(#1885,#1886,#1887,#1888));
#484=EDGE_LOOP('',(#1889,#1890,#1891));
#485=EDGE_LOOP('',(#1892,#1893,#1894,#1895));
#486=EDGE_LOOP('',(#1896,#1897,#1898));
#487=EDGE_LOOP('',(#1899,#1900,#1901,#1902));
#488=EDGE_LOOP('',(#1903,#1904,#1905,#1906));
#489=EDGE_LOOP('',(#1907,#1908,#1909,#1910));
#490=EDGE_LOOP('',(#1911,#1912,#1913,#1914));
#491=EDGE_LOOP('',(#1915));
#492=EDGE_LOOP('',(#1916,#1917,#1918,#1919,#1920,#1921,#1922,#1923,#1924,
#1925,#1926,#1927));
#493=EDGE_LOOP('',(#1928,#1929,#1930,#1931));
#494=EDGE_LOOP('',(#1932,#1933,#1934,#1935));
#495=EDGE_LOOP('',(#1936,#1937,#1938,#1939));
#496=EDGE_LOOP('',(#1940));
#497=EDGE_LOOP('',(#1941,#1942,#1943,#1944));
#498=EDGE_LOOP('',(#1945,#1946,#1947,#1948));
#499=EDGE_LOOP('',(#1949,#1950,#1951,#1952));
#500=EDGE_LOOP('',(#1953));
#501=EDGE_LOOP('',(#1954,#1955,#1956,#1957,#1958,#1959,#1960,#1961,#1962,
#1963,#1964,#1965,#1966,#1967));
#502=EDGE_LOOP('',(#1968,#1969,#1970,#1971,#1972,#1973,#1974,#1975));
#503=EDGE_LOOP('',(#1976,#1977,#1978,#1979,#1980,#1981,#1982,#1983));
#504=EDGE_LOOP('',(#1984,#1985,#1986,#1987));
#505=EDGE_LOOP('',(#1988,#1989,#1990,#1991,#1992,#1993));
#506=EDGE_LOOP('',(#1994,#1995,#1996,#1997));
#507=EDGE_LOOP('',(#1998));
#508=EDGE_LOOP('',(#1999,#2000,#2001,#2002,#2003,#2004,#2005,#2006));
#509=LINE('',#3084,#704);
#510=LINE('',#3086,#705);
#511=LINE('',#3088,#706);
#512=LINE('',#3089,#707);
#513=LINE('',#3093,#708);
#514=LINE('',#3095,#709);
#515=LINE('',#3097,#710);
#516=LINE('',#3098,#711);
#517=LINE('',#3100,#712);
#518=LINE('',#3102,#713);
#519=LINE('',#3103,#714);
#520=LINE('',#3106,#715);
#521=LINE('',#3108,#716);
#522=LINE('',#3109,#717);
#523=LINE('',#3113,#718);
#524=LINE('',#3115,#719);
#525=LINE('',#3117,#720);
#526=LINE('',#3119,#721);
#527=LINE('',#3121,#722);
#528=LINE('',#3123,#723);
#529=LINE('',#3125,#724);
#530=LINE('',#3126,#725);
#531=LINE('',#3127,#726);
#532=LINE('',#3128,#727);
#533=LINE('',#3171,#728);
#534=LINE('',#3172,#729);
#535=LINE('',#3186,#730);
#536=LINE('',#3189,#731);
#537=LINE('',#3192,#732);
#538=LINE('',#3193,#733);
#539=LINE('',#3196,#734);
#540=LINE('',#3212,#735);
#541=LINE('',#3246,#736);
#542=LINE('',#3249,#737);
#543=LINE('',#3287,#738);
#544=LINE('',#3288,#739);
#545=LINE('',#3302,#740);
#546=LINE('',#3305,#741);
#547=LINE('',#3308,#742);
#548=LINE('',#3309,#743);
#549=LINE('',#3312,#744);
#550=LINE('',#3328,#745);
#551=LINE('',#3361,#746);
#552=LINE('',#3362,#747);
#553=LINE('',#3403,#748);
#554=LINE('',#3404,#749);
#555=LINE('',#3418,#750);
#556=LINE('',#3421,#751);
#557=LINE('',#3424,#752);
#558=LINE('',#3425,#753);
#559=LINE('',#3428,#754);
#560=LINE('',#3444,#755);
#561=LINE('',#3478,#756);
#562=LINE('',#3481,#757);
#563=LINE('',#3519,#758);
#564=LINE('',#3520,#759);
#565=LINE('',#3534,#760);
#566=LINE('',#3537,#761);
#567=LINE('',#3540,#762);
#568=LINE('',#3541,#763);
#569=LINE('',#3544,#764);
#570=LINE('',#3560,#765);
#571=LINE('',#3593,#766);
#572=LINE('',#3594,#767);
#573=LINE('',#3635,#768);
#574=LINE('',#3636,#769);
#575=LINE('',#3650,#770);
#576=LINE('',#3653,#771);
#577=LINE('',#3656,#772);
#578=LINE('',#3657,#773);
#579=LINE('',#3660,#774);
#580=LINE('',#3676,#775);
#581=LINE('',#3710,#776);
#582=LINE('',#3713,#777);
#583=LINE('',#3751,#778);
#584=LINE('',#3752,#779);
#585=LINE('',#3755,#780);
#586=LINE('',#3758,#781);
#587=LINE('',#3761,#782);
#588=LINE('',#3762,#783);
#589=LINE('',#3765,#784);
#590=LINE('',#3770,#785);
#591=LINE('',#3803,#786);
#592=LINE('',#3805,#787);
#593=LINE('',#3807,#788);
#594=LINE('',#3809,#789);
#595=LINE('',#3812,#790);
#596=LINE('',#3813,#791);
#597=LINE('',#3816,#792);
#598=LINE('',#3817,#793);
#599=LINE('',#3819,#794);
#600=LINE('',#3820,#795);
#601=LINE('',#3822,#796);
#602=LINE('',#3828,#797);
#603=LINE('',#3831,#798);
#604=LINE('',#3834,#799);
#605=LINE('',#3836,#800);
#606=LINE('',#3838,#801);
#607=LINE('',#3839,#802);
#608=LINE('',#3842,#803);
#609=LINE('',#3844,#804);
#610=LINE('',#3848,#805);
#611=LINE('',#3850,#806);
#612=LINE('',#3853,#807);
#613=LINE('',#3854,#808);
#614=LINE('',#3857,#809);
#615=LINE('',#3858,#810);
#616=LINE('',#3861,#811);
#617=LINE('',#3862,#812);
#618=LINE('',#3868,#813);
#619=LINE('',#3871,#814);
#620=LINE('',#3877,#815);
#621=LINE('',#3879,#816);
#622=LINE('',#3886,#817);
#623=LINE('',#3893,#818);
#624=LINE('',#3895,#819);
#625=LINE('',#3903,#820);
#626=LINE('',#3906,#821);
#627=LINE('',#3910,#822);
#628=LINE('',#3911,#823);
#629=LINE('',#3914,#824);
#630=LINE('',#3916,#825);
#631=LINE('',#3917,#826);
#632=LINE('',#3923,#827);
#633=LINE('',#3926,#828);
#634=LINE('',#3934,#829);
#635=LINE('',#3938,#830);
#636=LINE('',#3939,#831);
#637=LINE('',#3942,#832);
#638=LINE('',#3945,#833);
#639=LINE('',#3949,#834);
#640=LINE('',#3955,#835);
#641=LINE('',#3959,#836);
#642=LINE('',#3961,#837);
#643=LINE('',#3963,#838);
#644=LINE('',#3965,#839);
#645=LINE('',#3967,#840);
#646=LINE('',#3968,#841);
#647=LINE('',#3971,#842);
#648=LINE('',#3972,#843);
#649=LINE('',#3976,#844);
#650=LINE('',#3977,#845);
#651=LINE('',#3978,#846);
#652=LINE('',#3982,#847);
#653=LINE('',#3984,#848);
#654=LINE('',#3986,#849);
#655=LINE('',#3988,#850);
#656=LINE('',#3990,#851);
#657=LINE('',#3991,#852);
#658=LINE('',#3992,#853);
#659=LINE('',#3994,#854);
#660=LINE('',#3996,#855);
#661=LINE('',#3997,#856);
#662=LINE('',#3999,#857);
#663=LINE('',#4001,#858);
#664=LINE('',#4003,#859);
#665=LINE('',#4009,#860);
#666=LINE('',#4013,#861);
#667=LINE('',#4018,#862);
#668=LINE('',#4022,#863);
#669=LINE('',#4027,#864);
#670=LINE('',#4031,#865);
#671=LINE('',#4036,#866);
#672=LINE('',#4040,#867);
#673=LINE('',#4043,#868);
#674=LINE('',#4045,#869);
#675=LINE('',#4046,#870);
#676=LINE('',#4049,#871);
#677=LINE('',#4051,#872);
#678=LINE('',#4052,#873);
#679=LINE('',#4054,#874);
#680=LINE('',#4057,#875);
#681=LINE('',#4059,#876);
#682=LINE('',#4060,#877);
#683=LINE('',#4062,#878);
#684=LINE('',#4064,#879);
#685=LINE('',#4066,#880);
#686=LINE('',#4068,#881);
#687=LINE('',#4069,#882);
#688=LINE('',#4072,#883);
#689=LINE('',#4074,#884);
#690=LINE('',#4075,#885);
#691=LINE('',#4077,#886);
#692=LINE('',#4079,#887);
#693=LINE('',#4082,#888);
#694=LINE('',#4084,#889);
#695=LINE('',#4085,#890);
#696=LINE('',#4087,#891);
#697=LINE('',#4089,#892);
#698=LINE('',#4092,#893);
#699=LINE('',#4093,#894);
#700=LINE('',#4094,#895);
#701=LINE('',#4097,#896);
#702=LINE('',#4098,#897);
#703=LINE('',#4100,#898);
#704=VECTOR('',#2435,10.);
#705=VECTOR('',#2436,10.);
#706=VECTOR('',#2437,10.);
#707=VECTOR('',#2438,10.);
#708=VECTOR('',#2441,10.);
#709=VECTOR('',#2442,10.);
#710=VECTOR('',#2443,10.);
#711=VECTOR('',#2444,10.);
#712=VECTOR('',#2445,10.);
#713=VECTOR('',#2446,10.);
#714=VECTOR('',#2447,10.);
#715=VECTOR('',#2450,10.);
#716=VECTOR('',#2451,10.);
#717=VECTOR('',#2452,10.);
#718=VECTOR('',#2455,10.);
#719=VECTOR('',#2456,10.);
#720=VECTOR('',#2457,10.);
#721=VECTOR('',#2458,10.);
#722=VECTOR('',#2459,10.);
#723=VECTOR('',#2460,10.);
#724=VECTOR('',#2461,10.);
#725=VECTOR('',#2462,10.);
#726=VECTOR('',#2463,10.);
#727=VECTOR('',#2464,10.);
#728=VECTOR('',#2479,10.);
#729=VECTOR('',#2480,10.);
#730=VECTOR('',#2489,10.);
#731=VECTOR('',#2492,10.);
#732=VECTOR('',#2495,10.);
#733=VECTOR('',#2496,10.);
#734=VECTOR('',#2499,10.);
#735=VECTOR('',#2512,10.);
#736=VECTOR('',#2517,10.);
#737=VECTOR('',#2520,10.);
#738=VECTOR('',#2529,10.);
#739=VECTOR('',#2530,10.);
#740=VECTOR('',#2539,10.);
#741=VECTOR('',#2542,10.);
#742=VECTOR('',#2545,10.);
#743=VECTOR('',#2546,10.);
#744=VECTOR('',#2549,10.);
#745=VECTOR('',#2562,10.);
#746=VECTOR('',#2567,10.);
#747=VECTOR('',#2568,10.);
#748=VECTOR('',#2579,10.);
#749=VECTOR('',#2580,10.);
#750=VECTOR('',#2589,10.);
#751=VECTOR('',#2592,10.);
#752=VECTOR('',#2595,10.);
#753=VECTOR('',#2596,10.);
#754=VECTOR('',#2599,10.);
#755=VECTOR('',#2612,10.);
#756=VECTOR('',#2617,10.);
#757=VECTOR('',#2620,10.);
#758=VECTOR('',#2629,10.);
#759=VECTOR('',#2630,10.);
#760=VECTOR('',#2639,10.);
#761=VECTOR('',#2642,10.);
#762=VECTOR('',#2645,10.);
#763=VECTOR('',#2646,10.);
#764=VECTOR('',#2649,10.);
#765=VECTOR('',#2662,10.);
#766=VECTOR('',#2667,10.);
#767=VECTOR('',#2668,10.);
#768=VECTOR('',#2679,10.);
#769=VECTOR('',#2680,10.);
#770=VECTOR('',#2689,10.);
#771=VECTOR('',#2692,10.);
#772=VECTOR('',#2695,10.);
#773=VECTOR('',#2696,10.);
#774=VECTOR('',#2699,10.);
#775=VECTOR('',#2712,10.);
#776=VECTOR('',#2717,10.);
#777=VECTOR('',#2720,10.);
#778=VECTOR('',#2729,10.);
#779=VECTOR('',#2730,10.);
#780=VECTOR('',#2733,10.);
#781=VECTOR('',#2736,10.);
#782=VECTOR('',#2739,10.);
#783=VECTOR('',#2740,10.);
#784=VECTOR('',#2743,10.);
#785=VECTOR('',#2750,10.);
#786=VECTOR('',#2755,10.);
#787=VECTOR('',#2758,10.);
#788=VECTOR('',#2761,10.);
#789=VECTOR('',#2764,10.);
#790=VECTOR('',#2767,10.);
#791=VECTOR('',#2768,10.);
#792=VECTOR('',#2771,10.);
#793=VECTOR('',#2772,10.);
#794=VECTOR('',#2775,10.);
#795=VECTOR('',#2776,10.);
#796=VECTOR('',#2779,10.);
#797=VECTOR('',#2784,10.);
#798=VECTOR('',#2787,10.);
#799=VECTOR('',#2790,10.);
#800=VECTOR('',#2791,10.);
#801=VECTOR('',#2792,10.);
#802=VECTOR('',#2793,10.);
#803=VECTOR('',#2796,10.);
#804=VECTOR('',#2797,10.);
#805=VECTOR('',#2802,10.);
#806=VECTOR('',#2803,10.);
#807=VECTOR('',#2808,10.);
#808=VECTOR('',#2809,10.);
#809=VECTOR('',#2812,10.);
#810=VECTOR('',#2813,10.);
#811=VECTOR('',#2816,10.);
#812=VECTOR('',#2817,10.);
#813=VECTOR('',#2822,10.);
#814=VECTOR('',#2825,10.);
#815=VECTOR('',#2830,10.);
#816=VECTOR('',#2833,10.);
#817=VECTOR('',#2844,10.);
#818=VECTOR('',#2853,10.);
#819=VECTOR('',#2856,10.);
#820=VECTOR('',#2869,10.);
#821=VECTOR('',#2872,10.);
#822=VECTOR('',#2877,10.);
#823=VECTOR('',#2878,10.);
#824=VECTOR('',#2881,10.);
#825=VECTOR('',#2882,10.);
#826=VECTOR('',#2883,10.);
#827=VECTOR('',#2890,10.);
#828=VECTOR('',#2893,10.);
#829=VECTOR('',#2906,10.);
#830=VECTOR('',#2911,10.);
#831=VECTOR('',#2912,10.);
#832=VECTOR('',#2915,10.);
#833=VECTOR('',#2920,10.);
#834=VECTOR('',#2925,10.);
#835=VECTOR('',#2936,10.);
#836=VECTOR('',#2941,10.);
#837=VECTOR('',#2942,10.);
#838=VECTOR('',#2943,10.);
#839=VECTOR('',#2944,10.);
#840=VECTOR('',#2945,10.);
#841=VECTOR('',#2946,10.);
#842=VECTOR('',#2949,10.);
#843=VECTOR('',#2950,10.);
#844=VECTOR('',#2953,10.);
#845=VECTOR('',#2954,10.);
#846=VECTOR('',#2955,10.);
#847=VECTOR('',#2958,10.);
#848=VECTOR('',#2959,10.);
#849=VECTOR('',#2960,10.);
#850=VECTOR('',#2961,10.);
#851=VECTOR('',#2962,10.);
#852=VECTOR('',#2963,10.);
#853=VECTOR('',#2964,10.);
#854=VECTOR('',#2965,10.);
#855=VECTOR('',#2966,10.);
#856=VECTOR('',#2967,10.);
#857=VECTOR('',#2970,10.);
#858=VECTOR('',#2973,10.);
#859=VECTOR('',#2976,10.);
#860=VECTOR('',#2983,1.15);
#861=VECTOR('',#2988,2.3);
#862=VECTOR('',#2993,1.15);
#863=VECTOR('',#2998,2.3);
#864=VECTOR('',#3003,1.15);
#865=VECTOR('',#3008,2.3);
#866=VECTOR('',#3013,1.15);
#867=VECTOR('',#3018,2.3);
#868=VECTOR('',#3021,10.);
#869=VECTOR('',#3022,10.);
#870=VECTOR('',#3023,10.);
#871=VECTOR('',#3026,10.);
#872=VECTOR('',#3027,10.);
#873=VECTOR('',#3028,10.);
#874=VECTOR('',#3031,10.);
#875=VECTOR('',#3034,10.);
#876=VECTOR('',#3035,10.);
#877=VECTOR('',#3036,10.);
#878=VECTOR('',#3037,10.);
#879=VECTOR('',#3038,10.);
#880=VECTOR('',#3039,10.);
#881=VECTOR('',#3040,10.);
#882=VECTOR('',#3041,10.);
#883=VECTOR('',#3044,10.);
#884=VECTOR('',#3045,10.);
#885=VECTOR('',#3046,10.);
#886=VECTOR('',#3049,10.);
#887=VECTOR('',#3052,10.);
#888=VECTOR('',#3055,10.);
#889=VECTOR('',#3056,10.);
#890=VECTOR('',#3057,10.);
#891=VECTOR('',#3060,10.);
#892=VECTOR('',#3063,10.);
#893=VECTOR('',#3066,10.);
#894=VECTOR('',#3067,10.);
#895=VECTOR('',#3068,10.);
#896=VECTOR('',#3071,10.);
#897=VECTOR('',#3072,10.);
#898=VECTOR('',#3075,10.);
#899=VERTEX_POINT('',#3082);
#900=VERTEX_POINT('',#3083);
#901=VERTEX_POINT('',#3085);
#902=VERTEX_POINT('',#3087);
#903=VERTEX_POINT('',#3091);
#904=VERTEX_POINT('',#3092);
#905=VERTEX_POINT('',#3094);
#906=VERTEX_POINT('',#3096);
#907=VERTEX_POINT('',#3099);
#908=VERTEX_POINT('',#3101);
#909=VERTEX_POINT('',#3105);
#910=VERTEX_POINT('',#3107);
#911=VERTEX_POINT('',#3111);
#912=VERTEX_POINT('',#3112);
#913=VERTEX_POINT('',#3114);
#914=VERTEX_POINT('',#3116);
#915=VERTEX_POINT('',#3118);
#916=VERTEX_POINT('',#3120);
#917=VERTEX_POINT('',#3122);
#918=VERTEX_POINT('',#3124);
#919=VERTEX_POINT('',#3161);
#920=VERTEX_POINT('',#3162);
#921=VERTEX_POINT('',#3164);
#922=VERTEX_POINT('',#3168);
#923=VERTEX_POINT('',#3169);
#924=VERTEX_POINT('',#3174);
#925=VERTEX_POINT('',#3175);
#926=VERTEX_POINT('',#3185);
#927=VERTEX_POINT('',#3187);
#928=VERTEX_POINT('',#3191);
#929=VERTEX_POINT('',#3195);
#930=VERTEX_POINT('',#3199);
#931=VERTEX_POINT('',#3201);
#932=VERTEX_POINT('',#3210);
#933=VERTEX_POINT('',#3245);
#934=VERTEX_POINT('',#3247);
#935=VERTEX_POINT('',#3280);
#936=VERTEX_POINT('',#3284);
#937=VERTEX_POINT('',#3285);
#938=VERTEX_POINT('',#3290);
#939=VERTEX_POINT('',#3291);
#940=VERTEX_POINT('',#3301);
#941=VERTEX_POINT('',#3303);
#942=VERTEX_POINT('',#3307);
#943=VERTEX_POINT('',#3311);
#944=VERTEX_POINT('',#3315);
#945=VERTEX_POINT('',#3317);
#946=VERTEX_POINT('',#3326);
#947=VERTEX_POINT('',#3393);
#948=VERTEX_POINT('',#3394);
#949=VERTEX_POINT('',#3396);
#950=VERTEX_POINT('',#3400);
#951=VERTEX_POINT('',#3401);
#952=VERTEX_POINT('',#3406);
#953=VERTEX_POINT('',#3407);
#954=VERTEX_POINT('',#3417);
#955=VERTEX_POINT('',#3419);
#956=VERTEX_POINT('',#3423);
#957=VERTEX_POINT('',#3427);
#958=VERTEX_POINT('',#3431);
#959=VERTEX_POINT('',#3433);
#960=VERTEX_POINT('',#3442);
#961=VERTEX_POINT('',#3477);
#962=VERTEX_POINT('',#3479);
#963=VERTEX_POINT('',#3512);
#964=VERTEX_POINT('',#3516);
#965=VERTEX_POINT('',#3517);
#966=VERTEX_POINT('',#3522);
#967=VERTEX_POINT('',#3523);
#968=VERTEX_POINT('',#3533);
#969=VERTEX_POINT('',#3535);
#970=VERTEX_POINT('',#3539);
#971=VERTEX_POINT('',#3543);
#972=VERTEX_POINT('',#3547);
#973=VERTEX_POINT('',#3549);
#974=VERTEX_POINT('',#3558);
#975=VERTEX_POINT('',#3625);
#976=VERTEX_POINT('',#3626);
#977=VERTEX_POINT('',#3628);
#978=VERTEX_POINT('',#3632);
#979=VERTEX_POINT('',#3633);
#980=VERTEX_POINT('',#3638);
#981=VERTEX_POINT('',#3639);
#982=VERTEX_POINT('',#3649);
#983=VERTEX_POINT('',#3651);
#984=VERTEX_POINT('',#3655);
#985=VERTEX_POINT('',#3659);
#986=VERTEX_POINT('',#3663);
#987=VERTEX_POINT('',#3665);
#988=VERTEX_POINT('',#3674);
#989=VERTEX_POINT('',#3709);
#990=VERTEX_POINT('',#3711);
#991=VERTEX_POINT('',#3744);
#992=VERTEX_POINT('',#3748);
#993=VERTEX_POINT('',#3749);
#994=VERTEX_POINT('',#3754);
#995=VERTEX_POINT('',#3756);
#996=VERTEX_POINT('',#3760);
#997=VERTEX_POINT('',#3764);
#998=VERTEX_POINT('',#3768);
#999=VERTEX_POINT('',#3811);
#1000=VERTEX_POINT('',#3815);
#1001=VERTEX_POINT('',#3824);
#1002=VERTEX_POINT('',#3825);
#1003=VERTEX_POINT('',#3827);
#1004=VERTEX_POINT('',#3829);
#1005=VERTEX_POINT('',#3833);
#1006=VERTEX_POINT('',#3835);
#1007=VERTEX_POINT('',#3837);
#1008=VERTEX_POINT('',#3841);
#1009=VERTEX_POINT('',#3843);
#1010=VERTEX_POINT('',#3847);
#1011=VERTEX_POINT('',#3849);
#1012=VERTEX_POINT('',#3856);
#1013=VERTEX_POINT('',#3860);
#1014=VERTEX_POINT('',#3864);
#1015=VERTEX_POINT('',#3865);
#1016=VERTEX_POINT('',#3867);
#1017=VERTEX_POINT('',#3869);
#1018=VERTEX_POINT('',#3873);
#1019=VERTEX_POINT('',#3874);
#1020=VERTEX_POINT('',#3876);
#1021=VERTEX_POINT('',#3883);
#1022=VERTEX_POINT('',#3890);
#1023=VERTEX_POINT('',#3892);
#1024=VERTEX_POINT('',#3901);
#1025=VERTEX_POINT('',#3905);
#1026=VERTEX_POINT('',#3909);
#1027=VERTEX_POINT('',#3913);
#1028=VERTEX_POINT('',#3915);
#1029=VERTEX_POINT('',#3919);
#1030=VERTEX_POINT('',#3921);
#1031=VERTEX_POINT('',#3925);
#1032=VERTEX_POINT('',#3933);
#1033=VERTEX_POINT('',#3937);
#1034=VERTEX_POINT('',#3941);
#1035=VERTEX_POINT('',#3947);
#1036=VERTEX_POINT('',#3958);
#1037=VERTEX_POINT('',#3960);
#1038=VERTEX_POINT('',#3962);
#1039=VERTEX_POINT('',#3964);
#1040=VERTEX_POINT('',#3966);
#1041=VERTEX_POINT('',#3970);
#1042=VERTEX_POINT('',#3974);
#1043=VERTEX_POINT('',#3975);
#1044=VERTEX_POINT('',#3980);
#1045=VERTEX_POINT('',#3981);
#1046=VERTEX_POINT('',#3983);
#1047=VERTEX_POINT('',#3985);
#1048=VERTEX_POINT('',#3987);
#1049=VERTEX_POINT('',#3989);
#1050=VERTEX_POINT('',#3993);
#1051=VERTEX_POINT('',#3995);
#1052=VERTEX_POINT('',#4006);
#1053=VERTEX_POINT('',#4008);
#1054=VERTEX_POINT('',#4011);
#1055=VERTEX_POINT('',#4015);
#1056=VERTEX_POINT('',#4017);
#1057=VERTEX_POINT('',#4020);
#1058=VERTEX_POINT('',#4024);
#1059=VERTEX_POINT('',#4026);
#1060=VERTEX_POINT('',#4029);
#1061=VERTEX_POINT('',#4033);
#1062=VERTEX_POINT('',#4035);
#1063=VERTEX_POINT('',#4038);
#1064=VERTEX_POINT('',#4042);
#1065=VERTEX_POINT('',#4044);
#1066=VERTEX_POINT('',#4048);
#1067=VERTEX_POINT('',#4050);
#1068=VERTEX_POINT('',#4056);
#1069=VERTEX_POINT('',#4058);
#1070=VERTEX_POINT('',#4061);
#1071=VERTEX_POINT('',#4063);
#1072=VERTEX_POINT('',#4065);
#1073=VERTEX_POINT('',#4067);
#1074=VERTEX_POINT('',#4071);
#1075=VERTEX_POINT('',#4073);
#1076=VERTEX_POINT('',#4081);
#1077=VERTEX_POINT('',#4083);
#1078=VERTEX_POINT('',#4091);
#1079=VERTEX_POINT('',#4096);
#1080=EDGE_CURVE('',#899,#900,#509,.T.);
#1081=EDGE_CURVE('',#899,#901,#510,.T.);
#1082=EDGE_CURVE('',#902,#901,#511,.T.);
#1083=EDGE_CURVE('',#900,#902,#512,.T.);
#1084=EDGE_CURVE('',#903,#904,#513,.T.);
#1085=EDGE_CURVE('',#905,#903,#514,.T.);
#1086=EDGE_CURVE('',#906,#905,#515,.T.);
#1087=EDGE_CURVE('',#904,#906,#516,.T.);
#1088=EDGE_CURVE('',#907,#899,#517,.T.);
#1089=EDGE_CURVE('',#900,#908,#518,.T.);
#1090=EDGE_CURVE('',#908,#907,#519,.T.);
#1091=EDGE_CURVE('',#908,#909,#520,.T.);
#1092=EDGE_CURVE('',#910,#909,#521,.T.);
#1093=EDGE_CURVE('',#907,#910,#522,.T.);
#1094=EDGE_CURVE('',#911,#912,#523,.T.);
#1095=EDGE_CURVE('',#912,#913,#524,.T.);
#1096=EDGE_CURVE('',#914,#913,#525,.T.);
#1097=EDGE_CURVE('',#915,#914,#526,.T.);
#1098=EDGE_CURVE('',#915,#916,#527,.T.);
#1099=EDGE_CURVE('',#916,#917,#528,.T.);
#1100=EDGE_CURVE('',#917,#918,#529,.T.);
#1101=EDGE_CURVE('',#918,#911,#530,.T.);
#1102=EDGE_CURVE('',#901,#910,#531,.T.);
#1103=EDGE_CURVE('',#909,#902,#532,.T.);
#1104=EDGE_CURVE('',#919,#920,#127,.T.);
#1105=EDGE_CURVE('',#920,#921,#97,.T.);
#1106=EDGE_CURVE('',#921,#919,#98,.T.);
#1107=EDGE_CURVE('',#922,#923,#128,.T.);
#1108=EDGE_CURVE('',#923,#920,#533,.T.);
#1109=EDGE_CURVE('',#919,#922,#534,.T.);
#1110=EDGE_CURVE('',#924,#925,#27,.T.);
#1111=EDGE_CURVE('',#925,#923,#129,.T.);
#1112=EDGE_CURVE('',#922,#924,#130,.T.);
#1113=EDGE_CURVE('',#922,#926,#535,.T.);
#1114=EDGE_CURVE('',#927,#926,#131,.T.);
#1115=EDGE_CURVE('',#927,#924,#536,.T.);
#1116=EDGE_CURVE('',#928,#919,#537,.T.);
#1117=EDGE_CURVE('',#926,#928,#538,.T.);
#1118=EDGE_CURVE('',#921,#929,#539,.T.);
#1119=EDGE_CURVE('',#928,#929,#99,.T.);
#1120=EDGE_CURVE('',#926,#930,#132,.T.);
#1121=EDGE_CURVE('',#930,#931,#133,.T.);
#1122=EDGE_CURVE('',#931,#927,#28,.T.);
#1123=EDGE_CURVE('',#928,#932,#134,.T.);
#1124=EDGE_CURVE('',#932,#930,#540,.T.);
#1125=EDGE_CURVE('',#929,#932,#100,.T.);
#1126=EDGE_CURVE('',#929,#933,#541,.T.);
#1127=EDGE_CURVE('',#934,#933,#101,.T.);
#1128=EDGE_CURVE('',#934,#932,#542,.T.);
#1129=EDGE_CURVE('',#935,#934,#135,.T.);
#1130=EDGE_CURVE('',#933,#935,#102,.T.);
#1131=EDGE_CURVE('',#936,#937,#136,.T.);
#1132=EDGE_CURVE('',#937,#934,#543,.T.);
#1133=EDGE_CURVE('',#935,#936,#544,.T.);
#1134=EDGE_CURVE('',#938,#939,#29,.T.);
#1135=EDGE_CURVE('',#939,#937,#137,.T.);
#1136=EDGE_CURVE('',#936,#938,#138,.T.);
#1137=EDGE_CURVE('',#936,#940,#545,.T.);
#1138=EDGE_CURVE('',#941,#940,#139,.T.);
#1139=EDGE_CURVE('',#941,#938,#546,.T.);
#1140=EDGE_CURVE('',#942,#935,#547,.T.);
#1141=EDGE_CURVE('',#940,#942,#548,.T.);
#1142=EDGE_CURVE('',#933,#943,#549,.T.);
#1143=EDGE_CURVE('',#942,#943,#103,.T.);
#1144=EDGE_CURVE('',#940,#944,#140,.T.);
#1145=EDGE_CURVE('',#944,#945,#141,.T.);
#1146=EDGE_CURVE('',#945,#941,#30,.T.);
#1147=EDGE_CURVE('',#942,#946,#142,.T.);
#1148=EDGE_CURVE('',#946,#944,#550,.T.);
#1149=EDGE_CURVE('',#943,#946,#104,.T.);
#1150=EDGE_CURVE('',#920,#946,#551,.T.);
#1151=EDGE_CURVE('',#943,#921,#552,.T.);
#1152=EDGE_CURVE('',#947,#948,#143,.T.);
#1153=EDGE_CURVE('',#948,#949,#105,.T.);
#1154=EDGE_CURVE('',#949,#947,#106,.T.);
#1155=EDGE_CURVE('',#950,#951,#144,.T.);
#1156=EDGE_CURVE('',#951,#948,#553,.T.);
#1157=EDGE_CURVE('',#947,#950,#554,.T.);
#1158=EDGE_CURVE('',#952,#953,#31,.T.);
#1159=EDGE_CURVE('',#953,#951,#145,.T.);
#1160=EDGE_CURVE('',#950,#952,#146,.T.);
#1161=EDGE_CURVE('',#950,#954,#555,.T.);
#1162=EDGE_CURVE('',#955,#954,#147,.T.);
#1163=EDGE_CURVE('',#955,#952,#556,.T.);
#1164=EDGE_CURVE('',#956,#947,#557,.T.);
#1165=EDGE_CURVE('',#954,#956,#558,.T.);
#1166=EDGE_CURVE('',#949,#957,#559,.T.);
#1167=EDGE_CURVE('',#956,#957,#107,.T.);
#1168=EDGE_CURVE('',#954,#958,#148,.T.);
#1169=EDGE_CURVE('',#958,#959,#149,.T.);
#1170=EDGE_CURVE('',#959,#955,#32,.T.);
#1171=EDGE_CURVE('',#956,#960,#150,.T.);
#1172=EDGE_CURVE('',#960,#958,#560,.T.);
#1173=EDGE_CURVE('',#957,#960,#108,.T.);
#1174=EDGE_CURVE('',#957,#961,#561,.T.);
#1175=EDGE_CURVE('',#962,#961,#109,.T.);
#1176=EDGE_CURVE('',#962,#960,#562,.T.);
#1177=EDGE_CURVE('',#963,#962,#151,.T.);
#1178=EDGE_CURVE('',#961,#963,#110,.T.);
#1179=EDGE_CURVE('',#964,#965,#152,.T.);
#1180=EDGE_CURVE('',#965,#962,#563,.T.);
#1181=EDGE_CURVE('',#963,#964,#564,.T.);
#1182=EDGE_CURVE('',#966,#967,#33,.T.);
#1183=EDGE_CURVE('',#967,#965,#153,.T.);
#1184=EDGE_CURVE('',#964,#966,#154,.T.);
#1185=EDGE_CURVE('',#964,#968,#565,.T.);
#1186=EDGE_CURVE('',#969,#968,#155,.T.);
#1187=EDGE_CURVE('',#969,#966,#566,.T.);
#1188=EDGE_CURVE('',#970,#963,#567,.T.);
#1189=EDGE_CURVE('',#968,#970,#568,.T.);
#1190=EDGE_CURVE('',#961,#971,#569,.T.);
#1191=EDGE_CURVE('',#970,#971,#111,.T.);
#1192=EDGE_CURVE('',#968,#972,#156,.T.);
#1193=EDGE_CURVE('',#972,#973,#157,.T.);
#1194=EDGE_CURVE('',#973,#969,#34,.T.);
#1195=EDGE_CURVE('',#970,#974,#158,.T.);
#1196=EDGE_CURVE('',#974,#972,#570,.T.);
#1197=EDGE_CURVE('',#971,#974,#112,.T.);
#1198=EDGE_CURVE('',#948,#974,#571,.T.);
#1199=EDGE_CURVE('',#971,#949,#572,.T.);
#1200=EDGE_CURVE('',#975,#976,#159,.T.);
#1201=EDGE_CURVE('',#976,#977,#113,.T.);
#1202=EDGE_CURVE('',#977,#975,#114,.T.);
#1203=EDGE_CURVE('',#978,#979,#160,.T.);
#1204=EDGE_CURVE('',#979,#976,#573,.T.);
#1205=EDGE_CURVE('',#975,#978,#574,.T.);
#1206=EDGE_CURVE('',#980,#981,#35,.T.);
#1207=EDGE_CURVE('',#981,#979,#161,.T.);
#1208=EDGE_CURVE('',#978,#980,#162,.T.);
#1209=EDGE_CURVE('',#978,#982,#575,.T.);
#1210=EDGE_CURVE('',#983,#982,#163,.T.);
#1211=EDGE_CURVE('',#983,#980,#576,.T.);
#1212=EDGE_CURVE('',#984,#975,#577,.T.);
#1213=EDGE_CURVE('',#982,#984,#578,.T.);
#1214=EDGE_CURVE('',#977,#985,#579,.T.);
#1215=EDGE_CURVE('',#984,#985,#115,.T.);
#1216=EDGE_CURVE('',#982,#986,#164,.T.);
#1217=EDGE_CURVE('',#986,#987,#165,.T.);
#1218=EDGE_CURVE('',#987,#983,#36,.T.);
#1219=EDGE_CURVE('',#984,#988,#166,.T.);
#1220=EDGE_CURVE('',#988,#986,#580,.T.);
#1221=EDGE_CURVE('',#985,#988,#116,.T.);
#1222=EDGE_CURVE('',#985,#989,#581,.T.);
#1223=EDGE_CURVE('',#990,#989,#117,.T.);
#1224=EDGE_CURVE('',#990,#988,#582,.T.);
#1225=EDGE_CURVE('',#991,#990,#167,.T.);
#1226=EDGE_CURVE('',#989,#991,#118,.T.);
#1227=EDGE_CURVE('',#992,#993,#119,.T.);
#1228=EDGE_CURVE('',#992,#990,#583,.T.);
#1229=EDGE_CURVE('',#991,#993,#584,.T.);
#1230=EDGE_CURVE('',#993,#994,#585,.T.);
#1231=EDGE_CURVE('',#994,#995,#120,.T.);
#1232=EDGE_CURVE('',#995,#992,#586,.T.);
#1233=EDGE_CURVE('',#996,#991,#587,.T.);
#1234=EDGE_CURVE('',#994,#996,#588,.T.);
#1235=EDGE_CURVE('',#989,#997,#589,.T.);
#1236=EDGE_CURVE('',#996,#997,#121,.T.);
#1237=EDGE_CURVE('',#996,#998,#168,.T.);
#1238=EDGE_CURVE('',#998,#995,#590,.T.);
#1239=EDGE_CURVE('',#997,#998,#122,.T.);
#1240=EDGE_CURVE('',#931,#939,#591,.T.);
#1241=EDGE_CURVE('',#945,#925,#592,.T.);
#1242=EDGE_CURVE('',#959,#967,#593,.T.);
#1243=EDGE_CURVE('',#973,#953,#594,.T.);
#1244=EDGE_CURVE('',#992,#999,#595,.T.);
#1245=EDGE_CURVE('',#987,#999,#596,.T.);
#1246=EDGE_CURVE('',#1000,#995,#597,.T.);
#1247=EDGE_CURVE('',#1000,#999,#598,.T.);
#1248=EDGE_CURVE('',#976,#998,#599,.T.);
#1249=EDGE_CURVE('',#997,#977,#600,.T.);
#1250=EDGE_CURVE('',#1000,#981,#601,.T.);
#1251=EDGE_CURVE('',#1001,#1002,#123,.F.);
#1252=EDGE_CURVE('',#1002,#1003,#602,.T.);
#1253=EDGE_CURVE('',#1003,#1004,#124,.F.);
#1254=EDGE_CURVE('',#1004,#1001,#603,.T.);
#1255=EDGE_CURVE('',#1002,#1005,#604,.T.);
#1256=EDGE_CURVE('',#1005,#1006,#605,.T.);
#1257=EDGE_CURVE('',#1006,#1007,#606,.T.);
#1258=EDGE_CURVE('',#1007,#1003,#607,.T.);
#1259=EDGE_CURVE('',#1008,#1002,#608,.T.);
#1260=EDGE_CURVE('',#1001,#1009,#609,.T.);
#1261=EDGE_CURVE('',#1009,#1008,#125,.T.);
#1262=EDGE_CURVE('',#1010,#1004,#610,.T.);
#1263=EDGE_CURVE('',#1003,#1011,#611,.T.);
#1264=EDGE_CURVE('',#1011,#1010,#126,.T.);
#1265=EDGE_CURVE('',#1009,#1010,#612,.T.);
#1266=EDGE_CURVE('',#1011,#1008,#613,.T.);
#1267=EDGE_CURVE('',#1008,#1012,#614,.T.);
#1268=EDGE_CURVE('',#1012,#1005,#615,.T.);
#1269=EDGE_CURVE('',#1011,#1013,#616,.T.);
#1270=EDGE_CURVE('',#1013,#1012,#617,.T.);
#1271=EDGE_CURVE('',#1014,#1015,#169,.T.);
#1272=EDGE_CURVE('',#1015,#1016,#618,.T.);
#1273=EDGE_CURVE('',#1016,#1017,#170,.T.);
#1274=EDGE_CURVE('',#1017,#1014,#619,.T.);
#1275=EDGE_CURVE('',#1018,#1019,#171,.T.);
#1276=EDGE_CURVE('',#1019,#1020,#620,.T.);
#1277=EDGE_CURVE('',#1020,#1014,#172,.T.);
#1278=EDGE_CURVE('',#1014,#1018,#621,.T.);
#1279=EDGE_CURVE('',#1020,#1015,#173,.T.);
#1280=EDGE_CURVE('',#1021,#903,#174,.T.);
#1281=EDGE_CURVE('',#904,#1018,#175,.T.);
#1282=EDGE_CURVE('',#1018,#1021,#622,.T.);
#1283=EDGE_CURVE('',#904,#1019,#176,.T.);
#1284=EDGE_CURVE('',#1017,#1022,#177,.T.);
#1285=EDGE_CURVE('',#1022,#1023,#623,.T.);
#1286=EDGE_CURVE('',#1023,#1021,#178,.T.);
#1287=EDGE_CURVE('',#1021,#1017,#624,.T.);
#1288=EDGE_CURVE('',#1023,#903,#179,.T.);
#1289=EDGE_CURVE('',#1016,#1022,#180,.T.);
#1290=EDGE_CURVE('',#1024,#906,#181,.T.);
#1291=EDGE_CURVE('',#1024,#1019,#625,.T.);
#1292=EDGE_CURVE('',#1023,#1025,#626,.T.);
#1293=EDGE_CURVE('',#1025,#905,#182,.T.);
#1294=EDGE_CURVE('',#1026,#1022,#627,.T.);
#1295=EDGE_CURVE('',#1025,#1026,#628,.T.);
#1296=EDGE_CURVE('',#1027,#914,#629,.T.);
#1297=EDGE_CURVE('',#913,#1028,#630,.T.);
#1298=EDGE_CURVE('',#1028,#1027,#631,.T.);
#1299=EDGE_CURVE('',#1029,#1025,#183,.T.);
#1300=EDGE_CURVE('',#1026,#1030,#184,.T.);
#1301=EDGE_CURVE('',#1030,#1029,#632,.T.);
#1302=EDGE_CURVE('',#1016,#1031,#633,.T.);
#1303=EDGE_CURVE('',#1031,#1026,#185,.T.);
#1304=EDGE_CURVE('',#1031,#1030,#186,.T.);
#1305=EDGE_CURVE('',#1029,#905,#187,.T.);
#1306=EDGE_CURVE('',#1029,#1032,#634,.T.);
#1307=EDGE_CURVE('',#1032,#906,#188,.T.);
#1308=EDGE_CURVE('',#1033,#1030,#635,.T.);
#1309=EDGE_CURVE('',#1032,#1033,#636,.T.);
#1310=EDGE_CURVE('',#1031,#1034,#637,.T.);
#1311=EDGE_CURVE('',#1034,#1033,#189,.T.);
#1312=EDGE_CURVE('',#1034,#1015,#638,.T.);
#1313=EDGE_CURVE('',#1033,#1035,#190,.T.);
#1314=EDGE_CURVE('',#1035,#1024,#639,.T.);
#1315=EDGE_CURVE('',#1024,#1032,#191,.T.);
#1316=EDGE_CURVE('',#1034,#1035,#192,.T.);
#1317=EDGE_CURVE('',#1020,#1035,#640,.T.);
#1318=EDGE_CURVE('',#1036,#1013,#641,.T.);
#1319=EDGE_CURVE('',#1037,#1036,#642,.T.);
#1320=EDGE_CURVE('',#1038,#1037,#643,.T.);
#1321=EDGE_CURVE('',#1039,#1038,#644,.T.);
#1322=EDGE_CURVE('',#1040,#1039,#645,.T.);
#1323=EDGE_CURVE('',#1006,#1040,#646,.T.);
#1324=EDGE_CURVE('',#1011,#1041,#647,.T.);
#1325=EDGE_CURVE('',#1036,#1041,#648,.T.);
#1326=EDGE_CURVE('',#1042,#1043,#649,.T.);
#1327=EDGE_CURVE('',#1042,#1039,#650,.T.);
#1328=EDGE_CURVE('',#1043,#1038,#651,.T.);
#1329=EDGE_CURVE('',#1044,#1045,#652,.T.);
#1330=EDGE_CURVE('',#1045,#1046,#653,.T.);
#1331=EDGE_CURVE('',#1046,#1047,#654,.T.);
#1332=EDGE_CURVE('',#1047,#1048,#655,.T.);
#1333=EDGE_CURVE('',#1048,#1049,#656,.T.);
#1334=EDGE_CURVE('',#1049,#1027,#657,.T.);
#1335=EDGE_CURVE('',#1044,#1028,#658,.T.);
#1336=EDGE_CURVE('',#1050,#1042,#659,.T.);
#1337=EDGE_CURVE('',#1043,#1051,#660,.T.);
#1338=EDGE_CURVE('',#1051,#1050,#661,.T.);
#1339=EDGE_CURVE('',#1051,#1037,#662,.T.);
#1340=EDGE_CURVE('',#1050,#1040,#663,.T.);
#1341=EDGE_CURVE('',#1041,#1007,#664,.T.);
#1342=EDGE_CURVE('',#1052,#1052,#193,.T.);
#1343=EDGE_CURVE('',#1052,#1053,#665,.T.);
#1344=EDGE_CURVE('',#1054,#1054,#194,.T.);
#1345=EDGE_CURVE('',#1054,#1052,#666,.T.);
#1346=EDGE_CURVE('',#1055,#1055,#195,.T.);
#1347=EDGE_CURVE('',#1055,#1056,#667,.T.);
#1348=EDGE_CURVE('',#1057,#1057,#196,.T.);
#1349=EDGE_CURVE('',#1057,#1055,#668,.T.);
#1350=EDGE_CURVE('',#1058,#1058,#197,.T.);
#1351=EDGE_CURVE('',#1058,#1059,#669,.T.);
#1352=EDGE_CURVE('',#1060,#1060,#198,.T.);
#1353=EDGE_CURVE('',#1060,#1058,#670,.T.);
#1354=EDGE_CURVE('',#1061,#1061,#199,.T.);
#1355=EDGE_CURVE('',#1061,#1062,#671,.T.);
#1356=EDGE_CURVE('',#1063,#1063,#200,.T.);
#1357=EDGE_CURVE('',#1063,#1061,#672,.T.);
#1358=EDGE_CURVE('',#1046,#1064,#673,.T.);
#1359=EDGE_CURVE('',#1065,#1045,#674,.T.);
#1360=EDGE_CURVE('',#1064,#1065,#675,.T.);
#1361=EDGE_CURVE('',#1064,#1066,#676,.T.);
#1362=EDGE_CURVE('',#1067,#1065,#677,.T.);
#1363=EDGE_CURVE('',#1066,#1067,#678,.T.);
#1364=EDGE_CURVE('',#1067,#1044,#679,.T.);
#1365=EDGE_CURVE('',#1068,#1066,#680,.T.);
#1366=EDGE_CURVE('',#1068,#1069,#681,.T.);
#1367=EDGE_CURVE('',#1069,#918,#682,.T.);
#1368=EDGE_CURVE('',#917,#1070,#683,.T.);
#1369=EDGE_CURVE('',#1070,#1071,#684,.T.);
#1370=EDGE_CURVE('',#1072,#1071,#685,.T.);
#1371=EDGE_CURVE('',#1072,#1073,#686,.T.);
#1372=EDGE_CURVE('',#1073,#1047,#687,.T.);
#1373=EDGE_CURVE('',#1074,#1068,#688,.T.);
#1374=EDGE_CURVE('',#1075,#1074,#689,.T.);
#1375=EDGE_CURVE('',#1069,#1075,#690,.T.);
#1376=EDGE_CURVE('',#911,#1075,#691,.T.);
#1377=EDGE_CURVE('',#912,#1074,#692,.T.);
#1378=EDGE_CURVE('',#1076,#1072,#693,.T.);
#1379=EDGE_CURVE('',#1077,#1076,#694,.T.);
#1380=EDGE_CURVE('',#1073,#1077,#695,.T.);
#1381=EDGE_CURVE('',#1048,#1077,#696,.T.);
#1382=EDGE_CURVE('',#1049,#1076,#697,.T.);
#1383=EDGE_CURVE('',#999,#1078,#698,.T.);
#1384=EDGE_CURVE('',#1078,#915,#699,.T.);
#1385=EDGE_CURVE('',#1071,#1000,#700,.T.);
#1386=EDGE_CURVE('',#1079,#916,#701,.T.);
#1387=EDGE_CURVE('',#1070,#1079,#702,.T.);
#1388=EDGE_CURVE('',#1078,#1079,#703,.T.);
#1389=ORIENTED_EDGE('',*,*,#1080,.F.);
#1390=ORIENTED_EDGE('',*,*,#1081,.T.);
#1391=ORIENTED_EDGE('',*,*,#1082,.F.);
#1392=ORIENTED_EDGE('',*,*,#1083,.F.);
#1393=ORIENTED_EDGE('',*,*,#1084,.F.);
#1394=ORIENTED_EDGE('',*,*,#1085,.F.);
#1395=ORIENTED_EDGE('',*,*,#1086,.F.);
#1396=ORIENTED_EDGE('',*,*,#1087,.F.);
#1397=ORIENTED_EDGE('',*,*,#1088,.T.);
#1398=ORIENTED_EDGE('',*,*,#1080,.T.);
#1399=ORIENTED_EDGE('',*,*,#1089,.T.);
#1400=ORIENTED_EDGE('',*,*,#1090,.T.);
#1401=ORIENTED_EDGE('',*,*,#1090,.F.);
#1402=ORIENTED_EDGE('',*,*,#1091,.T.);
#1403=ORIENTED_EDGE('',*,*,#1092,.F.);
#1404=ORIENTED_EDGE('',*,*,#1093,.F.);
#1405=ORIENTED_EDGE('',*,*,#1094,.T.);
#1406=ORIENTED_EDGE('',*,*,#1095,.T.);
#1407=ORIENTED_EDGE('',*,*,#1096,.F.);
#1408=ORIENTED_EDGE('',*,*,#1097,.F.);
#1409=ORIENTED_EDGE('',*,*,#1098,.T.);
#1410=ORIENTED_EDGE('',*,*,#1099,.T.);
#1411=ORIENTED_EDGE('',*,*,#1100,.T.);
#1412=ORIENTED_EDGE('',*,*,#1101,.T.);
#1413=ORIENTED_EDGE('',*,*,#1102,.T.);
#1414=ORIENTED_EDGE('',*,*,#1092,.T.);
#1415=ORIENTED_EDGE('',*,*,#1103,.T.);
#1416=ORIENTED_EDGE('',*,*,#1082,.T.);
#1417=ORIENTED_EDGE('',*,*,#1088,.F.);
#1418=ORIENTED_EDGE('',*,*,#1093,.T.);
#1419=ORIENTED_EDGE('',*,*,#1102,.F.);
#1420=ORIENTED_EDGE('',*,*,#1081,.F.);
#1421=ORIENTED_EDGE('',*,*,#1089,.F.);
#1422=ORIENTED_EDGE('',*,*,#1083,.T.);
#1423=ORIENTED_EDGE('',*,*,#1103,.F.);
#1424=ORIENTED_EDGE('',*,*,#1091,.F.);
#1425=ORIENTED_EDGE('',*,*,#1104,.T.);
#1426=ORIENTED_EDGE('',*,*,#1105,.T.);
#1427=ORIENTED_EDGE('',*,*,#1106,.T.);
#1428=ORIENTED_EDGE('',*,*,#1107,.T.);
#1429=ORIENTED_EDGE('',*,*,#1108,.T.);
#1430=ORIENTED_EDGE('',*,*,#1104,.F.);
#1431=ORIENTED_EDGE('',*,*,#1109,.T.);
#1432=ORIENTED_EDGE('',*,*,#1110,.T.);
#1433=ORIENTED_EDGE('',*,*,#1111,.T.);
#1434=ORIENTED_EDGE('',*,*,#1107,.F.);
#1435=ORIENTED_EDGE('',*,*,#1112,.T.);
#1436=ORIENTED_EDGE('',*,*,#1112,.F.);
#1437=ORIENTED_EDGE('',*,*,#1113,.T.);
#1438=ORIENTED_EDGE('',*,*,#1114,.F.);
#1439=ORIENTED_EDGE('',*,*,#1115,.T.);
#1440=ORIENTED_EDGE('',*,*,#1109,.F.);
#1441=ORIENTED_EDGE('',*,*,#1116,.F.);
#1442=ORIENTED_EDGE('',*,*,#1117,.F.);
#1443=ORIENTED_EDGE('',*,*,#1113,.F.);
#1444=ORIENTED_EDGE('',*,*,#1106,.F.);
#1445=ORIENTED_EDGE('',*,*,#1118,.T.);
#1446=ORIENTED_EDGE('',*,*,#1119,.F.);
#1447=ORIENTED_EDGE('',*,*,#1116,.T.);
#1448=ORIENTED_EDGE('',*,*,#1120,.T.);
#1449=ORIENTED_EDGE('',*,*,#1121,.T.);
#1450=ORIENTED_EDGE('',*,*,#1122,.T.);
#1451=ORIENTED_EDGE('',*,*,#1114,.T.);
#1452=ORIENTED_EDGE('',*,*,#1123,.T.);
#1453=ORIENTED_EDGE('',*,*,#1124,.T.);
#1454=ORIENTED_EDGE('',*,*,#1120,.F.);
#1455=ORIENTED_EDGE('',*,*,#1117,.T.);
#1456=ORIENTED_EDGE('',*,*,#1123,.F.);
#1457=ORIENTED_EDGE('',*,*,#1119,.T.);
#1458=ORIENTED_EDGE('',*,*,#1125,.T.);
#1459=ORIENTED_EDGE('',*,*,#1125,.F.);
#1460=ORIENTED_EDGE('',*,*,#1126,.T.);
#1461=ORIENTED_EDGE('',*,*,#1127,.F.);
#1462=ORIENTED_EDGE('',*,*,#1128,.T.);
#1463=ORIENTED_EDGE('',*,*,#1129,.T.);
#1464=ORIENTED_EDGE('',*,*,#1127,.T.);
#1465=ORIENTED_EDGE('',*,*,#1130,.T.);
#1466=ORIENTED_EDGE('',*,*,#1131,.T.);
#1467=ORIENTED_EDGE('',*,*,#1132,.T.);
#1468=ORIENTED_EDGE('',*,*,#1129,.F.);
#1469=ORIENTED_EDGE('',*,*,#1133,.T.);
#1470=ORIENTED_EDGE('',*,*,#1134,.T.);
#1471=ORIENTED_EDGE('',*,*,#1135,.T.);
#1472=ORIENTED_EDGE('',*,*,#1131,.F.);
#1473=ORIENTED_EDGE('',*,*,#1136,.T.);
#1474=ORIENTED_EDGE('',*,*,#1136,.F.);
#1475=ORIENTED_EDGE('',*,*,#1137,.T.);
#1476=ORIENTED_EDGE('',*,*,#1138,.F.);
#1477=ORIENTED_EDGE('',*,*,#1139,.T.);
#1478=ORIENTED_EDGE('',*,*,#1133,.F.);
#1479=ORIENTED_EDGE('',*,*,#1140,.F.);
#1480=ORIENTED_EDGE('',*,*,#1141,.F.);
#1481=ORIENTED_EDGE('',*,*,#1137,.F.);
#1482=ORIENTED_EDGE('',*,*,#1130,.F.);
#1483=ORIENTED_EDGE('',*,*,#1142,.T.);
#1484=ORIENTED_EDGE('',*,*,#1143,.F.);
#1485=ORIENTED_EDGE('',*,*,#1140,.T.);
#1486=ORIENTED_EDGE('',*,*,#1144,.T.);
#1487=ORIENTED_EDGE('',*,*,#1145,.T.);
#1488=ORIENTED_EDGE('',*,*,#1146,.T.);
#1489=ORIENTED_EDGE('',*,*,#1138,.T.);
#1490=ORIENTED_EDGE('',*,*,#1147,.T.);
#1491=ORIENTED_EDGE('',*,*,#1148,.T.);
#1492=ORIENTED_EDGE('',*,*,#1144,.F.);
#1493=ORIENTED_EDGE('',*,*,#1141,.T.);
#1494=ORIENTED_EDGE('',*,*,#1147,.F.);
#1495=ORIENTED_EDGE('',*,*,#1143,.T.);
#1496=ORIENTED_EDGE('',*,*,#1149,.T.);
#1497=ORIENTED_EDGE('',*,*,#1105,.F.);
#1498=ORIENTED_EDGE('',*,*,#1150,.T.);
#1499=ORIENTED_EDGE('',*,*,#1149,.F.);
#1500=ORIENTED_EDGE('',*,*,#1151,.T.);
#1501=ORIENTED_EDGE('',*,*,#1152,.T.);
#1502=ORIENTED_EDGE('',*,*,#1153,.T.);
#1503=ORIENTED_EDGE('',*,*,#1154,.T.);
#1504=ORIENTED_EDGE('',*,*,#1155,.T.);
#1505=ORIENTED_EDGE('',*,*,#1156,.T.);
#1506=ORIENTED_EDGE('',*,*,#1152,.F.);
#1507=ORIENTED_EDGE('',*,*,#1157,.T.);
#1508=ORIENTED_EDGE('',*,*,#1158,.T.);
#1509=ORIENTED_EDGE('',*,*,#1159,.T.);
#1510=ORIENTED_EDGE('',*,*,#1155,.F.);
#1511=ORIENTED_EDGE('',*,*,#1160,.T.);
#1512=ORIENTED_EDGE('',*,*,#1160,.F.);
#1513=ORIENTED_EDGE('',*,*,#1161,.T.);
#1514=ORIENTED_EDGE('',*,*,#1162,.F.);
#1515=ORIENTED_EDGE('',*,*,#1163,.T.);
#1516=ORIENTED_EDGE('',*,*,#1157,.F.);
#1517=ORIENTED_EDGE('',*,*,#1164,.F.);
#1518=ORIENTED_EDGE('',*,*,#1165,.F.);
#1519=ORIENTED_EDGE('',*,*,#1161,.F.);
#1520=ORIENTED_EDGE('',*,*,#1154,.F.);
#1521=ORIENTED_EDGE('',*,*,#1166,.T.);
#1522=ORIENTED_EDGE('',*,*,#1167,.F.);
#1523=ORIENTED_EDGE('',*,*,#1164,.T.);
#1524=ORIENTED_EDGE('',*,*,#1168,.T.);
#1525=ORIENTED_EDGE('',*,*,#1169,.T.);
#1526=ORIENTED_EDGE('',*,*,#1170,.T.);
#1527=ORIENTED_EDGE('',*,*,#1162,.T.);
#1528=ORIENTED_EDGE('',*,*,#1171,.T.);
#1529=ORIENTED_EDGE('',*,*,#1172,.T.);
#1530=ORIENTED_EDGE('',*,*,#1168,.F.);
#1531=ORIENTED_EDGE('',*,*,#1165,.T.);
#1532=ORIENTED_EDGE('',*,*,#1171,.F.);
#1533=ORIENTED_EDGE('',*,*,#1167,.T.);
#1534=ORIENTED_EDGE('',*,*,#1173,.T.);
#1535=ORIENTED_EDGE('',*,*,#1173,.F.);
#1536=ORIENTED_EDGE('',*,*,#1174,.T.);
#1537=ORIENTED_EDGE('',*,*,#1175,.F.);
#1538=ORIENTED_EDGE('',*,*,#1176,.T.);
#1539=ORIENTED_EDGE('',*,*,#1177,.T.);
#1540=ORIENTED_EDGE('',*,*,#1175,.T.);
#1541=ORIENTED_EDGE('',*,*,#1178,.T.);
#1542=ORIENTED_EDGE('',*,*,#1179,.T.);
#1543=ORIENTED_EDGE('',*,*,#1180,.T.);
#1544=ORIENTED_EDGE('',*,*,#1177,.F.);
#1545=ORIENTED_EDGE('',*,*,#1181,.T.);
#1546=ORIENTED_EDGE('',*,*,#1182,.T.);
#1547=ORIENTED_EDGE('',*,*,#1183,.T.);
#1548=ORIENTED_EDGE('',*,*,#1179,.F.);
#1549=ORIENTED_EDGE('',*,*,#1184,.T.);
#1550=ORIENTED_EDGE('',*,*,#1184,.F.);
#1551=ORIENTED_EDGE('',*,*,#1185,.T.);
#1552=ORIENTED_EDGE('',*,*,#1186,.F.);
#1553=ORIENTED_EDGE('',*,*,#1187,.T.);
#1554=ORIENTED_EDGE('',*,*,#1181,.F.);
#1555=ORIENTED_EDGE('',*,*,#1188,.F.);
#1556=ORIENTED_EDGE('',*,*,#1189,.F.);
#1557=ORIENTED_EDGE('',*,*,#1185,.F.);
#1558=ORIENTED_EDGE('',*,*,#1178,.F.);
#1559=ORIENTED_EDGE('',*,*,#1190,.T.);
#1560=ORIENTED_EDGE('',*,*,#1191,.F.);
#1561=ORIENTED_EDGE('',*,*,#1188,.T.);
#1562=ORIENTED_EDGE('',*,*,#1192,.T.);
#1563=ORIENTED_EDGE('',*,*,#1193,.T.);
#1564=ORIENTED_EDGE('',*,*,#1194,.T.);
#1565=ORIENTED_EDGE('',*,*,#1186,.T.);
#1566=ORIENTED_EDGE('',*,*,#1195,.T.);
#1567=ORIENTED_EDGE('',*,*,#1196,.T.);
#1568=ORIENTED_EDGE('',*,*,#1192,.F.);
#1569=ORIENTED_EDGE('',*,*,#1189,.T.);
#1570=ORIENTED_EDGE('',*,*,#1195,.F.);
#1571=ORIENTED_EDGE('',*,*,#1191,.T.);
#1572=ORIENTED_EDGE('',*,*,#1197,.T.);
#1573=ORIENTED_EDGE('',*,*,#1153,.F.);
#1574=ORIENTED_EDGE('',*,*,#1198,.T.);
#1575=ORIENTED_EDGE('',*,*,#1197,.F.);
#1576=ORIENTED_EDGE('',*,*,#1199,.T.);
#1577=ORIENTED_EDGE('',*,*,#1200,.T.);
#1578=ORIENTED_EDGE('',*,*,#1201,.T.);
#1579=ORIENTED_EDGE('',*,*,#1202,.T.);
#1580=ORIENTED_EDGE('',*,*,#1203,.T.);
#1581=ORIENTED_EDGE('',*,*,#1204,.T.);
#1582=ORIENTED_EDGE('',*,*,#1200,.F.);
#1583=ORIENTED_EDGE('',*,*,#1205,.T.);
#1584=ORIENTED_EDGE('',*,*,#1206,.T.);
#1585=ORIENTED_EDGE('',*,*,#1207,.T.);
#1586=ORIENTED_EDGE('',*,*,#1203,.F.);
#1587=ORIENTED_EDGE('',*,*,#1208,.T.);
#1588=ORIENTED_EDGE('',*,*,#1208,.F.);
#1589=ORIENTED_EDGE('',*,*,#1209,.T.);
#1590=ORIENTED_EDGE('',*,*,#1210,.F.);
#1591=ORIENTED_EDGE('',*,*,#1211,.T.);
#1592=ORIENTED_EDGE('',*,*,#1205,.F.);
#1593=ORIENTED_EDGE('',*,*,#1212,.F.);
#1594=ORIENTED_EDGE('',*,*,#1213,.F.);
#1595=ORIENTED_EDGE('',*,*,#1209,.F.);
#1596=ORIENTED_EDGE('',*,*,#1202,.F.);
#1597=ORIENTED_EDGE('',*,*,#1214,.T.);
#1598=ORIENTED_EDGE('',*,*,#1215,.F.);
#1599=ORIENTED_EDGE('',*,*,#1212,.T.);
#1600=ORIENTED_EDGE('',*,*,#1216,.T.);
#1601=ORIENTED_EDGE('',*,*,#1217,.T.);
#1602=ORIENTED_EDGE('',*,*,#1218,.T.);
#1603=ORIENTED_EDGE('',*,*,#1210,.T.);
#1604=ORIENTED_EDGE('',*,*,#1219,.T.);
#1605=ORIENTED_EDGE('',*,*,#1220,.T.);
#1606=ORIENTED_EDGE('',*,*,#1216,.F.);
#1607=ORIENTED_EDGE('',*,*,#1213,.T.);
#1608=ORIENTED_EDGE('',*,*,#1219,.F.);
#1609=ORIENTED_EDGE('',*,*,#1215,.T.);
#1610=ORIENTED_EDGE('',*,*,#1221,.T.);
#1611=ORIENTED_EDGE('',*,*,#1221,.F.);
#1612=ORIENTED_EDGE('',*,*,#1222,.T.);
#1613=ORIENTED_EDGE('',*,*,#1223,.F.);
#1614=ORIENTED_EDGE('',*,*,#1224,.T.);
#1615=ORIENTED_EDGE('',*,*,#1225,.T.);
#1616=ORIENTED_EDGE('',*,*,#1223,.T.);
#1617=ORIENTED_EDGE('',*,*,#1226,.T.);
#1618=ORIENTED_EDGE('',*,*,#1227,.F.);
#1619=ORIENTED_EDGE('',*,*,#1228,.T.);
#1620=ORIENTED_EDGE('',*,*,#1225,.F.);
#1621=ORIENTED_EDGE('',*,*,#1229,.T.);
#1622=ORIENTED_EDGE('',*,*,#1227,.T.);
#1623=ORIENTED_EDGE('',*,*,#1230,.T.);
#1624=ORIENTED_EDGE('',*,*,#1231,.T.);
#1625=ORIENTED_EDGE('',*,*,#1232,.T.);
#1626=ORIENTED_EDGE('',*,*,#1229,.F.);
#1627=ORIENTED_EDGE('',*,*,#1233,.F.);
#1628=ORIENTED_EDGE('',*,*,#1234,.F.);
#1629=ORIENTED_EDGE('',*,*,#1230,.F.);
#1630=ORIENTED_EDGE('',*,*,#1226,.F.);
#1631=ORIENTED_EDGE('',*,*,#1235,.T.);
#1632=ORIENTED_EDGE('',*,*,#1236,.F.);
#1633=ORIENTED_EDGE('',*,*,#1233,.T.);
#1634=ORIENTED_EDGE('',*,*,#1231,.F.);
#1635=ORIENTED_EDGE('',*,*,#1234,.T.);
#1636=ORIENTED_EDGE('',*,*,#1237,.T.);
#1637=ORIENTED_EDGE('',*,*,#1238,.T.);
#1638=ORIENTED_EDGE('',*,*,#1237,.F.);
#1639=ORIENTED_EDGE('',*,*,#1236,.T.);
#1640=ORIENTED_EDGE('',*,*,#1239,.T.);
#1641=ORIENTED_EDGE('',*,*,#1124,.F.);
#1642=ORIENTED_EDGE('',*,*,#1128,.F.);
#1643=ORIENTED_EDGE('',*,*,#1132,.F.);
#1644=ORIENTED_EDGE('',*,*,#1135,.F.);
#1645=ORIENTED_EDGE('',*,*,#1240,.F.);
#1646=ORIENTED_EDGE('',*,*,#1121,.F.);
#1647=ORIENTED_EDGE('',*,*,#1111,.F.);
#1648=ORIENTED_EDGE('',*,*,#1241,.F.);
#1649=ORIENTED_EDGE('',*,*,#1145,.F.);
#1650=ORIENTED_EDGE('',*,*,#1148,.F.);
#1651=ORIENTED_EDGE('',*,*,#1150,.F.);
#1652=ORIENTED_EDGE('',*,*,#1108,.F.);
#1653=ORIENTED_EDGE('',*,*,#1172,.F.);
#1654=ORIENTED_EDGE('',*,*,#1176,.F.);
#1655=ORIENTED_EDGE('',*,*,#1180,.F.);
#1656=ORIENTED_EDGE('',*,*,#1183,.F.);
#1657=ORIENTED_EDGE('',*,*,#1242,.F.);
#1658=ORIENTED_EDGE('',*,*,#1169,.F.);
#1659=ORIENTED_EDGE('',*,*,#1159,.F.);
#1660=ORIENTED_EDGE('',*,*,#1243,.F.);
#1661=ORIENTED_EDGE('',*,*,#1193,.F.);
#1662=ORIENTED_EDGE('',*,*,#1196,.F.);
#1663=ORIENTED_EDGE('',*,*,#1198,.F.);
#1664=ORIENTED_EDGE('',*,*,#1156,.F.);
#1665=ORIENTED_EDGE('',*,*,#1220,.F.);
#1666=ORIENTED_EDGE('',*,*,#1224,.F.);
#1667=ORIENTED_EDGE('',*,*,#1228,.F.);
#1668=ORIENTED_EDGE('',*,*,#1244,.T.);
#1669=ORIENTED_EDGE('',*,*,#1245,.F.);
#1670=ORIENTED_EDGE('',*,*,#1217,.F.);
#1671=ORIENTED_EDGE('',*,*,#1232,.F.);
#1672=ORIENTED_EDGE('',*,*,#1246,.F.);
#1673=ORIENTED_EDGE('',*,*,#1247,.T.);
#1674=ORIENTED_EDGE('',*,*,#1244,.F.);
#1675=ORIENTED_EDGE('',*,*,#1201,.F.);
#1676=ORIENTED_EDGE('',*,*,#1248,.T.);
#1677=ORIENTED_EDGE('',*,*,#1239,.F.);
#1678=ORIENTED_EDGE('',*,*,#1249,.T.);
#1679=ORIENTED_EDGE('',*,*,#1207,.F.);
#1680=ORIENTED_EDGE('',*,*,#1250,.F.);
#1681=ORIENTED_EDGE('',*,*,#1246,.T.);
#1682=ORIENTED_EDGE('',*,*,#1238,.F.);
#1683=ORIENTED_EDGE('',*,*,#1248,.F.);
#1684=ORIENTED_EDGE('',*,*,#1204,.F.);
#1685=ORIENTED_EDGE('',*,*,#1251,.T.);
#1686=ORIENTED_EDGE('',*,*,#1252,.T.);
#1687=ORIENTED_EDGE('',*,*,#1253,.T.);
#1688=ORIENTED_EDGE('',*,*,#1254,.T.);
#1689=ORIENTED_EDGE('',*,*,#1252,.F.);
#1690=ORIENTED_EDGE('',*,*,#1255,.T.);
#1691=ORIENTED_EDGE('',*,*,#1256,.T.);
#1692=ORIENTED_EDGE('',*,*,#1257,.T.);
#1693=ORIENTED_EDGE('',*,*,#1258,.T.);
#1694=ORIENTED_EDGE('',*,*,#1259,.T.);
#1695=ORIENTED_EDGE('',*,*,#1251,.F.);
#1696=ORIENTED_EDGE('',*,*,#1260,.T.);
#1697=ORIENTED_EDGE('',*,*,#1261,.T.);
#1698=ORIENTED_EDGE('',*,*,#1262,.T.);
#1699=ORIENTED_EDGE('',*,*,#1253,.F.);
#1700=ORIENTED_EDGE('',*,*,#1263,.T.);
#1701=ORIENTED_EDGE('',*,*,#1264,.T.);
#1702=ORIENTED_EDGE('',*,*,#1265,.T.);
#1703=ORIENTED_EDGE('',*,*,#1264,.F.);
#1704=ORIENTED_EDGE('',*,*,#1266,.T.);
#1705=ORIENTED_EDGE('',*,*,#1261,.F.);
#1706=ORIENTED_EDGE('',*,*,#1259,.F.);
#1707=ORIENTED_EDGE('',*,*,#1267,.T.);
#1708=ORIENTED_EDGE('',*,*,#1268,.T.);
#1709=ORIENTED_EDGE('',*,*,#1255,.F.);
#1710=ORIENTED_EDGE('',*,*,#1266,.F.);
#1711=ORIENTED_EDGE('',*,*,#1269,.T.);
#1712=ORIENTED_EDGE('',*,*,#1270,.T.);
#1713=ORIENTED_EDGE('',*,*,#1267,.F.);
#1714=ORIENTED_EDGE('',*,*,#1271,.T.);
#1715=ORIENTED_EDGE('',*,*,#1272,.T.);
#1716=ORIENTED_EDGE('',*,*,#1273,.T.);
#1717=ORIENTED_EDGE('',*,*,#1274,.T.);
#1718=ORIENTED_EDGE('',*,*,#1275,.T.);
#1719=ORIENTED_EDGE('',*,*,#1276,.T.);
#1720=ORIENTED_EDGE('',*,*,#1277,.T.);
#1721=ORIENTED_EDGE('',*,*,#1278,.T.);
#1722=ORIENTED_EDGE('',*,*,#1277,.F.);
#1723=ORIENTED_EDGE('',*,*,#1279,.T.);
#1724=ORIENTED_EDGE('',*,*,#1271,.F.);
#1725=ORIENTED_EDGE('',*,*,#1280,.T.);
#1726=ORIENTED_EDGE('',*,*,#1084,.T.);
#1727=ORIENTED_EDGE('',*,*,#1281,.T.);
#1728=ORIENTED_EDGE('',*,*,#1282,.T.);
#1729=ORIENTED_EDGE('',*,*,#1281,.F.);
#1730=ORIENTED_EDGE('',*,*,#1283,.T.);
#1731=ORIENTED_EDGE('',*,*,#1275,.F.);
#1732=ORIENTED_EDGE('',*,*,#1284,.T.);
#1733=ORIENTED_EDGE('',*,*,#1285,.T.);
#1734=ORIENTED_EDGE('',*,*,#1286,.T.);
#1735=ORIENTED_EDGE('',*,*,#1287,.T.);
#1736=ORIENTED_EDGE('',*,*,#1286,.F.);
#1737=ORIENTED_EDGE('',*,*,#1288,.T.);
#1738=ORIENTED_EDGE('',*,*,#1280,.F.);
#1739=ORIENTED_EDGE('',*,*,#1273,.F.);
#1740=ORIENTED_EDGE('',*,*,#1289,.T.);
#1741=ORIENTED_EDGE('',*,*,#1284,.F.);
#1742=ORIENTED_EDGE('',*,*,#1283,.F.);
#1743=ORIENTED_EDGE('',*,*,#1087,.T.);
#1744=ORIENTED_EDGE('',*,*,#1290,.F.);
#1745=ORIENTED_EDGE('',*,*,#1291,.T.);
#1746=ORIENTED_EDGE('',*,*,#1288,.F.);
#1747=ORIENTED_EDGE('',*,*,#1292,.T.);
#1748=ORIENTED_EDGE('',*,*,#1293,.T.);
#1749=ORIENTED_EDGE('',*,*,#1085,.T.);
#1750=ORIENTED_EDGE('',*,*,#1285,.F.);
#1751=ORIENTED_EDGE('',*,*,#1294,.F.);
#1752=ORIENTED_EDGE('',*,*,#1295,.F.);
#1753=ORIENTED_EDGE('',*,*,#1292,.F.);
#1754=ORIENTED_EDGE('',*,*,#1274,.F.);
#1755=ORIENTED_EDGE('',*,*,#1287,.F.);
#1756=ORIENTED_EDGE('',*,*,#1282,.F.);
#1757=ORIENTED_EDGE('',*,*,#1278,.F.);
#1758=ORIENTED_EDGE('',*,*,#1296,.T.);
#1759=ORIENTED_EDGE('',*,*,#1096,.T.);
#1760=ORIENTED_EDGE('',*,*,#1297,.T.);
#1761=ORIENTED_EDGE('',*,*,#1298,.T.);
#1762=ORIENTED_EDGE('',*,*,#1299,.T.);
#1763=ORIENTED_EDGE('',*,*,#1295,.T.);
#1764=ORIENTED_EDGE('',*,*,#1300,.T.);
#1765=ORIENTED_EDGE('',*,*,#1301,.T.);
#1766=ORIENTED_EDGE('',*,*,#1289,.F.);
#1767=ORIENTED_EDGE('',*,*,#1302,.T.);
#1768=ORIENTED_EDGE('',*,*,#1303,.T.);
#1769=ORIENTED_EDGE('',*,*,#1294,.T.);
#1770=ORIENTED_EDGE('',*,*,#1303,.F.);
#1771=ORIENTED_EDGE('',*,*,#1304,.T.);
#1772=ORIENTED_EDGE('',*,*,#1300,.F.);
#1773=ORIENTED_EDGE('',*,*,#1299,.F.);
#1774=ORIENTED_EDGE('',*,*,#1305,.T.);
#1775=ORIENTED_EDGE('',*,*,#1293,.F.);
#1776=ORIENTED_EDGE('',*,*,#1305,.F.);
#1777=ORIENTED_EDGE('',*,*,#1306,.T.);
#1778=ORIENTED_EDGE('',*,*,#1307,.T.);
#1779=ORIENTED_EDGE('',*,*,#1086,.T.);
#1780=ORIENTED_EDGE('',*,*,#1301,.F.);
#1781=ORIENTED_EDGE('',*,*,#1308,.F.);
#1782=ORIENTED_EDGE('',*,*,#1309,.F.);
#1783=ORIENTED_EDGE('',*,*,#1306,.F.);
#1784=ORIENTED_EDGE('',*,*,#1304,.F.);
#1785=ORIENTED_EDGE('',*,*,#1310,.T.);
#1786=ORIENTED_EDGE('',*,*,#1311,.T.);
#1787=ORIENTED_EDGE('',*,*,#1308,.T.);
#1788=ORIENTED_EDGE('',*,*,#1272,.F.);
#1789=ORIENTED_EDGE('',*,*,#1312,.F.);
#1790=ORIENTED_EDGE('',*,*,#1310,.F.);
#1791=ORIENTED_EDGE('',*,*,#1302,.F.);
#1792=ORIENTED_EDGE('',*,*,#1262,.F.);
#1793=ORIENTED_EDGE('',*,*,#1265,.F.);
#1794=ORIENTED_EDGE('',*,*,#1260,.F.);
#1795=ORIENTED_EDGE('',*,*,#1254,.F.);
#1796=ORIENTED_EDGE('',*,*,#1313,.T.);
#1797=ORIENTED_EDGE('',*,*,#1314,.T.);
#1798=ORIENTED_EDGE('',*,*,#1315,.T.);
#1799=ORIENTED_EDGE('',*,*,#1309,.T.);
#1800=ORIENTED_EDGE('',*,*,#1311,.F.);
#1801=ORIENTED_EDGE('',*,*,#1316,.T.);
#1802=ORIENTED_EDGE('',*,*,#1313,.F.);
#1803=ORIENTED_EDGE('',*,*,#1315,.F.);
#1804=ORIENTED_EDGE('',*,*,#1290,.T.);
#1805=ORIENTED_EDGE('',*,*,#1307,.F.);
#1806=ORIENTED_EDGE('',*,*,#1276,.F.);
#1807=ORIENTED_EDGE('',*,*,#1291,.F.);
#1808=ORIENTED_EDGE('',*,*,#1314,.F.);
#1809=ORIENTED_EDGE('',*,*,#1317,.F.);
#1810=ORIENTED_EDGE('',*,*,#1118,.F.);
#1811=ORIENTED_EDGE('',*,*,#1151,.F.);
#1812=ORIENTED_EDGE('',*,*,#1142,.F.);
#1813=ORIENTED_EDGE('',*,*,#1126,.F.);
#1814=ORIENTED_EDGE('',*,*,#1166,.F.);
#1815=ORIENTED_EDGE('',*,*,#1199,.F.);
#1816=ORIENTED_EDGE('',*,*,#1190,.F.);
#1817=ORIENTED_EDGE('',*,*,#1174,.F.);
#1818=ORIENTED_EDGE('',*,*,#1214,.F.);
#1819=ORIENTED_EDGE('',*,*,#1249,.F.);
#1820=ORIENTED_EDGE('',*,*,#1235,.F.);
#1821=ORIENTED_EDGE('',*,*,#1222,.F.);
#1822=ORIENTED_EDGE('',*,*,#1279,.F.);
#1823=ORIENTED_EDGE('',*,*,#1317,.T.);
#1824=ORIENTED_EDGE('',*,*,#1316,.F.);
#1825=ORIENTED_EDGE('',*,*,#1312,.T.);
#1826=ORIENTED_EDGE('',*,*,#1256,.F.);
#1827=ORIENTED_EDGE('',*,*,#1268,.F.);
#1828=ORIENTED_EDGE('',*,*,#1270,.F.);
#1829=ORIENTED_EDGE('',*,*,#1318,.F.);
#1830=ORIENTED_EDGE('',*,*,#1319,.F.);
#1831=ORIENTED_EDGE('',*,*,#1320,.F.);
#1832=ORIENTED_EDGE('',*,*,#1321,.F.);
#1833=ORIENTED_EDGE('',*,*,#1322,.F.);
#1834=ORIENTED_EDGE('',*,*,#1323,.F.);
#1835=ORIENTED_EDGE('',*,*,#1318,.T.);
#1836=ORIENTED_EDGE('',*,*,#1269,.F.);
#1837=ORIENTED_EDGE('',*,*,#1324,.T.);
#1838=ORIENTED_EDGE('',*,*,#1325,.F.);
#1839=ORIENTED_EDGE('',*,*,#1326,.F.);
#1840=ORIENTED_EDGE('',*,*,#1327,.T.);
#1841=ORIENTED_EDGE('',*,*,#1321,.T.);
#1842=ORIENTED_EDGE('',*,*,#1328,.F.);
#1843=ORIENTED_EDGE('',*,*,#1329,.T.);
#1844=ORIENTED_EDGE('',*,*,#1330,.T.);
#1845=ORIENTED_EDGE('',*,*,#1331,.T.);
#1846=ORIENTED_EDGE('',*,*,#1332,.T.);
#1847=ORIENTED_EDGE('',*,*,#1333,.T.);
#1848=ORIENTED_EDGE('',*,*,#1334,.T.);
#1849=ORIENTED_EDGE('',*,*,#1298,.F.);
#1850=ORIENTED_EDGE('',*,*,#1335,.F.);
#1851=ORIENTED_EDGE('',*,*,#1336,.T.);
#1852=ORIENTED_EDGE('',*,*,#1326,.T.);
#1853=ORIENTED_EDGE('',*,*,#1337,.T.);
#1854=ORIENTED_EDGE('',*,*,#1338,.T.);
#1855=ORIENTED_EDGE('',*,*,#1337,.F.);
#1856=ORIENTED_EDGE('',*,*,#1328,.T.);
#1857=ORIENTED_EDGE('',*,*,#1320,.T.);
#1858=ORIENTED_EDGE('',*,*,#1339,.F.);
#1859=ORIENTED_EDGE('',*,*,#1336,.F.);
#1860=ORIENTED_EDGE('',*,*,#1340,.T.);
#1861=ORIENTED_EDGE('',*,*,#1322,.T.);
#1862=ORIENTED_EDGE('',*,*,#1327,.F.);
#1863=ORIENTED_EDGE('',*,*,#1338,.F.);
#1864=ORIENTED_EDGE('',*,*,#1339,.T.);
#1865=ORIENTED_EDGE('',*,*,#1319,.T.);
#1866=ORIENTED_EDGE('',*,*,#1325,.T.);
#1867=ORIENTED_EDGE('',*,*,#1341,.T.);
#1868=ORIENTED_EDGE('',*,*,#1257,.F.);
#1869=ORIENTED_EDGE('',*,*,#1323,.T.);
#1870=ORIENTED_EDGE('',*,*,#1340,.F.);
#1871=ORIENTED_EDGE('',*,*,#1341,.F.);
#1872=ORIENTED_EDGE('',*,*,#1324,.F.);
#1873=ORIENTED_EDGE('',*,*,#1263,.F.);
#1874=ORIENTED_EDGE('',*,*,#1258,.F.);
#1875=ORIENTED_EDGE('',*,*,#1342,.F.);
#1876=ORIENTED_EDGE('',*,*,#1343,.T.);
#1877=ORIENTED_EDGE('',*,*,#1343,.F.);
#1878=ORIENTED_EDGE('',*,*,#1344,.F.);
#1879=ORIENTED_EDGE('',*,*,#1345,.T.);
#1880=ORIENTED_EDGE('',*,*,#1342,.T.);
#1881=ORIENTED_EDGE('',*,*,#1345,.F.);
#1882=ORIENTED_EDGE('',*,*,#1346,.F.);
#1883=ORIENTED_EDGE('',*,*,#1347,.T.);
#1884=ORIENTED_EDGE('',*,*,#1347,.F.);
#1885=ORIENTED_EDGE('',*,*,#1348,.F.);
#1886=ORIENTED_EDGE('',*,*,#1349,.T.);
#1887=ORIENTED_EDGE('',*,*,#1346,.T.);
#1888=ORIENTED_EDGE('',*,*,#1349,.F.);
#1889=ORIENTED_EDGE('',*,*,#1350,.F.);
#1890=ORIENTED_EDGE('',*,*,#1351,.T.);
#1891=ORIENTED_EDGE('',*,*,#1351,.F.);
#1892=ORIENTED_EDGE('',*,*,#1352,.F.);
#1893=ORIENTED_EDGE('',*,*,#1353,.T.);
#1894=ORIENTED_EDGE('',*,*,#1350,.T.);
#1895=ORIENTED_EDGE('',*,*,#1353,.F.);
#1896=ORIENTED_EDGE('',*,*,#1354,.F.);
#1897=ORIENTED_EDGE('',*,*,#1355,.T.);
#1898=ORIENTED_EDGE('',*,*,#1355,.F.);
#1899=ORIENTED_EDGE('',*,*,#1356,.F.);
#1900=ORIENTED_EDGE('',*,*,#1357,.T.);
#1901=ORIENTED_EDGE('',*,*,#1354,.T.);
#1902=ORIENTED_EDGE('',*,*,#1357,.F.);
#1903=ORIENTED_EDGE('',*,*,#1358,.F.);
#1904=ORIENTED_EDGE('',*,*,#1330,.F.);
#1905=ORIENTED_EDGE('',*,*,#1359,.F.);
#1906=ORIENTED_EDGE('',*,*,#1360,.F.);
#1907=ORIENTED_EDGE('',*,*,#1361,.F.);
#1908=ORIENTED_EDGE('',*,*,#1360,.T.);
#1909=ORIENTED_EDGE('',*,*,#1362,.F.);
#1910=ORIENTED_EDGE('',*,*,#1363,.F.);
#1911=ORIENTED_EDGE('',*,*,#1362,.T.);
#1912=ORIENTED_EDGE('',*,*,#1359,.T.);
#1913=ORIENTED_EDGE('',*,*,#1329,.F.);
#1914=ORIENTED_EDGE('',*,*,#1364,.F.);
#1915=ORIENTED_EDGE('',*,*,#1344,.T.);
#1916=ORIENTED_EDGE('',*,*,#1358,.T.);
#1917=ORIENTED_EDGE('',*,*,#1361,.T.);
#1918=ORIENTED_EDGE('',*,*,#1365,.F.);
#1919=ORIENTED_EDGE('',*,*,#1366,.T.);
#1920=ORIENTED_EDGE('',*,*,#1367,.T.);
#1921=ORIENTED_EDGE('',*,*,#1100,.F.);
#1922=ORIENTED_EDGE('',*,*,#1368,.T.);
#1923=ORIENTED_EDGE('',*,*,#1369,.T.);
#1924=ORIENTED_EDGE('',*,*,#1370,.F.);
#1925=ORIENTED_EDGE('',*,*,#1371,.T.);
#1926=ORIENTED_EDGE('',*,*,#1372,.T.);
#1927=ORIENTED_EDGE('',*,*,#1331,.F.);
#1928=ORIENTED_EDGE('',*,*,#1366,.F.);
#1929=ORIENTED_EDGE('',*,*,#1373,.F.);
#1930=ORIENTED_EDGE('',*,*,#1374,.F.);
#1931=ORIENTED_EDGE('',*,*,#1375,.F.);
#1932=ORIENTED_EDGE('',*,*,#1367,.F.);
#1933=ORIENTED_EDGE('',*,*,#1375,.T.);
#1934=ORIENTED_EDGE('',*,*,#1376,.F.);
#1935=ORIENTED_EDGE('',*,*,#1101,.F.);
#1936=ORIENTED_EDGE('',*,*,#1377,.F.);
#1937=ORIENTED_EDGE('',*,*,#1094,.F.);
#1938=ORIENTED_EDGE('',*,*,#1376,.T.);
#1939=ORIENTED_EDGE('',*,*,#1374,.T.);
#1940=ORIENTED_EDGE('',*,*,#1348,.T.);
#1941=ORIENTED_EDGE('',*,*,#1371,.F.);
#1942=ORIENTED_EDGE('',*,*,#1378,.F.);
#1943=ORIENTED_EDGE('',*,*,#1379,.F.);
#1944=ORIENTED_EDGE('',*,*,#1380,.F.);
#1945=ORIENTED_EDGE('',*,*,#1372,.F.);
#1946=ORIENTED_EDGE('',*,*,#1380,.T.);
#1947=ORIENTED_EDGE('',*,*,#1381,.F.);
#1948=ORIENTED_EDGE('',*,*,#1332,.F.);
#1949=ORIENTED_EDGE('',*,*,#1382,.F.);
#1950=ORIENTED_EDGE('',*,*,#1333,.F.);
#1951=ORIENTED_EDGE('',*,*,#1381,.T.);
#1952=ORIENTED_EDGE('',*,*,#1379,.T.);
#1953=ORIENTED_EDGE('',*,*,#1352,.T.);
#1954=ORIENTED_EDGE('',*,*,#1245,.T.);
#1955=ORIENTED_EDGE('',*,*,#1383,.T.);
#1956=ORIENTED_EDGE('',*,*,#1384,.T.);
#1957=ORIENTED_EDGE('',*,*,#1097,.T.);
#1958=ORIENTED_EDGE('',*,*,#1296,.F.);
#1959=ORIENTED_EDGE('',*,*,#1334,.F.);
#1960=ORIENTED_EDGE('',*,*,#1382,.T.);
#1961=ORIENTED_EDGE('',*,*,#1378,.T.);
#1962=ORIENTED_EDGE('',*,*,#1370,.T.);
#1963=ORIENTED_EDGE('',*,*,#1385,.T.);
#1964=ORIENTED_EDGE('',*,*,#1250,.T.);
#1965=ORIENTED_EDGE('',*,*,#1206,.F.);
#1966=ORIENTED_EDGE('',*,*,#1211,.F.);
#1967=ORIENTED_EDGE('',*,*,#1218,.F.);
#1968=ORIENTED_EDGE('',*,*,#1240,.T.);
#1969=ORIENTED_EDGE('',*,*,#1134,.F.);
#1970=ORIENTED_EDGE('',*,*,#1139,.F.);
#1971=ORIENTED_EDGE('',*,*,#1146,.F.);
#1972=ORIENTED_EDGE('',*,*,#1241,.T.);
#1973=ORIENTED_EDGE('',*,*,#1110,.F.);
#1974=ORIENTED_EDGE('',*,*,#1115,.F.);
#1975=ORIENTED_EDGE('',*,*,#1122,.F.);
#1976=ORIENTED_EDGE('',*,*,#1242,.T.);
#1977=ORIENTED_EDGE('',*,*,#1182,.F.);
#1978=ORIENTED_EDGE('',*,*,#1187,.F.);
#1979=ORIENTED_EDGE('',*,*,#1194,.F.);
#1980=ORIENTED_EDGE('',*,*,#1243,.T.);
#1981=ORIENTED_EDGE('',*,*,#1158,.F.);
#1982=ORIENTED_EDGE('',*,*,#1163,.F.);
#1983=ORIENTED_EDGE('',*,*,#1170,.F.);
#1984=ORIENTED_EDGE('',*,*,#1368,.F.);
#1985=ORIENTED_EDGE('',*,*,#1099,.F.);
#1986=ORIENTED_EDGE('',*,*,#1386,.F.);
#1987=ORIENTED_EDGE('',*,*,#1387,.F.);
#1988=ORIENTED_EDGE('',*,*,#1369,.F.);
#1989=ORIENTED_EDGE('',*,*,#1387,.T.);
#1990=ORIENTED_EDGE('',*,*,#1388,.F.);
#1991=ORIENTED_EDGE('',*,*,#1383,.F.);
#1992=ORIENTED_EDGE('',*,*,#1247,.F.);
#1993=ORIENTED_EDGE('',*,*,#1385,.F.);
#1994=ORIENTED_EDGE('',*,*,#1388,.T.);
#1995=ORIENTED_EDGE('',*,*,#1386,.T.);
#1996=ORIENTED_EDGE('',*,*,#1098,.F.);
#1997=ORIENTED_EDGE('',*,*,#1384,.F.);
#1998=ORIENTED_EDGE('',*,*,#1356,.T.);
#1999=ORIENTED_EDGE('',*,*,#1364,.T.);
#2000=ORIENTED_EDGE('',*,*,#1335,.T.);
#2001=ORIENTED_EDGE('',*,*,#1297,.F.);
#2002=ORIENTED_EDGE('',*,*,#1095,.F.);
#2003=ORIENTED_EDGE('',*,*,#1377,.T.);
#2004=ORIENTED_EDGE('',*,*,#1373,.T.);
#2005=ORIENTED_EDGE('',*,*,#1365,.T.);
#2006=ORIENTED_EDGE('',*,*,#1363,.T.);
#2007=PLANE('',#2205);
#2008=PLANE('',#2206);
#2009=PLANE('',#2207);
#2010=PLANE('',#2208);
#2011=PLANE('',#2209);
#2012=PLANE('',#2210);
#2013=PLANE('',#2221);
#2014=PLANE('',#2241);
#2015=PLANE('',#2261);
#2016=PLANE('',#2281);
#2017=PLANE('',#2301);
#2018=PLANE('',#2318);
#2019=PLANE('',#2324);
#2020=PLANE('',#2325);
#2021=PLANE('',#2326);
#2022=PLANE('',#2327);
#2023=PLANE('',#2328);
#2024=PLANE('',#2329);
#2025=PLANE('',#2331);
#2026=PLANE('',#2335);
#2027=PLANE('',#2341);
#2028=PLANE('',#2342);
#2029=PLANE('',#2367);
#2030=PLANE('',#2368);
#2031=PLANE('',#2380);
#2032=PLANE('',#2383);
#2033=PLANE('',#2390);
#2034=PLANE('',#2392);
#2035=PLANE('',#2393);
#2036=PLANE('',#2394);
#2037=PLANE('',#2395);
#2038=PLANE('',#2396);
#2039=PLANE('',#2397);
#2040=PLANE('',#2398);
#2041=PLANE('',#2399);
#2042=PLANE('',#2416);
#2043=PLANE('',#2417);
#2044=PLANE('',#2418);
#2045=PLANE('',#2419);
#2046=PLANE('',#2420);
#2047=PLANE('',#2421);
#2048=PLANE('',#2422);
#2049=PLANE('',#2423);
#2050=PLANE('',#2424);
#2051=PLANE('',#2425);
#2052=PLANE('',#2426);
#2053=PLANE('',#2427);
#2054=PLANE('',#2428);
#2055=PLANE('',#2429);
#2056=PLANE('',#2430);
#2057=ADVANCED_FACE('',(#227),#2007,.F.);
#2058=ADVANCED_FACE('',(#228,#213),#2008,.T.);
#2059=ADVANCED_FACE('',(#229),#2009,.F.);
#2060=ADVANCED_FACE('',(#230,#214),#2010,.T.);
#2061=ADVANCED_FACE('',(#231),#2011,.F.);
#2062=ADVANCED_FACE('',(#232),#2012,.F.);
#2063=ADVANCED_FACE('',(#233),#201,.T.);
#2064=ADVANCED_FACE('',(#234),#47,.F.);
#2065=ADVANCED_FACE('',(#235),#37,.F.);
#2066=ADVANCED_FACE('',(#236),#48,.T.);
#2067=ADVANCED_FACE('',(#237),#2013,.F.);
#2068=ADVANCED_FACE('',(#238),#49,.T.);
#2069=ADVANCED_FACE('',(#239),#38,.F.);
#2070=ADVANCED_FACE('',(#240),#50,.F.);
#2071=ADVANCED_FACE('',(#241),#202,.T.);
#2072=ADVANCED_FACE('',(#242),#51,.T.);
#2073=ADVANCED_FACE('',(#243),#203,.T.);
#2074=ADVANCED_FACE('',(#244),#52,.F.);
#2075=ADVANCED_FACE('',(#245),#39,.F.);
#2076=ADVANCED_FACE('',(#246),#53,.T.);
#2077=ADVANCED_FACE('',(#247),#2014,.F.);
#2078=ADVANCED_FACE('',(#248),#54,.T.);
#2079=ADVANCED_FACE('',(#249),#40,.F.);
#2080=ADVANCED_FACE('',(#250),#55,.F.);
#2081=ADVANCED_FACE('',(#251),#204,.T.);
#2082=ADVANCED_FACE('',(#252),#56,.T.);
#2083=ADVANCED_FACE('',(#253),#205,.T.);
#2084=ADVANCED_FACE('',(#254),#57,.F.);
#2085=ADVANCED_FACE('',(#255),#41,.F.);
#2086=ADVANCED_FACE('',(#256),#58,.T.);
#2087=ADVANCED_FACE('',(#257),#2015,.F.);
#2088=ADVANCED_FACE('',(#258),#59,.T.);
#2089=ADVANCED_FACE('',(#259),#42,.F.);
#2090=ADVANCED_FACE('',(#260),#60,.F.);
#2091=ADVANCED_FACE('',(#261),#206,.T.);
#2092=ADVANCED_FACE('',(#262),#61,.T.);
#2093=ADVANCED_FACE('',(#263),#207,.T.);
#2094=ADVANCED_FACE('',(#264),#62,.F.);
#2095=ADVANCED_FACE('',(#265),#43,.F.);
#2096=ADVANCED_FACE('',(#266),#63,.T.);
#2097=ADVANCED_FACE('',(#267),#2016,.F.);
#2098=ADVANCED_FACE('',(#268),#64,.T.);
#2099=ADVANCED_FACE('',(#269),#44,.F.);
#2100=ADVANCED_FACE('',(#270),#65,.F.);
#2101=ADVANCED_FACE('',(#271),#208,.T.);
#2102=ADVANCED_FACE('',(#272),#66,.T.);
#2103=ADVANCED_FACE('',(#273),#209,.T.);
#2104=ADVANCED_FACE('',(#274),#67,.F.);
#2105=ADVANCED_FACE('',(#275),#45,.F.);
#2106=ADVANCED_FACE('',(#276),#68,.T.);
#2107=ADVANCED_FACE('',(#277),#2017,.F.);
#2108=ADVANCED_FACE('',(#278),#69,.T.);
#2109=ADVANCED_FACE('',(#279),#46,.F.);
#2110=ADVANCED_FACE('',(#280),#70,.F.);
#2111=ADVANCED_FACE('',(#281),#210,.T.);
#2112=ADVANCED_FACE('',(#282),#71,.T.);
#2113=ADVANCED_FACE('',(#283),#211,.T.);
#2114=ADVANCED_FACE('',(#284),#72,.F.);
#2115=ADVANCED_FACE('',(#285),#73,.F.);
#2116=ADVANCED_FACE('',(#286),#2018,.F.);
#2117=ADVANCED_FACE('',(#287),#74,.T.);
#2118=ADVANCED_FACE('',(#288),#75,.F.);
#2119=ADVANCED_FACE('',(#289),#212,.T.);
#2120=ADVANCED_FACE('',(#290),#2019,.F.);
#2121=ADVANCED_FACE('',(#291),#2020,.F.);
#2122=ADVANCED_FACE('',(#292),#2021,.F.);
#2123=ADVANCED_FACE('',(#293),#2022,.F.);
#2124=ADVANCED_FACE('',(#294),#2023,.F.);
#2125=ADVANCED_FACE('',(#295),#2024,.F.);
#2126=ADVANCED_FACE('',(#296),#76,.T.);
#2127=ADVANCED_FACE('',(#297),#2025,.F.);
#2128=ADVANCED_FACE('',(#298),#77,.T.);
#2129=ADVANCED_FACE('',(#299),#2026,.F.);
#2130=ADVANCED_FACE('',(#300),#78,.T.);
#2131=ADVANCED_FACE('',(#301),#79,.T.);
#2132=ADVANCED_FACE('',(#302),#80,.T.);
#2133=ADVANCED_FACE('',(#303),#2027,.F.);
#2134=ADVANCED_FACE('',(#304),#2028,.F.);
#2135=ADVANCED_FACE('',(#305),#81,.T.);
#2136=ADVANCED_FACE('',(#306),#82,.T.);
#2137=ADVANCED_FACE('',(#307),#19,.T.);
#2138=ADVANCED_FACE('',(#308),#83,.T.);
#2139=ADVANCED_FACE('',(#309),#20,.T.);
#2140=ADVANCED_FACE('',(#310),#84,.T.);
#2141=ADVANCED_FACE('',(#311),#21,.T.);
#2142=ADVANCED_FACE('',(#312),#22,.T.);
#2143=ADVANCED_FACE('',(#313),#85,.T.);
#2144=ADVANCED_FACE('',(#314),#86,.T.);
#2145=ADVANCED_FACE('',(#315),#2029,.T.);
#2146=ADVANCED_FACE('',(#316,#215),#2030,.T.);
#2147=ADVANCED_FACE('',(#317),#87,.T.);
#2148=ADVANCED_FACE('',(#318),#88,.T.);
#2149=ADVANCED_FACE('',(#319),#23,.T.);
#2150=ADVANCED_FACE('',(#320),#24,.T.);
#2151=ADVANCED_FACE('',(#321),#89,.T.);
#2152=ADVANCED_FACE('',(#322),#2031,.F.);
#2153=ADVANCED_FACE('',(#323),#90,.T.);
#2154=ADVANCED_FACE('',(#324,#216),#2032,.T.);
#2155=ADVANCED_FACE('',(#325),#91,.T.);
#2156=ADVANCED_FACE('',(#326),#25,.T.);
#2157=ADVANCED_FACE('',(#327),#26,.T.);
#2158=ADVANCED_FACE('',(#328,#217,#218,#219),#2033,.T.);
#2159=ADVANCED_FACE('',(#329),#92,.T.);
#2160=ADVANCED_FACE('',(#330),#2034,.F.);
#2161=ADVANCED_FACE('',(#331),#2035,.F.);
#2162=ADVANCED_FACE('',(#332),#2036,.F.);
#2163=ADVANCED_FACE('',(#333,#220),#2037,.T.);
#2164=ADVANCED_FACE('',(#334),#2038,.F.);
#2165=ADVANCED_FACE('',(#335),#2039,.F.);
#2166=ADVANCED_FACE('',(#336),#2040,.F.);
#2167=ADVANCED_FACE('',(#337),#2041,.F.);
#2168=ADVANCED_FACE('',(#338),#15,.F.);
#2169=ADVANCED_FACE('',(#339),#93,.F.);
#2170=ADVANCED_FACE('',(#340),#16,.F.);
#2171=ADVANCED_FACE('',(#341),#94,.F.);
#2172=ADVANCED_FACE('',(#342),#17,.F.);
#2173=ADVANCED_FACE('',(#343),#95,.F.);
#2174=ADVANCED_FACE('',(#344),#18,.F.);
#2175=ADVANCED_FACE('',(#345),#96,.F.);
#2176=ADVANCED_FACE('',(#346),#2042,.T.);
#2177=ADVANCED_FACE('',(#347),#2043,.T.);
#2178=ADVANCED_FACE('',(#348,#221),#2044,.T.);
#2179=ADVANCED_FACE('',(#349),#2045,.T.);
#2180=ADVANCED_FACE('',(#350),#2046,.T.);
#2181=ADVANCED_FACE('',(#351),#2047,.T.);
#2182=ADVANCED_FACE('',(#352,#222),#2048,.T.);
#2183=ADVANCED_FACE('',(#353),#2049,.T.);
#2184=ADVANCED_FACE('',(#354),#2050,.T.);
#2185=ADVANCED_FACE('',(#355,#223),#2051,.T.);
#2186=ADVANCED_FACE('',(#356,#224,#225),#2052,.T.);
#2187=ADVANCED_FACE('',(#357),#2053,.T.);
#2188=ADVANCED_FACE('',(#358),#2054,.T.);
#2189=ADVANCED_FACE('',(#359,#226),#2055,.T.);
#2190=ADVANCED_FACE('',(#360),#2056,.T.);
#2191=CLOSED_SHELL('',(#2057,#2058,#2059,#2060,#2061,#2062,#2063,#2064,
#2065,#2066,#2067,#2068,#2069,#2070,#2071,#2072,#2073,#2074,#2075,#2076,
#2077,#2078,#2079,#2080,#2081,#2082,#2083,#2084,#2085,#2086,#2087,#2088,
#2089,#2090,#2091,#2092,#2093,#2094,#2095,#2096,#2097,#2098,#2099,#2100,
#2101,#2102,#2103,#2104,#2105,#2106,#2107,#2108,#2109,#2110,#2111,#2112,
#2113,#2114,#2115,#2116,#2117,#2118,#2119,#2120,#2121,#2122,#2123,#2124,
#2125,#2126,#2127,#2128,#2129,#2130,#2131,#2132,#2133,#2134,#2135,#2136,
#2137,#2138,#2139,#2140,#2141,#2142,#2143,#2144,#2145,#2146,#2147,#2148,
#2149,#2150,#2151,#2152,#2153,#2154,#2155,#2156,#2157,#2158,#2159,#2160,
#2161,#2162,#2163,#2164,#2165,#2166,#2167,#2168,#2169,#2170,#2171,#2172,
#2173,#2174,#2175,#2176,#2177,#2178,#2179,#2180,#2181,#2182,#2183,#2184,
#2185,#2186,#2187,#2188,#2189,#2190));
#2192=DERIVED_UNIT_ELEMENT(#2194,1.);
#2193=DERIVED_UNIT_ELEMENT(#4108,-3.);
#2194=(
MASS_UNIT()
NAMED_UNIT(*)
SI_UNIT(.KILO.,.GRAM.)
);
#2195=DERIVED_UNIT((#2192,#2193));
#2196=MEASURE_REPRESENTATION_ITEM('density measure',
POSITIVE_RATIO_MEASURE(7850.),#2195);
#2197=PROPERTY_DEFINITION_REPRESENTATION(#2202,#2199);
#2198=PROPERTY_DEFINITION_REPRESENTATION(#2203,#2200);
#2199=REPRESENTATION('material name',(#2201),#4105);
#2200=REPRESENTATION('density',(#2196),#4105);
#2201=DESCRIPTIVE_REPRESENTATION_ITEM('Steel','Steel');
#2202=PROPERTY_DEFINITION('material property','material name',#4115);
#2203=PROPERTY_DEFINITION('material property','density of part',#4115);
#2204=AXIS2_PLACEMENT_3D('',#3080,#2431,#2432);
#2205=AXIS2_PLACEMENT_3D('',#3081,#2433,#2434);
#2206=AXIS2_PLACEMENT_3D('',#3090,#2439,#2440);
#2207=AXIS2_PLACEMENT_3D('',#3104,#2448,#2449);
#2208=AXIS2_PLACEMENT_3D('',#3110,#2453,#2454);
#2209=AXIS2_PLACEMENT_3D('',#3129,#2465,#2466);
#2210=AXIS2_PLACEMENT_3D('',#3130,#2467,#2468);
#2211=AXIS2_PLACEMENT_3D('',#3163,#2469,#2470);
#2212=AXIS2_PLACEMENT_3D('',#3165,#2471,#2472);
#2213=AXIS2_PLACEMENT_3D('',#3166,#2473,#2474);
#2214=AXIS2_PLACEMENT_3D('',#3167,#2475,#2476);
#2215=AXIS2_PLACEMENT_3D('',#3170,#2477,#2478);
#2216=AXIS2_PLACEMENT_3D('',#3173,#2481,#2482);
#2217=AXIS2_PLACEMENT_3D('',#3182,#2483,#2484);
#2218=AXIS2_PLACEMENT_3D('',#3183,#2485,#2486);
#2219=AXIS2_PLACEMENT_3D('',#3184,#2487,#2488);
#2220=AXIS2_PLACEMENT_3D('',#3188,#2490,#2491);
#2221=AXIS2_PLACEMENT_3D('',#3190,#2493,#2494);
#2222=AXIS2_PLACEMENT_3D('',#3194,#2497,#2498);
#2223=AXIS2_PLACEMENT_3D('',#3197,#2500,#2501);
#2224=AXIS2_PLACEMENT_3D('',#3198,#2502,#2503);
#2225=AXIS2_PLACEMENT_3D('',#3200,#2504,#2505);
#2226=AXIS2_PLACEMENT_3D('',#3202,#2506,#2507);
#2227=AXIS2_PLACEMENT_3D('',#3209,#2508,#2509);
#2228=AXIS2_PLACEMENT_3D('',#3211,#2510,#2511);
#2229=AXIS2_PLACEMENT_3D('',#3243,#2513,#2514);
#2230=AXIS2_PLACEMENT_3D('',#3244,#2515,#2516);
#2231=AXIS2_PLACEMENT_3D('',#3248,#2518,#2519);
#2232=AXIS2_PLACEMENT_3D('',#3281,#2521,#2522);
#2233=AXIS2_PLACEMENT_3D('',#3282,#2523,#2524);
#2234=AXIS2_PLACEMENT_3D('',#3283,#2525,#2526);
#2235=AXIS2_PLACEMENT_3D('',#3286,#2527,#2528);
#2236=AXIS2_PLACEMENT_3D('',#3289,#2531,#2532);
#2237=AXIS2_PLACEMENT_3D('',#3298,#2533,#2534);
#2238=AXIS2_PLACEMENT_3D('',#3299,#2535,#2536);
#2239=AXIS2_PLACEMENT_3D('',#3300,#2537,#2538);
#2240=AXIS2_PLACEMENT_3D('',#3304,#2540,#2541);
#2241=AXIS2_PLACEMENT_3D('',#3306,#2543,#2544);
#2242=AXIS2_PLACEMENT_3D('',#3310,#2547,#2548);
#2243=AXIS2_PLACEMENT_3D('',#3313,#2550,#2551);
#2244=AXIS2_PLACEMENT_3D('',#3314,#2552,#2553);
#2245=AXIS2_PLACEMENT_3D('',#3316,#2554,#2555);
#2246=AXIS2_PLACEMENT_3D('',#3318,#2556,#2557);
#2247=AXIS2_PLACEMENT_3D('',#3325,#2558,#2559);
#2248=AXIS2_PLACEMENT_3D('',#3327,#2560,#2561);
#2249=AXIS2_PLACEMENT_3D('',#3359,#2563,#2564);
#2250=AXIS2_PLACEMENT_3D('',#3360,#2565,#2566);
#2251=AXIS2_PLACEMENT_3D('',#3395,#2569,#2570);
#2252=AXIS2_PLACEMENT_3D('',#3397,#2571,#2572);
#2253=AXIS2_PLACEMENT_3D('',#3398,#2573,#2574);
#2254=AXIS2_PLACEMENT_3D('',#3399,#2575,#2576);
#2255=AXIS2_PLACEMENT_3D('',#3402,#2577,#2578);
#2256=AXIS2_PLACEMENT_3D('',#3405,#2581,#2582);
#2257=AXIS2_PLACEMENT_3D('',#3414,#2583,#2584);
#2258=AXIS2_PLACEMENT_3D('',#3415,#2585,#2586);
#2259=AXIS2_PLACEMENT_3D('',#3416,#2587,#2588);
#2260=AXIS2_PLACEMENT_3D('',#3420,#2590,#2591);
#2261=AXIS2_PLACEMENT_3D('',#3422,#2593,#2594);
#2262=AXIS2_PLACEMENT_3D('',#3426,#2597,#2598);
#2263=AXIS2_PLACEMENT_3D('',#3429,#2600,#2601);
#2264=AXIS2_PLACEMENT_3D('',#3430,#2602,#2603);
#2265=AXIS2_PLACEMENT_3D('',#3432,#2604,#2605);
#2266=AXIS2_PLACEMENT_3D('',#3434,#2606,#2607);
#2267=AXIS2_PLACEMENT_3D('',#3441,#2608,#2609);
#2268=AXIS2_PLACEMENT_3D('',#3443,#2610,#2611);
#2269=AXIS2_PLACEMENT_3D('',#3475,#2613,#2614);
#2270=AXIS2_PLACEMENT_3D('',#3476,#2615,#2616);
#2271=AXIS2_PLACEMENT_3D('',#3480,#2618,#2619);
#2272=AXIS2_PLACEMENT_3D('',#3513,#2621,#2622);
#2273=AXIS2_PLACEMENT_3D('',#3514,#2623,#2624);
#2274=AXIS2_PLACEMENT_3D('',#3515,#2625,#2626);
#2275=AXIS2_PLACEMENT_3D('',#3518,#2627,#2628);
#2276=AXIS2_PLACEMENT_3D('',#3521,#2631,#2632);
#2277=AXIS2_PLACEMENT_3D('',#3530,#2633,#2634);
#2278=AXIS2_PLACEMENT_3D('',#3531,#2635,#2636);
#2279=AXIS2_PLACEMENT_3D('',#3532,#2637,#2638);
#2280=AXIS2_PLACEMENT_3D('',#3536,#2640,#2641);
#2281=AXIS2_PLACEMENT_3D('',#3538,#2643,#2644);
#2282=AXIS2_PLACEMENT_3D('',#3542,#2647,#2648);
#2283=AXIS2_PLACEMENT_3D('',#3545,#2650,#2651);
#2284=AXIS2_PLACEMENT_3D('',#3546,#2652,#2653);
#2285=AXIS2_PLACEMENT_3D('',#3548,#2654,#2655);
#2286=AXIS2_PLACEMENT_3D('',#3550,#2656,#2657);
#2287=AXIS2_PLACEMENT_3D('',#3557,#2658,#2659);
#2288=AXIS2_PLACEMENT_3D('',#3559,#2660,#2661);
#2289=AXIS2_PLACEMENT_3D('',#3591,#2663,#2664);
#2290=AXIS2_PLACEMENT_3D('',#3592,#2665,#2666);
#2291=AXIS2_PLACEMENT_3D('',#3627,#2669,#2670);
#2292=AXIS2_PLACEMENT_3D('',#3629,#2671,#2672);
#2293=AXIS2_PLACEMENT_3D('',#3630,#2673,#2674);
#2294=AXIS2_PLACEMENT_3D('',#3631,#2675,#2676);
#2295=AXIS2_PLACEMENT_3D('',#3634,#2677,#2678);
#2296=AXIS2_PLACEMENT_3D('',#3637,#2681,#2682);
#2297=AXIS2_PLACEMENT_3D('',#3646,#2683,#2684);
#2298=AXIS2_PLACEMENT_3D('',#3647,#2685,#2686);
#2299=AXIS2_PLACEMENT_3D('',#3648,#2687,#2688);
#2300=AXIS2_PLACEMENT_3D('',#3652,#2690,#2691);
#2301=AXIS2_PLACEMENT_3D('',#3654,#2693,#2694);
#2302=AXIS2_PLACEMENT_3D('',#3658,#2697,#2698);
#2303=AXIS2_PLACEMENT_3D('',#3661,#2700,#2701);
#2304=AXIS2_PLACEMENT_3D('',#3662,#2702,#2703);
#2305=AXIS2_PLACEMENT_3D('',#3664,#2704,#2705);
#2306=AXIS2_PLACEMENT_3D('',#3666,#2706,#2707);
#2307=AXIS2_PLACEMENT_3D('',#3673,#2708,#2709);
#2308=AXIS2_PLACEMENT_3D('',#3675,#2710,#2711);
#2309=AXIS2_PLACEMENT_3D('',#3707,#2713,#2714);
#2310=AXIS2_PLACEMENT_3D('',#3708,#2715,#2716);
#2311=AXIS2_PLACEMENT_3D('',#3712,#2718,#2719);
#2312=AXIS2_PLACEMENT_3D('',#3745,#2721,#2722);
#2313=AXIS2_PLACEMENT_3D('',#3746,#2723,#2724);
#2314=AXIS2_PLACEMENT_3D('',#3747,#2725,#2726);
#2315=AXIS2_PLACEMENT_3D('',#3750,#2727,#2728);
#2316=AXIS2_PLACEMENT_3D('',#3753,#2731,#2732);
#2317=AXIS2_PLACEMENT_3D('',#3757,#2734,#2735);
#2318=AXIS2_PLACEMENT_3D('',#3759,#2737,#2738);
#2319=AXIS2_PLACEMENT_3D('',#3763,#2741,#2742);
#2320=AXIS2_PLACEMENT_3D('',#3766,#2744,#2745);
#2321=AXIS2_PLACEMENT_3D('',#3767,#2746,#2747);
#2322=AXIS2_PLACEMENT_3D('',#3769,#2748,#2749);
#2323=AXIS2_PLACEMENT_3D('',#3801,#2751,#2752);
#2324=AXIS2_PLACEMENT_3D('',#3802,#2753,#2754);
#2325=AXIS2_PLACEMENT_3D('',#3804,#2756,#2757);
#2326=AXIS2_PLACEMENT_3D('',#3806,#2759,#2760);
#2327=AXIS2_PLACEMENT_3D('',#3808,#2762,#2763);
#2328=AXIS2_PLACEMENT_3D('',#3810,#2765,#2766);
#2329=AXIS2_PLACEMENT_3D('',#3814,#2769,#2770);
#2330=AXIS2_PLACEMENT_3D('',#3818,#2773,#2774);
#2331=AXIS2_PLACEMENT_3D('',#3821,#2777,#2778);
#2332=AXIS2_PLACEMENT_3D('',#3823,#2780,#2781);
#2333=AXIS2_PLACEMENT_3D('',#3826,#2782,#2783);
#2334=AXIS2_PLACEMENT_3D('',#3830,#2785,#2786);
#2335=AXIS2_PLACEMENT_3D('',#3832,#2788,#2789);
#2336=AXIS2_PLACEMENT_3D('',#3840,#2794,#2795);
#2337=AXIS2_PLACEMENT_3D('',#3845,#2798,#2799);
#2338=AXIS2_PLACEMENT_3D('',#3846,#2800,#2801);
#2339=AXIS2_PLACEMENT_3D('',#3851,#2804,#2805);
#2340=AXIS2_PLACEMENT_3D('',#3852,#2806,#2807);
#2341=AXIS2_PLACEMENT_3D('',#3855,#2810,#2811);
#2342=AXIS2_PLACEMENT_3D('',#3859,#2814,#2815);
#2343=AXIS2_PLACEMENT_3D('',#3863,#2818,#2819);
#2344=AXIS2_PLACEMENT_3D('',#3866,#2820,#2821);
#2345=AXIS2_PLACEMENT_3D('',#3870,#2823,#2824);
#2346=AXIS2_PLACEMENT_3D('',#3872,#2826,#2827);
#2347=AXIS2_PLACEMENT_3D('',#3875,#2828,#2829);
#2348=AXIS2_PLACEMENT_3D('',#3878,#2831,#2832);
#2349=AXIS2_PLACEMENT_3D('',#3880,#2834,#2835);
#2350=AXIS2_PLACEMENT_3D('',#3881,#2836,#2837);
#2351=AXIS2_PLACEMENT_3D('',#3882,#2838,#2839);
#2352=AXIS2_PLACEMENT_3D('',#3884,#2840,#2841);
#2353=AXIS2_PLACEMENT_3D('',#3885,#2842,#2843);
#2354=AXIS2_PLACEMENT_3D('',#3887,#2845,#2846);
#2355=AXIS2_PLACEMENT_3D('',#3888,#2847,#2848);
#2356=AXIS2_PLACEMENT_3D('',#3889,#2849,#2850);
#2357=AXIS2_PLACEMENT_3D('',#3891,#2851,#2852);
#2358=AXIS2_PLACEMENT_3D('',#3894,#2854,#2855);
#2359=AXIS2_PLACEMENT_3D('',#3896,#2857,#2858);
#2360=AXIS2_PLACEMENT_3D('',#3897,#2859,#2860);
#2361=AXIS2_PLACEMENT_3D('',#3898,#2861,#2862);
#2362=AXIS2_PLACEMENT_3D('',#3899,#2863,#2864);
#2363=AXIS2_PLACEMENT_3D('',#3900,#2865,#2866);
#2364=AXIS2_PLACEMENT_3D('',#3902,#2867,#2868);
#2365=AXIS2_PLACEMENT_3D('',#3904,#2870,#2871);
#2366=AXIS2_PLACEMENT_3D('',#3907,#2873,#2874);
#2367=AXIS2_PLACEMENT_3D('',#3908,#2875,#2876);
#2368=AXIS2_PLACEMENT_3D('',#3912,#2879,#2880);
#2369=AXIS2_PLACEMENT_3D('',#3918,#2884,#2885);
#2370=AXIS2_PLACEMENT_3D('',#3920,#2886,#2887);
#2371=AXIS2_PLACEMENT_3D('',#3922,#2888,#2889);
#2372=AXIS2_PLACEMENT_3D('',#3924,#2891,#2892);
#2373=AXIS2_PLACEMENT_3D('',#3927,#2894,#2895);
#2374=AXIS2_PLACEMENT_3D('',#3928,#2896,#2897);
#2375=AXIS2_PLACEMENT_3D('',#3929,#2898,#2899);
#2376=AXIS2_PLACEMENT_3D('',#3930,#2900,#2901);
#2377=AXIS2_PLACEMENT_3D('',#3931,#2902,#2903);
#2378=AXIS2_PLACEMENT_3D('',#3932,#2904,#2905);
#2379=AXIS2_PLACEMENT_3D('',#3935,#2907,#2908);
#2380=AXIS2_PLACEMENT_3D('',#3936,#2909,#2910);
#2381=AXIS2_PLACEMENT_3D('',#3940,#2913,#2914);
#2382=AXIS2_PLACEMENT_3D('',#3943,#2916,#2917);
#2383=AXIS2_PLACEMENT_3D('',#3944,#2918,#2919);
#2384=AXIS2_PLACEMENT_3D('',#3946,#2921,#2922);
#2385=AXIS2_PLACEMENT_3D('',#3948,#2923,#2924);
#2386=AXIS2_PLACEMENT_3D('',#3950,#2926,#2927);
#2387=AXIS2_PLACEMENT_3D('',#3951,#2928,#2929);
#2388=AXIS2_PLACEMENT_3D('',#3952,#2930,#2931);
#2389=AXIS2_PLACEMENT_3D('',#3953,#2932,#2933);
#2390=AXIS2_PLACEMENT_3D('',#3954,#2934,#2935);
#2391=AXIS2_PLACEMENT_3D('',#3956,#2937,#2938);
#2392=AXIS2_PLACEMENT_3D('',#3957,#2939,#2940);
#2393=AXIS2_PLACEMENT_3D('',#3969,#2947,#2948);
#2394=AXIS2_PLACEMENT_3D('',#3973,#2951,#2952);
#2395=AXIS2_PLACEMENT_3D('',#3979,#2956,#2957);
#2396=AXIS2_PLACEMENT_3D('',#3998,#2968,#2969);
#2397=AXIS2_PLACEMENT_3D('',#4000,#2971,#2972);
#2398=AXIS2_PLACEMENT_3D('',#4002,#2974,#2975);
#2399=AXIS2_PLACEMENT_3D('',#4004,#2977,#2978);
#2400=AXIS2_PLACEMENT_3D('',#4005,#2979,#2980);
#2401=AXIS2_PLACEMENT_3D('',#4007,#2981,#2982);
#2402=AXIS2_PLACEMENT_3D('',#4010,#2984,#2985);
#2403=AXIS2_PLACEMENT_3D('',#4012,#2986,#2987);
#2404=AXIS2_PLACEMENT_3D('',#4014,#2989,#2990);
#2405=AXIS2_PLACEMENT_3D('',#4016,#2991,#2992);
#2406=AXIS2_PLACEMENT_3D('',#4019,#2994,#2995);
#2407=AXIS2_PLACEMENT_3D('',#4021,#2996,#2997);
#2408=AXIS2_PLACEMENT_3D('',#4023,#2999,#3000);
#2409=AXIS2_PLACEMENT_3D('',#4025,#3001,#3002);
#2410=AXIS2_PLACEMENT_3D('',#4028,#3004,#3005);
#2411=AXIS2_PLACEMENT_3D('',#4030,#3006,#3007);
#2412=AXIS2_PLACEMENT_3D('',#4032,#3009,#3010);
#2413=AXIS2_PLACEMENT_3D('',#4034,#3011,#3012);
#2414=AXIS2_PLACEMENT_3D('',#4037,#3014,#3015);
#2415=AXIS2_PLACEMENT_3D('',#4039,#3016,#3017);
#2416=AXIS2_PLACEMENT_3D('',#4041,#3019,#3020);
#2417=AXIS2_PLACEMENT_3D('',#4047,#3024,#3025);
#2418=AXIS2_PLACEMENT_3D('',#4053,#3029,#3030);
#2419=AXIS2_PLACEMENT_3D('',#4055,#3032,#3033);
#2420=AXIS2_PLACEMENT_3D('',#4070,#3042,#3043);
#2421=AXIS2_PLACEMENT_3D('',#4076,#3047,#3048);
#2422=AXIS2_PLACEMENT_3D('',#4078,#3050,#3051);
#2423=AXIS2_PLACEMENT_3D('',#4080,#3053,#3054);
#2424=AXIS2_PLACEMENT_3D('',#4086,#3058,#3059);
#2425=AXIS2_PLACEMENT_3D('',#4088,#3061,#3062);
#2426=AXIS2_PLACEMENT_3D('',#4090,#3064,#3065);
#2427=AXIS2_PLACEMENT_3D('',#4095,#3069,#3070);
#2428=AXIS2_PLACEMENT_3D('',#4099,#3073,#3074);
#2429=AXIS2_PLACEMENT_3D('',#4101,#3076,#3077);
#2430=AXIS2_PLACEMENT_3D('',#4102,#3078,#3079);
#2431=DIRECTION('axis',(0.,0.,1.));
#2432=DIRECTION('refdir',(1.,0.,0.));
#2433=DIRECTION('center_axis',(1.,0.,0.));
#2434=DIRECTION('ref_axis',(0.,0.,1.));
#2435=DIRECTION('',(0.,0.,1.));
#2436=DIRECTION('',(0.,-1.,0.));
#2437=DIRECTION('',(0.,0.,-1.));
#2438=DIRECTION('',(0.,-1.,0.));
#2439=DIRECTION('center_axis',(0.,1.,0.));
#2440=DIRECTION('ref_axis',(-1.,0.,0.));
#2441=DIRECTION('',(-1.,0.,0.));
#2442=DIRECTION('',(0.,0.,1.));
#2443=DIRECTION('',(1.,0.,0.));
#2444=DIRECTION('',(0.,0.,-1.));
#2445=DIRECTION('',(1.,0.,0.));
#2446=DIRECTION('',(-1.,0.,0.));
#2447=DIRECTION('',(0.,0.,-1.));
#2448=DIRECTION('center_axis',(-1.,0.,0.));
#2449=DIRECTION('ref_axis',(0.,0.,-1.));
#2450=DIRECTION('',(0.,-1.,0.));
#2451=DIRECTION('',(0.,0.,1.));
#2452=DIRECTION('',(0.,-1.,0.));
#2453=DIRECTION('center_axis',(0.,-1.,0.));
#2454=DIRECTION('ref_axis',(1.,0.,0.));
#2455=DIRECTION('',(1.,0.,0.));
#2456=DIRECTION('',(0.,0.,1.));
#2457=DIRECTION('',(1.,0.,0.));
#2458=DIRECTION('',(0.,0.,1.));
#2459=DIRECTION('',(1.,0.,0.));
#2460=DIRECTION('',(0.,0.,-1.));
#2461=DIRECTION('',(1.,0.,0.));
#2462=DIRECTION('',(0.,0.,1.));
#2463=DIRECTION('',(-1.,0.,0.));
#2464=DIRECTION('',(1.,0.,0.));
#2465=DIRECTION('center_axis',(0.,0.,-1.));
#2466=DIRECTION('ref_axis',(1.,0.,0.));
#2467=DIRECTION('center_axis',(0.,0.,1.));
#2468=DIRECTION('ref_axis',(-1.,0.,0.));
#2469=DIRECTION('center_axis',(1.,0.,0.));
#2470=DIRECTION('ref_axis',(0.,-1.,1.11022302462516E-15));
#2471=DIRECTION('center_axis',(0.,-0.447213595499958,0.894427190999916));
#2472=DIRECTION('ref_axis',(0.,0.894427190999916,0.447213595499958));
#2473=DIRECTION('center_axis',(0.,0.894427190999916,-0.447213595499958));
#2474=DIRECTION('ref_axis',(0.,0.447213595499958,0.894427190999916));
#2475=DIRECTION('center_axis',(1.,0.,0.));
#2476=DIRECTION('ref_axis',(0.,-0.707106781186549,-0.707106781186546));
#2477=DIRECTION('center_axis',(1.,0.,0.));
#2478=DIRECTION('ref_axis',(0.,-1.,0.));
#2479=DIRECTION('',(-1.,0.,0.));
#2480=DIRECTION('',(1.,0.,0.));
#2481=DIRECTION('center_axis',(0.,0.,1.));
#2482=DIRECTION('ref_axis',(1.,0.,0.));
#2483=DIRECTION('center_axis',(0.,0.,1.));
#2484=DIRECTION('ref_axis',(0.707106781186547,0.707106781186548,0.));
#2485=DIRECTION('center_axis',(0.,0.,-1.));
#2486=DIRECTION('ref_axis',(0.707106781186547,0.707106781186548,0.));
#2487=DIRECTION('center_axis',(0.,0.,1.));
#2488=DIRECTION('ref_axis',(0.707106781186547,0.707106781186548,0.));
#2489=DIRECTION('',(0.,0.,1.));
#2490=DIRECTION('center_axis',(0.,0.,1.));
#2491=DIRECTION('ref_axis',(0.707106781186547,0.707106781186548,0.));
#2492=DIRECTION('',(0.,0.,-1.));
#2493=DIRECTION('center_axis',(0.,-1.,0.));
#2494=DIRECTION('ref_axis',(0.,0.,-1.));
#2495=DIRECTION('',(0.,0.,-1.));
#2496=DIRECTION('',(-1.,0.,0.));
#2497=DIRECTION('center_axis',(0.,0.,-1.));
#2498=DIRECTION('ref_axis',(-0.707106781186547,0.707106781186548,0.));
#2499=DIRECTION('',(0.,0.,1.));
#2500=DIRECTION('center_axis',(0.,0.894427190999916,0.447213595499958));
#2501=DIRECTION('ref_axis',(0.,0.447213595499958,-0.894427190999916));
#2502=DIRECTION('center_axis',(0.,0.,-1.));
#2503=DIRECTION('ref_axis',(-1.,0.,0.));
#2504=DIRECTION('center_axis',(-1.,-2.77555756156289E-16,0.));
#2505=DIRECTION('ref_axis',(2.77555756156289E-16,-1.,0.));
#2506=DIRECTION('center_axis',(0.,0.,-1.));
#2507=DIRECTION('ref_axis',(0.707106781186547,0.707106781186548,0.));
#2508=DIRECTION('center_axis',(1.,0.,0.));
#2509=DIRECTION('ref_axis',(0.,-0.707106781186544,0.707106781186551));
#2510=DIRECTION('center_axis',(-1.,0.,0.));
#2511=DIRECTION('ref_axis',(0.,-1.,0.));
#2512=DIRECTION('',(1.,0.,0.));
#2513=DIRECTION('center_axis',(9.9301366129891E-16,-0.447213595499958,-0.894427190999916));
#2514=DIRECTION('ref_axis',(0.,0.894427190999916,-0.447213595499958));
#2515=DIRECTION('center_axis',(0.,-1.,0.));
#2516=DIRECTION('ref_axis',(-0.707106781186546,0.,-0.707106781186549));
#2517=DIRECTION('',(0.,1.,0.));
#2518=DIRECTION('center_axis',(0.,0.447213595499958,-0.894427190999916));
#2519=DIRECTION('ref_axis',(0.,-0.894427190999916,-0.447213595499958));
#2520=DIRECTION('',(0.,-1.,0.));
#2521=DIRECTION('center_axis',(1.,0.,0.));
#2522=DIRECTION('ref_axis',(0.,1.,0.));
#2523=DIRECTION('center_axis',(0.,-0.894427190999916,0.447213595499958));
#2524=DIRECTION('ref_axis',(0.,-0.447213595499958,-0.894427190999916));
#2525=DIRECTION('center_axis',(1.,0.,0.));
#2526=DIRECTION('ref_axis',(0.,0.707106781186548,0.707106781186548));
#2527=DIRECTION('center_axis',(1.,0.,0.));
#2528=DIRECTION('ref_axis',(0.,1.,0.));
#2529=DIRECTION('',(-1.,0.,0.));
#2530=DIRECTION('',(1.,0.,0.));
#2531=DIRECTION('center_axis',(0.,0.,-1.));
#2532=DIRECTION('ref_axis',(-1.,0.,0.));
#2533=DIRECTION('center_axis',(0.,0.,-1.));
#2534=DIRECTION('ref_axis',(0.707106781186546,-0.707106781186549,0.));
#2535=DIRECTION('center_axis',(0.,0.,1.));
#2536=DIRECTION('ref_axis',(0.707106781186546,-0.707106781186549,0.));
#2537=DIRECTION('center_axis',(0.,0.,-1.));
#2538=DIRECTION('ref_axis',(0.707106781186546,-0.707106781186549,0.));
#2539=DIRECTION('',(0.,0.,-1.));
#2540=DIRECTION('center_axis',(0.,0.,-1.));
#2541=DIRECTION('ref_axis',(0.707106781186546,-0.707106781186549,0.));
#2542=DIRECTION('',(0.,0.,1.));
#2543=DIRECTION('center_axis',(0.,1.,0.));
#2544=DIRECTION('ref_axis',(0.,0.,1.));
#2545=DIRECTION('',(0.,0.,1.));
#2546=DIRECTION('',(-1.,0.,0.));
#2547=DIRECTION('center_axis',(0.,0.,1.));
#2548=DIRECTION('ref_axis',(-0.707106781186546,-0.707106781186549,0.));
#2549=DIRECTION('',(0.,0.,-1.));
#2550=DIRECTION('center_axis',(0.,-0.894427190999916,-0.447213595499958));
#2551=DIRECTION('ref_axis',(0.,-0.447213595499958,0.894427190999916));
#2552=DIRECTION('center_axis',(0.,0.,1.));
#2553=DIRECTION('ref_axis',(1.,0.,0.));
#2554=DIRECTION('center_axis',(-1.,0.,0.));
#2555=DIRECTION('ref_axis',(0.,1.,0.));
#2556=DIRECTION('center_axis',(0.,0.,1.));
#2557=DIRECTION('ref_axis',(0.707106781186546,-0.707106781186549,0.));
#2558=DIRECTION('center_axis',(1.,0.,0.));
#2559=DIRECTION('ref_axis',(0.,0.707106781186547,-0.707106781186548));
#2560=DIRECTION('center_axis',(-1.,0.,0.));
#2561=DIRECTION('ref_axis',(0.,1.,0.));
#2562=DIRECTION('',(1.,0.,0.));
#2563=DIRECTION('center_axis',(0.,0.447213595499957,0.894427190999916));
#2564=DIRECTION('ref_axis',(0.,-0.894427190999916,0.447213595499958));
#2565=DIRECTION('center_axis',(0.,1.,0.));
#2566=DIRECTION('ref_axis',(-0.707106781186548,0.,0.707106781186548));
#2567=DIRECTION('',(0.,1.,0.));
#2568=DIRECTION('',(0.,-1.,0.));
#2569=DIRECTION('center_axis',(1.,0.,0.));
#2570=DIRECTION('ref_axis',(0.,-1.,1.11022302462516E-15));
#2571=DIRECTION('center_axis',(0.,-0.447213595499957,0.894427190999916));
#2572=DIRECTION('ref_axis',(0.,0.894427190999916,0.447213595499958));
#2573=DIRECTION('center_axis',(0.,0.894427190999916,-0.447213595499958));
#2574=DIRECTION('ref_axis',(0.,0.447213595499958,0.894427190999916));
#2575=DIRECTION('center_axis',(1.,0.,0.));
#2576=DIRECTION('ref_axis',(0.,-0.707106781186549,-0.707106781186546));
#2577=DIRECTION('center_axis',(1.,0.,0.));
#2578=DIRECTION('ref_axis',(0.,-1.,0.));
#2579=DIRECTION('',(-1.,0.,0.));
#2580=DIRECTION('',(1.,0.,0.));
#2581=DIRECTION('center_axis',(0.,0.,1.));
#2582=DIRECTION('ref_axis',(1.,0.,0.));
#2583=DIRECTION('center_axis',(0.,0.,1.));
#2584=DIRECTION('ref_axis',(0.707106781186546,0.707106781186549,0.));
#2585=DIRECTION('center_axis',(0.,0.,-1.));
#2586=DIRECTION('ref_axis',(0.707106781186546,0.707106781186549,0.));
#2587=DIRECTION('center_axis',(0.,0.,1.));
#2588=DIRECTION('ref_axis',(0.707106781186546,0.707106781186549,0.));
#2589=DIRECTION('',(0.,0.,1.));
#2590=DIRECTION('center_axis',(0.,0.,1.));
#2591=DIRECTION('ref_axis',(0.707106781186546,0.707106781186549,0.));
#2592=DIRECTION('',(0.,0.,-1.));
#2593=DIRECTION('center_axis',(0.,-1.,0.));
#2594=DIRECTION('ref_axis',(0.,0.,-1.));
#2595=DIRECTION('',(0.,0.,-1.));
#2596=DIRECTION('',(-1.,0.,0.));
#2597=DIRECTION('center_axis',(0.,0.,-1.));
#2598=DIRECTION('ref_axis',(-0.707106781186546,0.707106781186549,0.));
#2599=DIRECTION('',(0.,0.,1.));
#2600=DIRECTION('center_axis',(0.,0.894427190999916,0.447213595499958));
#2601=DIRECTION('ref_axis',(0.,0.447213595499958,-0.894427190999916));
#2602=DIRECTION('center_axis',(0.,0.,-1.));
#2603=DIRECTION('ref_axis',(-1.,0.,0.));
#2604=DIRECTION('center_axis',(-1.,0.,0.));
#2605=DIRECTION('ref_axis',(0.,-1.,0.));
#2606=DIRECTION('center_axis',(0.,0.,-1.));
#2607=DIRECTION('ref_axis',(0.707106781186546,0.707106781186549,0.));
#2608=DIRECTION('center_axis',(1.,0.,0.));
#2609=DIRECTION('ref_axis',(0.,-0.707106781186544,0.707106781186551));
#2610=DIRECTION('center_axis',(-1.,0.,0.));
#2611=DIRECTION('ref_axis',(0.,-1.,0.));
#2612=DIRECTION('',(1.,0.,0.));
#2613=DIRECTION('center_axis',(0.,-0.447213595499958,-0.894427190999916));
#2614=DIRECTION('ref_axis',(0.,0.894427190999916,-0.447213595499958));
#2615=DIRECTION('center_axis',(0.,-1.,0.));
#2616=DIRECTION('ref_axis',(-0.707106781186546,0.,-0.707106781186549));
#2617=DIRECTION('',(0.,1.,0.));
#2618=DIRECTION('center_axis',(0.,0.447213595499958,-0.894427190999916));
#2619=DIRECTION('ref_axis',(0.,-0.894427190999916,-0.447213595499958));
#2620=DIRECTION('',(0.,-1.,0.));
#2621=DIRECTION('center_axis',(1.,0.,0.));
#2622=DIRECTION('ref_axis',(0.,1.,0.));
#2623=DIRECTION('center_axis',(0.,-0.894427190999916,0.447213595499958));
#2624=DIRECTION('ref_axis',(0.,-0.447213595499958,-0.894427190999916));
#2625=DIRECTION('center_axis',(1.,0.,0.));
#2626=DIRECTION('ref_axis',(0.,0.707106781186548,0.707106781186548));
#2627=DIRECTION('center_axis',(1.,0.,0.));
#2628=DIRECTION('ref_axis',(0.,1.,0.));
#2629=DIRECTION('',(-1.,0.,0.));
#2630=DIRECTION('',(1.,0.,0.));
#2631=DIRECTION('center_axis',(0.,0.,-1.));
#2632=DIRECTION('ref_axis',(-1.,0.,0.));
#2633=DIRECTION('center_axis',(0.,0.,-1.));
#2634=DIRECTION('ref_axis',(0.707106781186546,-0.707106781186549,0.));
#2635=DIRECTION('center_axis',(0.,0.,1.));
#2636=DIRECTION('ref_axis',(0.707106781186546,-0.707106781186549,0.));
#2637=DIRECTION('center_axis',(0.,0.,-1.));
#2638=DIRECTION('ref_axis',(0.707106781186546,-0.707106781186549,0.));
#2639=DIRECTION('',(0.,0.,-1.));
#2640=DIRECTION('center_axis',(0.,0.,-1.));
#2641=DIRECTION('ref_axis',(0.707106781186546,-0.707106781186549,0.));
#2642=DIRECTION('',(0.,0.,1.));
#2643=DIRECTION('center_axis',(0.,1.,0.));
#2644=DIRECTION('ref_axis',(0.,0.,1.));
#2645=DIRECTION('',(0.,0.,1.));
#2646=DIRECTION('',(-1.,0.,0.));
#2647=DIRECTION('center_axis',(0.,0.,1.));
#2648=DIRECTION('ref_axis',(-0.707106781186546,-0.707106781186549,0.));
#2649=DIRECTION('',(0.,0.,-1.));
#2650=DIRECTION('center_axis',(0.,-0.894427190999916,-0.447213595499958));
#2651=DIRECTION('ref_axis',(0.,-0.447213595499958,0.894427190999916));
#2652=DIRECTION('center_axis',(0.,0.,1.));
#2653=DIRECTION('ref_axis',(1.,0.,0.));
#2654=DIRECTION('center_axis',(-1.,0.,0.));
#2655=DIRECTION('ref_axis',(0.,1.,0.));
#2656=DIRECTION('center_axis',(0.,0.,1.));
#2657=DIRECTION('ref_axis',(0.707106781186546,-0.707106781186549,0.));
#2658=DIRECTION('center_axis',(1.,0.,0.));
#2659=DIRECTION('ref_axis',(0.,0.707106781186547,-0.707106781186548));
#2660=DIRECTION('center_axis',(-1.,0.,0.));
#2661=DIRECTION('ref_axis',(0.,1.,0.));
#2662=DIRECTION('',(1.,0.,0.));
#2663=DIRECTION('center_axis',(0.,0.447213595499957,0.894427190999916));
#2664=DIRECTION('ref_axis',(0.,-0.894427190999916,0.447213595499958));
#2665=DIRECTION('center_axis',(0.,1.,0.));
#2666=DIRECTION('ref_axis',(-0.707106781186548,0.,0.707106781186548));
#2667=DIRECTION('',(0.,1.,0.));
#2668=DIRECTION('',(0.,-1.,0.));
#2669=DIRECTION('center_axis',(1.,0.,0.));
#2670=DIRECTION('ref_axis',(0.,-1.,1.11022302462516E-15));
#2671=DIRECTION('center_axis',(1.98602732259782E-15,-0.447213595499957,
0.894427190999916));
#2672=DIRECTION('ref_axis',(0.,0.894427190999916,0.447213595499958));
#2673=DIRECTION('center_axis',(0.,0.894427190999916,-0.447213595499958));
#2674=DIRECTION('ref_axis',(0.,0.447213595499958,0.894427190999916));
#2675=DIRECTION('center_axis',(1.,0.,0.));
#2676=DIRECTION('ref_axis',(0.,-0.707106781186546,-0.707106781186549));
#2677=DIRECTION('center_axis',(1.,0.,0.));
#2678=DIRECTION('ref_axis',(0.,-1.,0.));
#2679=DIRECTION('',(-1.,0.,0.));
#2680=DIRECTION('',(1.,0.,0.));
#2681=DIRECTION('center_axis',(0.,0.,1.));
#2682=DIRECTION('ref_axis',(1.,0.,0.));
#2683=DIRECTION('center_axis',(0.,0.,1.));
#2684=DIRECTION('ref_axis',(0.707106781186546,0.707106781186549,0.));
#2685=DIRECTION('center_axis',(0.,0.,-1.));
#2686=DIRECTION('ref_axis',(0.707106781186546,0.707106781186549,0.));
#2687=DIRECTION('center_axis',(0.,0.,1.));
#2688=DIRECTION('ref_axis',(0.707106781186546,0.707106781186549,0.));
#2689=DIRECTION('',(0.,0.,1.));
#2690=DIRECTION('center_axis',(0.,0.,1.));
#2691=DIRECTION('ref_axis',(0.707106781186546,0.707106781186549,0.));
#2692=DIRECTION('',(0.,0.,-1.));
#2693=DIRECTION('center_axis',(0.,-1.,0.));
#2694=DIRECTION('ref_axis',(0.,0.,-1.));
#2695=DIRECTION('',(0.,0.,-1.));
#2696=DIRECTION('',(-1.,0.,0.));
#2697=DIRECTION('center_axis',(0.,0.,-1.));
#2698=DIRECTION('ref_axis',(-0.707106781186546,0.707106781186549,0.));
#2699=DIRECTION('',(0.,0.,1.));
#2700=DIRECTION('center_axis',(0.,0.894427190999916,0.447213595499958));
#2701=DIRECTION('ref_axis',(0.,0.447213595499958,-0.894427190999916));
#2702=DIRECTION('center_axis',(0.,0.,-1.));
#2703=DIRECTION('ref_axis',(-1.,0.,0.));
#2704=DIRECTION('center_axis',(-1.,0.,0.));
#2705=DIRECTION('ref_axis',(0.,-1.,0.));
#2706=DIRECTION('center_axis',(0.,0.,-1.));
#2707=DIRECTION('ref_axis',(0.707106781186546,0.707106781186549,0.));
#2708=DIRECTION('center_axis',(1.,0.,0.));
#2709=DIRECTION('ref_axis',(0.,-0.707106781186544,0.707106781186551));
#2710=DIRECTION('center_axis',(-1.,0.,0.));
#2711=DIRECTION('ref_axis',(0.,-1.,0.));
#2712=DIRECTION('',(1.,0.,0.));
#2713=DIRECTION('center_axis',(0.,-0.447213595499959,-0.894427190999916));
#2714=DIRECTION('ref_axis',(0.,0.894427190999916,-0.447213595499959));
#2715=DIRECTION('center_axis',(0.,-1.,0.));
#2716=DIRECTION('ref_axis',(-0.707106781186546,0.,-0.707106781186549));
#2717=DIRECTION('',(0.,1.,0.));
#2718=DIRECTION('center_axis',(0.,0.447213595499958,-0.894427190999916));
#2719=DIRECTION('ref_axis',(0.,-0.894427190999916,-0.447213595499958));
#2720=DIRECTION('',(0.,-1.,0.));
#2721=DIRECTION('center_axis',(1.,0.,0.));
#2722=DIRECTION('ref_axis',(0.,1.,0.));
#2723=DIRECTION('center_axis',(0.,-0.894427190999917,0.447213595499956));
#2724=DIRECTION('ref_axis',(0.,-0.447213595499956,-0.894427190999917));
#2725=DIRECTION('center_axis',(1.,0.,0.));
#2726=DIRECTION('ref_axis',(0.,0.707106781186544,0.707106781186551));
#2727=DIRECTION('center_axis',(-0.707106781186546,0.,0.707106781186549));
#2728=DIRECTION('ref_axis',(0.707106781186549,-4.90653893338679E-17,0.707106781186546));
#2729=DIRECTION('',(-1.,0.,0.));
#2730=DIRECTION('',(1.,0.,0.));
#2731=DIRECTION('center_axis',(0.,0.,1.));
#2732=DIRECTION('ref_axis',(0.707106781186549,0.707106781186546,0.));
#2733=DIRECTION('',(0.,0.,-1.));
#2734=DIRECTION('center_axis',(-0.707106781186547,0.,-0.707106781186548));
#2735=DIRECTION('ref_axis',(0.707106781186548,-9.81307786677359E-17,-0.707106781186547));
#2736=DIRECTION('',(0.,0.,1.));
#2737=DIRECTION('center_axis',(0.,1.,0.));
#2738=DIRECTION('ref_axis',(0.,0.,1.));
#2739=DIRECTION('',(0.,0.,1.));
#2740=DIRECTION('',(-1.,0.,0.));
#2741=DIRECTION('center_axis',(0.,0.,1.));
#2742=DIRECTION('ref_axis',(-0.707106781186549,-0.707106781186546,0.));
#2743=DIRECTION('',(0.,0.,-1.));
#2744=DIRECTION('center_axis',(0.,-0.894427190999917,-0.447213595499957));
#2745=DIRECTION('ref_axis',(0.,-0.447213595499956,0.894427190999917));
#2746=DIRECTION('center_axis',(1.,0.,0.));
#2747=DIRECTION('ref_axis',(0.,0.707106781186547,-0.707106781186548));
#2748=DIRECTION('center_axis',(-1.,0.,0.));
#2749=DIRECTION('ref_axis',(0.,1.,0.));
#2750=DIRECTION('',(1.,0.,0.));
#2751=DIRECTION('center_axis',(0.,0.447213595499957,0.894427190999916));
#2752=DIRECTION('ref_axis',(0.,-0.894427190999916,0.447213595499958));
#2753=DIRECTION('center_axis',(0.,0.,1.));
#2754=DIRECTION('ref_axis',(0.,-1.,0.));
#2755=DIRECTION('',(0.,1.,0.));
#2756=DIRECTION('center_axis',(0.,0.,-1.));
#2757=DIRECTION('ref_axis',(0.,1.,0.));
#2758=DIRECTION('',(0.,-1.,0.));
#2759=DIRECTION('center_axis',(0.,0.,1.));
#2760=DIRECTION('ref_axis',(0.,-1.,0.));
#2761=DIRECTION('',(0.,1.,0.));
#2762=DIRECTION('center_axis',(0.,0.,-1.));
#2763=DIRECTION('ref_axis',(0.,1.,0.));
#2764=DIRECTION('',(0.,-1.,0.));
#2765=DIRECTION('center_axis',(0.,0.,1.));
#2766=DIRECTION('ref_axis',(0.,-1.,0.));
#2767=DIRECTION('',(0.,-1.,0.));
#2768=DIRECTION('',(0.,1.,0.));
#2769=DIRECTION('center_axis',(1.,0.,0.));
#2770=DIRECTION('ref_axis',(0.,0.,-1.));
#2771=DIRECTION('',(0.,1.,0.));
#2772=DIRECTION('',(0.,0.,1.));
#2773=DIRECTION('center_axis',(0.,1.,0.));
#2774=DIRECTION('ref_axis',(-0.707106781186548,0.,0.707106781186548));
#2775=DIRECTION('',(0.,1.,0.));
#2776=DIRECTION('',(0.,-1.,0.));
#2777=DIRECTION('center_axis',(0.,0.,-1.));
#2778=DIRECTION('ref_axis',(0.,1.,0.));
#2779=DIRECTION('',(0.,-1.,0.));
#2780=DIRECTION('center_axis',(1.,0.,0.));
#2781=DIRECTION('ref_axis',(0.,-0.707106781186549,-0.707106781186546));
#2782=DIRECTION('center_axis',(-0.707106781186548,0.,-0.707106781186548));
#2783=DIRECTION('ref_axis',(0.707106781186548,0.,-0.707106781186548));
#2784=DIRECTION('',(1.,0.,0.));
#2785=DIRECTION('center_axis',(0.707106781186549,0.,-0.707106781186546));
#2786=DIRECTION('ref_axis',(-0.707106781186546,1.47196168001604E-16,-0.707106781186549));
#2787=DIRECTION('',(-1.,0.,0.));
#2788=DIRECTION('center_axis',(0.,0.,1.));
#2789=DIRECTION('ref_axis',(1.,0.,0.));
#2790=DIRECTION('',(0.,1.,0.));
#2791=DIRECTION('',(1.,0.,0.));
#2792=DIRECTION('',(0.,-1.,0.));
#2793=DIRECTION('',(-1.,0.,0.));
#2794=DIRECTION('center_axis',(0.,0.,1.));
#2795=DIRECTION('ref_axis',(0.707106781186548,-0.707106781186547,0.));
#2796=DIRECTION('',(0.,0.,1.));
#2797=DIRECTION('',(0.,0.,-1.));
#2798=DIRECTION('center_axis',(-0.707106781186547,0.,0.707106781186548));
#2799=DIRECTION('ref_axis',(-0.707106781186548,0.,-0.707106781186547));
#2800=DIRECTION('center_axis',(0.,0.,-1.));
#2801=DIRECTION('ref_axis',(-0.70710678118654,-0.707106781186555,0.));
#2802=DIRECTION('',(0.,0.,1.));
#2803=DIRECTION('',(0.,0.,-1.));
#2804=DIRECTION('center_axis',(0.707106781186549,0.,0.707106781186546));
#2805=DIRECTION('ref_axis',(-0.707106781186546,0.,0.707106781186549));
#2806=DIRECTION('center_axis',(-1.,0.,0.));
#2807=DIRECTION('ref_axis',(0.,-0.707106781186548,0.707106781186548));
#2808=DIRECTION('',(1.,0.,0.));
#2809=DIRECTION('',(-1.,0.,0.));
#2810=DIRECTION('center_axis',(-1.,0.,0.));
#2811=DIRECTION('ref_axis',(0.,0.,1.));
#2812=DIRECTION('',(0.,1.,0.));
#2813=DIRECTION('',(0.,0.,1.));
#2814=DIRECTION('center_axis',(0.,0.,-1.));
#2815=DIRECTION('ref_axis',(-1.,0.,0.));
#2816=DIRECTION('',(0.,1.,0.));
#2817=DIRECTION('',(-1.,0.,0.));
#2818=DIRECTION('center_axis',(1.,0.,0.));
#2819=DIRECTION('ref_axis',(0.,-0.707106781186548,0.707106781186547));
#2820=DIRECTION('center_axis',(1.,-1.11022302462516E-15,0.));
#2821=DIRECTION('ref_axis',(0.,0.,1.));
#2822=DIRECTION('',(1.,0.,0.));
#2823=DIRECTION('center_axis',(-1.,0.,0.));
#2824=DIRECTION('ref_axis',(0.,-1.,0.));
#2825=DIRECTION('',(-1.,0.,0.));
#2826=DIRECTION('center_axis',(0.,-1.,0.));
#2827=DIRECTION('ref_axis',(-0.707106781186549,0.,0.707106781186546));
#2828=DIRECTION('center_axis',(0.,-1.,0.));
#2829=DIRECTION('ref_axis',(0.,0.,1.));
#2830=DIRECTION('',(0.,-1.,0.));
#2831=DIRECTION('center_axis',(4.44089209850062E-15,1.,0.));
#2832=DIRECTION('ref_axis',(-1.,4.44089209850062E-15,0.));
#2833=DIRECTION('',(0.,1.,0.));
#2834=DIRECTION('center_axis',(-0.816496580927727,0.408248290463862,-0.408248290463863));
#2835=DIRECTION('ref_axis',(-0.577350269189626,-0.577350269189628,0.577350269189624));
#2836=DIRECTION('center_axis',(0.,0.,1.));
#2837=DIRECTION('ref_axis',(-0.707106781186547,-0.707106781186548,0.));
#2838=DIRECTION('center_axis',(-1.,0.,0.));
#2839=DIRECTION('ref_axis',(0.,0.707106781186548,0.707106781186548));
#2840=DIRECTION('center_axis',(-1.,0.,0.));
#2841=DIRECTION('ref_axis',(0.,0.,1.));
#2842=DIRECTION('center_axis',(1.,0.,0.));
#2843=DIRECTION('ref_axis',(0.,1.,0.));
#2844=DIRECTION('',(1.,0.,0.));
#2845=DIRECTION('center_axis',(-0.408248290463861,-0.816496580927725,0.408248290463866));
#2846=DIRECTION('ref_axis',(-0.577350269189624,0.577350269189623,0.57735026918963));
#2847=DIRECTION('center_axis',(0.,0.,1.));
#2848=DIRECTION('ref_axis',(-0.707106781186548,0.707106781186547,0.));
#2849=DIRECTION('center_axis',(0.,1.,0.));
#2850=DIRECTION('ref_axis',(0.707106781186554,0.,0.707106781186541));
#2851=DIRECTION('center_axis',(1.11022302462516E-15,1.,0.));
#2852=DIRECTION('ref_axis',(0.,0.,1.));
#2853=DIRECTION('',(0.,1.,0.));
#2854=DIRECTION('center_axis',(0.,-1.,0.));
#2855=DIRECTION('ref_axis',(1.,0.,0.));
#2856=DIRECTION('',(0.,-1.,0.));
#2857=DIRECTION('center_axis',(0.408248290463859,-0.816496580927726,0.408248290463867));
#2858=DIRECTION('ref_axis',(0.577350269189623,0.577350269189623,0.577350269189631));
#2859=DIRECTION('center_axis',(0.,0.,1.));
#2860=DIRECTION('ref_axis',(0.707106781186552,0.707106781186543,0.));
#2861=DIRECTION('center_axis',(-0.40824829046386,-0.816496580927727,-0.408248290463864));
#2862=DIRECTION('ref_axis',(0.577350269189622,-0.577350269189626,0.577350269189629));
#2863=DIRECTION('center_axis',(0.,0.,1.));
#2864=DIRECTION('ref_axis',(0.707106781186549,-0.707106781186546,0.));
#2865=DIRECTION('center_axis',(0.,0.,1.));
#2866=DIRECTION('ref_axis',(-0.707106781186548,0.707106781186548,0.));
#2867=DIRECTION('center_axis',(0.,0.,-1.));
#2868=DIRECTION('ref_axis',(-0.707106781186548,0.707106781186547,0.));
#2869=DIRECTION('',(0.,0.,1.));
#2870=DIRECTION('center_axis',(0.,0.,1.));
#2871=DIRECTION('ref_axis',(0.707106781186554,0.707106781186541,0.));
#2872=DIRECTION('',(0.,0.,-1.));
#2873=DIRECTION('center_axis',(0.,0.,1.));
#2874=DIRECTION('ref_axis',(1.,0.,0.));
#2875=DIRECTION('center_axis',(1.,0.,0.));
#2876=DIRECTION('ref_axis',(0.,1.,0.));
#2877=DIRECTION('',(0.,0.,1.));
#2878=DIRECTION('',(0.,-1.,0.));
#2879=DIRECTION('center_axis',(0.,0.,1.));
#2880=DIRECTION('ref_axis',(1.,0.,0.));
#2881=DIRECTION('',(0.,1.,0.));
#2882=DIRECTION('',(0.,-1.,0.));
#2883=DIRECTION('',(-1.,0.,0.));
#2884=DIRECTION('center_axis',(0.,-1.,0.));
#2885=DIRECTION('ref_axis',(0.707106781186553,0.,-0.707106781186543));
#2886=DIRECTION('center_axis',(0.,-1.,0.));
#2887=DIRECTION('ref_axis',(0.,0.,-1.));
#2888=DIRECTION('center_axis',(0.,1.,0.));
#2889=DIRECTION('ref_axis',(1.,0.,0.));
#2890=DIRECTION('',(0.,1.,0.));
#2891=DIRECTION('center_axis',(0.,0.,1.));
#2892=DIRECTION('ref_axis',(0.707106781186553,-0.707106781186542,0.));
#2893=DIRECTION('',(0.,0.,-1.));
#2894=DIRECTION('center_axis',(0.,0.,1.));
#2895=DIRECTION('ref_axis',(0.,-1.,0.));
#2896=DIRECTION('center_axis',(-0.40824829046386,-0.816496580927727,0.408248290463864));
#2897=DIRECTION('ref_axis',(0.577350269189623,-0.577350269189627,-0.577350269189627));
#2898=DIRECTION('center_axis',(1.,0.,0.));
#2899=DIRECTION('ref_axis',(0.,-0.707106781186547,-0.707106781186548));
#2900=DIRECTION('center_axis',(0.40824829046386,-0.816496580927727,-0.408248290463864));
#2901=DIRECTION('ref_axis',(0.577350269189624,0.577350269189624,-0.577350269189629));
#2902=DIRECTION('center_axis',(1.,0.,0.));
#2903=DIRECTION('ref_axis',(0.,0.707106781186546,-0.707106781186549));
#2904=DIRECTION('center_axis',(1.,0.,0.));
#2905=DIRECTION('ref_axis',(0.,0.707106781186546,-0.707106781186549));
#2906=DIRECTION('',(-1.,0.,0.));
#2907=DIRECTION('center_axis',(1.,0.,0.));
#2908=DIRECTION('ref_axis',(0.,0.,-1.));
#2909=DIRECTION('center_axis',(0.,0.,1.));
#2910=DIRECTION('ref_axis',(1.,0.,0.));
#2911=DIRECTION('',(1.,0.,0.));
#2912=DIRECTION('',(0.,-1.,0.));
#2913=DIRECTION('center_axis',(-1.,0.,0.));
#2914=DIRECTION('ref_axis',(0.,-0.707106781186547,-0.707106781186548));
#2915=DIRECTION('',(-1.,0.,0.));
#2916=DIRECTION('center_axis',(1.,-1.11022302462516E-15,0.));
#2917=DIRECTION('ref_axis',(-1.11022302462516E-15,-1.,0.));
#2918=DIRECTION('center_axis',(0.,-1.,0.));
#2919=DIRECTION('ref_axis',(1.,0.,0.));
#2920=DIRECTION('',(0.,0.,1.));
#2921=DIRECTION('center_axis',(0.,1.,0.));
#2922=DIRECTION('ref_axis',(-0.707106781186548,0.,-0.707106781186547));
#2923=DIRECTION('center_axis',(4.44089209850062E-15,1.,0.));
#2924=DIRECTION('ref_axis',(0.,0.,-1.));
#2925=DIRECTION('',(0.,1.,0.));
#2926=DIRECTION('center_axis',(0.,-1.,0.));
#2927=DIRECTION('ref_axis',(-1.,0.,0.));
#2928=DIRECTION('center_axis',(-0.816496580927727,0.408248290463863,0.408248290463861));
#2929=DIRECTION('ref_axis',(-0.577350269189624,-0.577350269189628,-0.577350269189625));
#2930=DIRECTION('center_axis',(0.,0.,-1.));
#2931=DIRECTION('ref_axis',(-0.707106781186547,-0.707106781186548,0.));
#2932=DIRECTION('center_axis',(-0.408248290463862,-0.816496580927726,-0.408248290463863));
#2933=DIRECTION('ref_axis',(-0.577350269189626,0.577350269189623,-0.577350269189628));
#2934=DIRECTION('center_axis',(-1.,0.,0.));
#2935=DIRECTION('ref_axis',(0.,-1.,0.));
#2936=DIRECTION('',(0.,0.,-1.));
#2937=DIRECTION('center_axis',(0.,0.,1.));
#2938=DIRECTION('ref_axis',(-0.707106781186547,-0.707106781186548,0.));
#2939=DIRECTION('center_axis',(0.,-1.,0.));
#2940=DIRECTION('ref_axis',(0.,0.,-1.));
#2941=DIRECTION('',(-1.,0.,-8.41873526321599E-9));
#2942=DIRECTION('',(0.,0.,1.));
#2943=DIRECTION('',(1.,0.,0.));
#2944=DIRECTION('',(0.,0.,-1.));
#2945=DIRECTION('',(-1.,0.,0.));
#2946=DIRECTION('',(0.,0.,1.));
#2947=DIRECTION('center_axis',(8.41873526321599E-9,0.,-1.));
#2948=DIRECTION('ref_axis',(1.,0.,8.41873526321599E-9));
#2949=DIRECTION('',(1.,0.,8.41873526321599E-9));
#2950=DIRECTION('',(0.,-1.,0.));
#2951=DIRECTION('center_axis',(-1.,0.,0.));
#2952=DIRECTION('ref_axis',(0.,0.,-1.));
#2953=DIRECTION('',(0.,0.,-1.));
#2954=DIRECTION('',(0.,-1.,0.));
#2955=DIRECTION('',(0.,-1.,0.));
#2956=DIRECTION('center_axis',(0.,1.,0.));
#2957=DIRECTION('ref_axis',(-1.,0.,0.));
#2958=DIRECTION('',(-1.,0.,0.));
#2959=DIRECTION('',(0.,0.,-1.));
#2960=DIRECTION('',(-1.,0.,0.));
#2961=DIRECTION('',(0.,0.,1.));
#2962=DIRECTION('',(-1.,0.,0.));
#2963=DIRECTION('',(0.,0.,1.));
#2964=DIRECTION('',(0.,0.,1.));
#2965=DIRECTION('',(-1.,0.,0.));
#2966=DIRECTION('',(1.,0.,0.));
#2967=DIRECTION('',(0.,0.,1.));
#2968=DIRECTION('center_axis',(0.,0.,-1.));
#2969=DIRECTION('ref_axis',(1.,0.,0.));
#2970=DIRECTION('',(0.,-1.,0.));
#2971=DIRECTION('center_axis',(0.,0.,1.));
#2972=DIRECTION('ref_axis',(-1.,0.,0.));
#2973=DIRECTION('',(0.,-1.,0.));
#2974=DIRECTION('center_axis',(1.,0.,0.));
#2975=DIRECTION('ref_axis',(0.,0.,1.));
#2976=DIRECTION('',(0.,0.,1.));
#2977=DIRECTION('center_axis',(0.,-1.,0.));
#2978=DIRECTION('ref_axis',(0.,0.,-1.));
#2979=DIRECTION('center_axis',(0.,0.,1.));
#2980=DIRECTION('ref_axis',(1.,0.,0.));
#2981=DIRECTION('center_axis',(0.,0.,-1.));
#2982=DIRECTION('ref_axis',(1.,0.,0.));
#2983=DIRECTION('',(0.857167300702112,-1.04972719113862E-16,-0.515038074910054));
#2984=DIRECTION('center_axis',(0.,0.,-1.));
#2985=DIRECTION('ref_axis',(1.,0.,0.));
#2986=DIRECTION('center_axis',(0.,0.,-1.));
#2987=DIRECTION('ref_axis',(1.,0.,0.));
#2988=DIRECTION('',(0.,0.,-1.));
#2989=DIRECTION('center_axis',(0.,0.,1.));
#2990=DIRECTION('ref_axis',(1.,0.,0.));
#2991=DIRECTION('center_axis',(0.,0.,-1.));
#2992=DIRECTION('ref_axis',(1.,0.,0.));
#2993=DIRECTION('',(0.857167300702112,-1.04972719113862E-16,-0.515038074910054));
#2994=DIRECTION('center_axis',(0.,0.,-1.));
#2995=DIRECTION('ref_axis',(1.,0.,0.));
#2996=DIRECTION('center_axis',(0.,0.,-1.));
#2997=DIRECTION('ref_axis',(1.,0.,0.));
#2998=DIRECTION('',(0.,0.,-1.));
#2999=DIRECTION('center_axis',(0.,0.,1.));
#3000=DIRECTION('ref_axis',(1.,0.,0.));
#3001=DIRECTION('center_axis',(0.,0.,-1.));
#3002=DIRECTION('ref_axis',(1.,0.,0.));
#3003=DIRECTION('',(0.857167300702112,-1.04972719113862E-16,-0.515038074910054));
#3004=DIRECTION('center_axis',(0.,0.,-1.));
#3005=DIRECTION('ref_axis',(1.,0.,0.));
#3006=DIRECTION('center_axis',(0.,0.,-1.));
#3007=DIRECTION('ref_axis',(1.,0.,0.));
#3008=DIRECTION('',(0.,0.,-1.));
#3009=DIRECTION('center_axis',(0.,0.,1.));
#3010=DIRECTION('ref_axis',(1.,0.,0.));
#3011=DIRECTION('center_axis',(0.,0.,-1.));
#3012=DIRECTION('ref_axis',(1.,0.,0.));
#3013=DIRECTION('',(0.857167300702112,-1.04972719113862E-16,-0.515038074910054));
#3014=DIRECTION('center_axis',(0.,0.,-1.));
#3015=DIRECTION('ref_axis',(1.,0.,0.));
#3016=DIRECTION('center_axis',(0.,0.,-1.));
#3017=DIRECTION('ref_axis',(1.,0.,0.));
#3018=DIRECTION('',(0.,0.,-1.));
#3019=DIRECTION('center_axis',(-1.,0.,0.));
#3020=DIRECTION('ref_axis',(0.,-1.,0.));
#3021=DIRECTION('',(0.,1.,0.));
#3022=DIRECTION('',(0.,-1.,0.));
#3023=DIRECTION('',(0.,0.,1.));
#3024=DIRECTION('center_axis',(0.,1.,0.));
#3025=DIRECTION('ref_axis',(-1.,0.,0.));
#3026=DIRECTION('',(1.,0.,0.));
#3027=DIRECTION('',(-1.,0.,0.));
#3028=DIRECTION('',(0.,0.,1.));
#3029=DIRECTION('center_axis',(0.,0.,1.));
#3030=DIRECTION('ref_axis',(1.,0.,0.));
#3031=DIRECTION('',(0.,-1.,0.));
#3032=DIRECTION('center_axis',(0.,0.,1.));
#3033=DIRECTION('ref_axis',(1.,0.,0.));
#3034=DIRECTION('',(0.,-1.,0.));
#3035=DIRECTION('',(-1.,0.,0.));
#3036=DIRECTION('',(0.,1.,0.));
#3037=DIRECTION('',(0.,-1.,0.));
#3038=DIRECTION('',(-1.,0.,0.));
#3039=DIRECTION('',(0.,1.,0.));
#3040=DIRECTION('',(1.,0.,0.));
#3041=DIRECTION('',(0.,-1.,0.));
#3042=DIRECTION('center_axis',(0.,-1.,0.));
#3043=DIRECTION('ref_axis',(1.,0.,0.));
#3044=DIRECTION('',(0.,0.,-1.));
#3045=DIRECTION('',(1.,0.,0.));
#3046=DIRECTION('',(0.,0.,1.));
#3047=DIRECTION('center_axis',(-1.,0.,0.));
#3048=DIRECTION('ref_axis',(0.,-1.,0.));
#3049=DIRECTION('',(0.,-1.,0.));
#3050=DIRECTION('center_axis',(0.,0.,1.));
#3051=DIRECTION('ref_axis',(1.,0.,0.));
#3052=DIRECTION('',(0.,-1.,0.));
#3053=DIRECTION('center_axis',(0.,1.,0.));
#3054=DIRECTION('ref_axis',(-1.,0.,0.));
#3055=DIRECTION('',(0.,0.,-1.));
#3056=DIRECTION('',(-1.,0.,0.));
#3057=DIRECTION('',(0.,0.,1.));
#3058=DIRECTION('center_axis',(1.,0.,0.));
#3059=DIRECTION('ref_axis',(0.,1.,0.));
#3060=DIRECTION('',(0.,1.,0.));
#3061=DIRECTION('center_axis',(0.,0.,1.));
#3062=DIRECTION('ref_axis',(1.,0.,0.));
#3063=DIRECTION('',(0.,1.,0.));
#3064=DIRECTION('center_axis',(1.,0.,0.));
#3065=DIRECTION('ref_axis',(0.,1.,0.));
#3066=DIRECTION('',(0.,0.,1.));
#3067=DIRECTION('',(0.,1.,0.));
#3068=DIRECTION('',(0.,0.,1.));
#3069=DIRECTION('center_axis',(1.,0.,0.));
#3070=DIRECTION('ref_axis',(0.,1.,0.));
#3071=DIRECTION('',(0.,1.,0.));
#3072=DIRECTION('',(0.,0.,1.));
#3073=DIRECTION('center_axis',(0.,-1.,0.));
#3074=DIRECTION('ref_axis',(1.,0.,0.));
#3075=DIRECTION('',(1.,0.,0.));
#3076=DIRECTION('center_axis',(0.,0.,1.));
#3077=DIRECTION('ref_axis',(1.,0.,0.));
#3078=DIRECTION('center_axis',(-1.,0.,0.));
#3079=DIRECTION('ref_axis',(0.,-1.,0.));
#3080=CARTESIAN_POINT('',(0.,0.,0.));
#3081=CARTESIAN_POINT('Origin',(52.0000007748604,55.,22.0000003278255));
#3082=CARTESIAN_POINT('',(52.0000007748604,55.,22.0000003278255));
#3083=CARTESIAN_POINT('',(52.0000007748604,55.,27.5959908921819));
#3084=CARTESIAN_POINT('',(52.0000007748604,55.,11.0000001639128));
#3085=CARTESIAN_POINT('',(52.0000007748604,50.,22.0000003278255));
#3086=CARTESIAN_POINT('',(52.0000007748604,55.,22.0000003278255));
#3087=CARTESIAN_POINT('',(52.0000007748604,50.,27.5959908921819));
#3088=CARTESIAN_POINT('',(52.0000007748604,50.,11.0000001639128));
#3089=CARTESIAN_POINT('',(52.0000007748604,55.,27.5959908921819));
#3090=CARTESIAN_POINT('Origin',(97.,55.,0.));
#3091=CARTESIAN_POINT('',(96.,55.,32.));
#3092=CARTESIAN_POINT('',(-4.,55.,32.));
#3093=CARTESIAN_POINT('',(71.5,55.,32.));
#3094=CARTESIAN_POINT('',(96.,55.,1.));
#3095=CARTESIAN_POINT('',(96.,55.,0.));
#3096=CARTESIAN_POINT('',(-4.,55.,1.));
#3097=CARTESIAN_POINT('',(71.5,55.,1.));
#3098=CARTESIAN_POINT('',(-4.,55.,0.));
#3099=CARTESIAN_POINT('',(40.0000005960464,55.,22.0000003278255));
#3100=CARTESIAN_POINT('',(69.5410817023981,55.,22.0000003278255));
#3101=CARTESIAN_POINT('',(40.0000005960464,55.,27.5959908921819));
#3102=CARTESIAN_POINT('',(69.5410817023981,55.,27.5959908921819));
#3103=CARTESIAN_POINT('',(40.0000005960464,55.,13.797995446091));
#3104=CARTESIAN_POINT('Origin',(40.0000005960464,55.,27.5959908921819));
#3105=CARTESIAN_POINT('',(40.0000005960464,50.,27.5959908921819));
#3106=CARTESIAN_POINT('',(40.0000005960464,55.,27.5959908921819));
#3107=CARTESIAN_POINT('',(40.0000005960464,50.,22.0000003278255));
#3108=CARTESIAN_POINT('',(40.0000005960464,50.,13.797995446091));
#3109=CARTESIAN_POINT('',(40.0000005960464,55.,22.0000003278255));
#3110=CARTESIAN_POINT('Origin',(0.,50.,0.));
#3111=CARTESIAN_POINT('',(85.0000013709068,50.,30.));
#3112=CARTESIAN_POINT('',(92.0000013709068,50.,30.));
#3113=CARTESIAN_POINT('',(44.2500006854534,50.,30.));
#3114=CARTESIAN_POINT('',(92.,50.,33.));
#3115=CARTESIAN_POINT('',(92.,50.,0.));
#3116=CARTESIAN_POINT('',(0.,50.,33.));
#3117=CARTESIAN_POINT('',(92.,50.,33.));
#3118=CARTESIAN_POINT('',(0.,50.,30.));
#3119=CARTESIAN_POINT('',(0.,50.,0.));
#3120=CARTESIAN_POINT('',(7.,50.,30.));
#3121=CARTESIAN_POINT('',(1.75,50.,30.));
#3122=CARTESIAN_POINT('',(7.,50.,3.));
#3123=CARTESIAN_POINT('',(7.,50.,1.5));
#3124=CARTESIAN_POINT('',(85.0000013709068,50.,3.));
#3125=CARTESIAN_POINT('',(23.0000003427267,50.,3.));
#3126=CARTESIAN_POINT('',(85.0000013709068,50.,1.5));
#3127=CARTESIAN_POINT('',(21.0410817023981,50.,22.0000003278255));
#3128=CARTESIAN_POINT('',(21.0410817023981,50.,27.5959908921819));
#3129=CARTESIAN_POINT('Origin',(42.0821634047962,55.,22.0000003278255));
#3130=CARTESIAN_POINT('Origin',(50.0000007450581,55.,27.5959908921819));
#3131=CARTESIAN_POINT('Ctrl Pts',(-5.,19.0000002980232,4.00000007450581));
#3132=CARTESIAN_POINT('Ctrl Pts',(-5.,19.4487992485361,4.22439954976222));
#3133=CARTESIAN_POINT('Ctrl Pts',(-4.86902127632571,20.194184124371,4.5970919876797));
#3134=CARTESIAN_POINT('Ctrl Pts',(-4.44832555999321,20.8632311055039,4.93161547824615));
#3135=CARTESIAN_POINT('Ctrl Pts',(-4.14959965017094,21.0000002980232,5.00000007450581));
#3136=CARTESIAN_POINT('Ctrl Pts',(-4.,21.0000002980232,5.00000007450581));
#3137=CARTESIAN_POINT('Ctrl Pts',(-5.,19.0000002980232,4.00000007450581));
#3138=CARTESIAN_POINT('Ctrl Pts',(-5.,19.4060564913444,4.26714230695392));
#3139=CARTESIAN_POINT('Ctrl Pts',(-4.80940362992941,20.0808272938024,4.70929660253236));
#3140=CARTESIAN_POINT('Ctrl Pts',(-4.32461772649496,20.6166683152013,4.9816943920527));
#3141=CARTESIAN_POINT('Ctrl Pts',(-4.10416750667096,20.7008009976813,5.00000007450581));
#3142=CARTESIAN_POINT('Ctrl Pts',(-4.,20.7008009976813,5.00000007450581));
#3143=CARTESIAN_POINT('Ctrl Pts',(-5.,19.0000002980232,4.00000007450581));
#3144=CARTESIAN_POINT('Ctrl Pts',(-5.,19.3312566662589,4.34194213203939));
#3145=CARTESIAN_POINT('Ctrl Pts',(-4.76526247623145,19.8803214930267,4.90924010461752));
#3146=CARTESIAN_POINT('Ctrl Pts',(-4.21991784347626,20.1869426525014,5.24600100909943));
#3147=CARTESIAN_POINT('Ctrl Pts',(-4.06513550755077,20.1827647821043,5.25109959573244));
#3148=CARTESIAN_POINT('Ctrl Pts',(-4.,20.1827647821043,5.25109959573244));
#3149=CARTESIAN_POINT('Ctrl Pts',(-5.,19.0000002980232,4.00000007450581));
#3150=CARTESIAN_POINT('Ctrl Pts',(-5.,19.2564568411734,4.41674195712486));
#3151=CARTESIAN_POINT('Ctrl Pts',(-4.82405135189526,19.6806155113033,5.10859898685511));
#3152=CARTESIAN_POINT('Ctrl Pts',(-4.35616945778443,19.969061615762,5.67820104855568));
#3153=CARTESIAN_POINT('Ctrl Pts',(-4.11597665080513,20.0000002980232,5.77560059924939));
#3154=CARTESIAN_POINT('Ctrl Pts',(-4.,20.0000002980232,5.77560059924939));
#3155=CARTESIAN_POINT('Ctrl Pts',(-5.,19.0000002980232,4.00000007450581));
#3156=CARTESIAN_POINT('Ctrl Pts',(-5.,19.2243997732796,4.44879902501863));
#3157=CARTESIAN_POINT('Ctrl Pts',(-4.86902127632571,19.5970922111971,5.1941839008536));
#3158=CARTESIAN_POINT('Ctrl Pts',(-4.44832555999321,19.9316157017636,5.8632308819865));
#3159=CARTESIAN_POINT('Ctrl Pts',(-4.14959965017094,20.0000002980232,6.00000007450581));
#3160=CARTESIAN_POINT('Ctrl Pts',(-4.,20.0000002980232,6.00000007450581));
#3161=CARTESIAN_POINT('',(-4.,20.0000002980232,6.00000007450581));
#3162=CARTESIAN_POINT('',(-4.,21.0000002980232,5.00000007450581));
#3163=CARTESIAN_POINT('Origin',(-4.,21.0000002980232,6.00000007450581));
#3164=CARTESIAN_POINT('',(-5.,19.0000002980232,4.00000007450581));
#3165=CARTESIAN_POINT('Origin',(-4.,19.0000002980232,4.00000007450581));
#3166=CARTESIAN_POINT('Origin',(-4.,19.0000002980232,4.00000007450581));
#3167=CARTESIAN_POINT('Origin',(-5.,21.0000002980232,6.00000007450581));
#3168=CARTESIAN_POINT('',(-1.,20.0000002980232,6.00000007450581));
#3169=CARTESIAN_POINT('',(-1.,21.0000002980232,5.00000007450581));
#3170=CARTESIAN_POINT('Origin',(-1.,21.0000002980232,6.00000007450581));
#3171=CARTESIAN_POINT('',(-5.,21.0000002980232,5.00000007450581));
#3172=CARTESIAN_POINT('',(-5.,20.0000002980232,6.00000007450581));
#3173=CARTESIAN_POINT('Origin',(-1.,19.0000002980232,6.00000007450581));
#3174=CARTESIAN_POINT('',(0.,19.0000002980232,6.00000007450581));
#3175=CARTESIAN_POINT('',(0.,20.7320511055921,5.00000007450581));
#3176=CARTESIAN_POINT('Ctrl Pts',(0.,19.0000002980232,6.00000007450581));
#3177=CARTESIAN_POINT('Ctrl Pts',(0.,19.2770985201042,5.72290185242485));
#3178=CARTESIAN_POINT('Ctrl Pts',(0.,19.6152235702272,5.39608735831708));
#3179=CARTESIAN_POINT('Ctrl Pts',(0.,20.1847307711741,5.08957207440357));
#3180=CARTESIAN_POINT('Ctrl Pts',(0.,20.4771736837165,5.00000007450581));
#3181=CARTESIAN_POINT('Ctrl Pts',(0.,20.7320511055921,5.00000007450581));
#3182=CARTESIAN_POINT('Origin',(-1.,19.0000002980232,5.00000007450581));
#3183=CARTESIAN_POINT('Origin',(-1.,19.0000002980232,6.00000007450581));
#3184=CARTESIAN_POINT('Origin',(-1.,19.0000002980232,12.5000001862645));
#3185=CARTESIAN_POINT('',(-1.,20.0000002980232,24.000000372529));
#3186=CARTESIAN_POINT('',(-1.,20.0000002980232,12.5000001862645));
#3187=CARTESIAN_POINT('',(0.,19.0000002980232,24.000000372529));
#3188=CARTESIAN_POINT('Origin',(-1.,19.0000002980232,24.000000372529));
#3189=CARTESIAN_POINT('',(0.,19.0000002980232,12.5000001862645));
#3190=CARTESIAN_POINT('Origin',(-5.,20.0000002980232,25.000000372529));
#3191=CARTESIAN_POINT('',(-4.,20.0000002980232,24.000000372529));
#3192=CARTESIAN_POINT('',(-4.,20.0000002980232,12.5000001862645));
#3193=CARTESIAN_POINT('',(-5.,20.0000002980232,24.000000372529));
#3194=CARTESIAN_POINT('Origin',(-4.,19.0000002980232,12.5000001862645));
#3195=CARTESIAN_POINT('',(-5.,19.0000002980232,26.000000372529));
#3196=CARTESIAN_POINT('',(-5.,19.0000002980232,12.5000001862645));
#3197=CARTESIAN_POINT('Origin',(-4.,19.0000002980232,26.000000372529));
#3198=CARTESIAN_POINT('Origin',(-1.,19.0000002980232,24.000000372529));
#3199=CARTESIAN_POINT('',(-1.,21.0000002980232,25.000000372529));
#3200=CARTESIAN_POINT('Origin',(-1.,21.0000002980232,24.000000372529));
#3201=CARTESIAN_POINT('',(0.,20.7320511055921,25.000000372529));
#3202=CARTESIAN_POINT('Origin',(-1.,19.0000002980232,25.000000372529));
#3203=CARTESIAN_POINT('Ctrl Pts',(0.,20.7320511055921,25.000000372529));
#3204=CARTESIAN_POINT('Ctrl Pts',(0.,20.4771736837165,25.000000372529));
#3205=CARTESIAN_POINT('Ctrl Pts',(0.,20.1847307711741,24.9104283726313));
#3206=CARTESIAN_POINT('Ctrl Pts',(0.,19.6152235702272,24.6039130887177));
#3207=CARTESIAN_POINT('Ctrl Pts',(0.,19.2770985201042,24.27709859461));
#3208=CARTESIAN_POINT('Ctrl Pts',(0.,19.0000002980232,24.000000372529));
#3209=CARTESIAN_POINT('Origin',(-5.,21.0000002980232,24.000000372529));
#3210=CARTESIAN_POINT('',(-4.,21.0000002980232,25.000000372529));
#3211=CARTESIAN_POINT('Origin',(-4.,21.0000002980232,24.000000372529));
#3212=CARTESIAN_POINT('',(-5.,21.0000002980232,25.000000372529));
#3213=CARTESIAN_POINT('Ctrl Pts',(-4.,21.0000002980232,25.000000372529));
#3214=CARTESIAN_POINT('Ctrl Pts',(-4.14959965017094,21.0000002980232,25.000000372529));
#3215=CARTESIAN_POINT('Ctrl Pts',(-4.37293919903139,20.8963099611906,25.0518455409454));
#3216=CARTESIAN_POINT('Ctrl Pts',(-4.82136000335196,20.3378997367923,25.3310506531445));
#3217=CARTESIAN_POINT('Ctrl Pts',(-5.,19.598398898707,25.7008010721871));
#3218=CARTESIAN_POINT('Ctrl Pts',(-5.,19.0000002980232,26.000000372529));
#3219=CARTESIAN_POINT('Ctrl Pts',(-4.,20.7008009976813,25.000000372529));
#3220=CARTESIAN_POINT('Ctrl Pts',(-4.10416750667096,20.7008009976813,25.000000372529));
#3221=CARTESIAN_POINT('Ctrl Pts',(-4.26754785054331,20.6346327720664,25.0179948704414));
#3222=CARTESIAN_POINT('Ctrl Pts',(-4.73426358879824,20.2051822007953,25.2170151508111));
#3223=CARTESIAN_POINT('Ctrl Pts',(-5.,19.5414085557847,25.6438107292649));
#3224=CARTESIAN_POINT('Ctrl Pts',(-5.,19.0000002980232,26.000000372529));
#3225=CARTESIAN_POINT('Ctrl Pts',(-4.,20.1828653531143,24.7488170322767));
#3226=CARTESIAN_POINT('Ctrl Pts',(-4.06513550755077,20.1828653531143,24.7488170322767));
#3227=CARTESIAN_POINT('Ctrl Pts',(-4.17743874927365,20.1797782371847,24.7584939859233));
#3228=CARTESIAN_POINT('Ctrl Pts',(-4.66714034935453,19.9696267719412,24.9964763511618));
#3229=CARTESIAN_POINT('Ctrl Pts',(-5.,19.4416754556708,25.5440776291509));
#3230=CARTESIAN_POINT('Ctrl Pts',(-5.,19.0000002980232,26.000000372529));
#3231=CARTESIAN_POINT('Ctrl Pts',(-4.,20.0000002980232,24.2243998477854));
#3232=CARTESIAN_POINT('Ctrl Pts',(-4.11597665080514,20.0000002980232,24.2243998477854));
#3233=CARTESIAN_POINT('Ctrl Pts',(-4.29456105176431,19.973540645053,24.2999555711954));
#3234=CARTESIAN_POINT('Ctrl Pts',(-4.75594864789046,19.7534531177042,24.7625639040406));
#3235=CARTESIAN_POINT('Ctrl Pts',(-5.,19.3419423555568,25.444344529037));
#3236=CARTESIAN_POINT('Ctrl Pts',(-5.,19.0000002980232,26.000000372529));
#3237=CARTESIAN_POINT('Ctrl Pts',(-4.,20.0000002980232,24.000000372529));
#3238=CARTESIAN_POINT('Ctrl Pts',(-4.14959965017094,20.0000002980232,24.000000372529));
#3239=CARTESIAN_POINT('Ctrl Pts',(-4.37293919903139,19.9481551296069,24.1036907093617));
#3240=CARTESIAN_POINT('Ctrl Pts',(-4.82136000335196,19.6689500174078,24.6621009337599));
#3241=CARTESIAN_POINT('Ctrl Pts',(-5.,19.2991995983651,25.4016017718453));
#3242=CARTESIAN_POINT('Ctrl Pts',(-5.,19.0000002980232,26.000000372529));
#3243=CARTESIAN_POINT('Origin',(-4.,19.0000002980232,26.000000372529));
#3244=CARTESIAN_POINT('Origin',(-4.,40.0000001862645,26.000000372529));
#3245=CARTESIAN_POINT('',(-5.,26.000000372529,26.000000372529));
#3246=CARTESIAN_POINT('',(-5.,40.0000001862645,26.000000372529));
#3247=CARTESIAN_POINT('',(-4.,24.000000372529,25.000000372529));
#3248=CARTESIAN_POINT('Origin',(-4.,26.000000372529,26.000000372529));
#3249=CARTESIAN_POINT('',(-4.,40.0000001862645,25.000000372529));
#3250=CARTESIAN_POINT('Ctrl Pts',(-5.,26.000000372529,26.000000372529));
#3251=CARTESIAN_POINT('Ctrl Pts',(-5.,25.5512014220162,25.7756008972726));
#3252=CARTESIAN_POINT('Ctrl Pts',(-4.86892956871081,24.8058862962783,25.4029433344037));
#3253=CARTESIAN_POINT('Ctrl Pts',(-4.44829173094089,24.1368219045456,25.0684111385373));
#3254=CARTESIAN_POINT('Ctrl Pts',(-4.14959965017094,24.000000372529,25.000000372529));
#3255=CARTESIAN_POINT('Ctrl Pts',(-4.,24.000000372529,25.000000372529));
#3256=CARTESIAN_POINT('Ctrl Pts',(-5.,26.000000372529,26.000000372529));
#3257=CARTESIAN_POINT('Ctrl Pts',(-5.,25.5939441792079,25.7328581400809));
#3258=CARTESIAN_POINT('Ctrl Pts',(-4.80917926521377,24.9190203475427,25.2903612829768));
#3259=CARTESIAN_POINT('Ctrl Pts',(-4.32455302625807,24.3832000316812,25.0180346537654));
#3260=CARTESIAN_POINT('Ctrl Pts',(-4.10416750667096,24.2991996728709,25.000000372529));
#3261=CARTESIAN_POINT('Ctrl Pts',(-4.,24.2991996728709,25.000000372529));
#3262=CARTESIAN_POINT('Ctrl Pts',(-5.,26.000000372529,26.000000372529));
#3263=CARTESIAN_POINT('Ctrl Pts',(-5.,25.6687440042934,25.6580583149954));
#3264=CARTESIAN_POINT('Ctrl Pts',(-4.76512478559007,25.1195074217479,25.0906325749189));
#3265=CARTESIAN_POINT('Ctrl Pts',(-4.22033754894453,24.8127576508327,24.7537386448226));
#3266=CARTESIAN_POINT('Ctrl Pts',(-4.06513550755077,24.817115503935,24.7488005190835));
#3267=CARTESIAN_POINT('Ctrl Pts',(-4.,24.817115503935,24.7488005190835));
#3268=CARTESIAN_POINT('Ctrl Pts',(-5.,26.000000372529,26.000000372529));
#3269=CARTESIAN_POINT('Ctrl Pts',(-5.,25.7435438293788,25.58325848991));
#3270=CARTESIAN_POINT('Ctrl Pts',(-4.82388585942581,25.3192880513281,24.8914408825154));
#3271=CARTESIAN_POINT('Ctrl Pts',(-4.35623244370371,25.0308162687545,24.3217810633482));
#3272=CARTESIAN_POINT('Ctrl Pts',(-4.11597665080514,25.000000372529,24.2243998477854));
#3273=CARTESIAN_POINT('Ctrl Pts',(-4.,25.000000372529,24.2243998477854));
#3274=CARTESIAN_POINT('Ctrl Pts',(-5.,26.000000372529,26.000000372529));
#3275=CARTESIAN_POINT('Ctrl Pts',(-5.,25.7756008972726,25.5512014220162));
#3276=CARTESIAN_POINT('Ctrl Pts',(-4.86892956871081,25.4029433344037,24.8058862962783));
#3277=CARTESIAN_POINT('Ctrl Pts',(-4.44829173094089,25.0684111385373,24.1368219045456));
#3278=CARTESIAN_POINT('Ctrl Pts',(-4.14959965017094,25.000000372529,24.000000372529));
#3279=CARTESIAN_POINT('Ctrl Pts',(-4.,25.000000372529,24.000000372529));
#3280=CARTESIAN_POINT('',(-4.,25.000000372529,24.000000372529));
#3281=CARTESIAN_POINT('Origin',(-4.,24.000000372529,24.000000372529));
#3282=CARTESIAN_POINT('Origin',(-4.,26.000000372529,26.000000372529));
#3283=CARTESIAN_POINT('Origin',(-5.,24.000000372529,24.000000372529));
#3284=CARTESIAN_POINT('',(-1.,25.000000372529,24.000000372529));
#3285=CARTESIAN_POINT('',(-1.,24.000000372529,25.000000372529));
#3286=CARTESIAN_POINT('Origin',(-1.,24.000000372529,24.000000372529));
#3287=CARTESIAN_POINT('',(-5.,24.000000372529,25.000000372529));
#3288=CARTESIAN_POINT('',(-5.,25.000000372529,24.000000372529));
#3289=CARTESIAN_POINT('Origin',(-1.,26.000000372529,24.000000372529));
#3290=CARTESIAN_POINT('',(0.,26.000000372529,24.000000372529));
#3291=CARTESIAN_POINT('',(0.,24.2679495649602,25.000000372529));
#3292=CARTESIAN_POINT('Ctrl Pts',(0.,26.000000372529,24.000000372529));
#3293=CARTESIAN_POINT('Ctrl Pts',(0.,25.7229021504481,24.27709859461));
#3294=CARTESIAN_POINT('Ctrl Pts',(0.,25.384777100325,24.6039130887177));
#3295=CARTESIAN_POINT('Ctrl Pts',(0.,24.8152698993782,24.9104283726313));
#3296=CARTESIAN_POINT('Ctrl Pts',(0.,24.5228269868357,25.000000372529));
#3297=CARTESIAN_POINT('Ctrl Pts',(0.,24.2679495649602,25.000000372529));
#3298=CARTESIAN_POINT('Origin',(-1.,26.000000372529,25.000000372529));
#3299=CARTESIAN_POINT('Origin',(-1.,26.000000372529,24.000000372529));
#3300=CARTESIAN_POINT('Origin',(-1.,26.000000372529,2.5000000372529));
#3301=CARTESIAN_POINT('',(-1.,25.000000372529,6.00000007450581));
#3302=CARTESIAN_POINT('',(-1.,25.000000372529,2.5000000372529));
#3303=CARTESIAN_POINT('',(0.,26.000000372529,6.00000007450581));
#3304=CARTESIAN_POINT('Origin',(-1.,26.000000372529,6.00000007450581));
#3305=CARTESIAN_POINT('',(0.,26.000000372529,2.5000000372529));
#3306=CARTESIAN_POINT('Origin',(-5.,25.000000372529,5.00000007450581));
#3307=CARTESIAN_POINT('',(-4.,25.000000372529,6.00000007450581));
#3308=CARTESIAN_POINT('',(-4.,25.000000372529,2.5000000372529));
#3309=CARTESIAN_POINT('',(-5.,25.000000372529,6.00000007450581));
#3310=CARTESIAN_POINT('Origin',(-4.,26.000000372529,2.5000000372529));
#3311=CARTESIAN_POINT('',(-5.,26.000000372529,4.00000007450581));
#3312=CARTESIAN_POINT('',(-5.,26.000000372529,2.5000000372529));
#3313=CARTESIAN_POINT('Origin',(-4.,26.000000372529,4.00000007450581));
#3314=CARTESIAN_POINT('Origin',(-1.,26.000000372529,6.00000007450581));
#3315=CARTESIAN_POINT('',(-1.,24.000000372529,5.00000007450581));
#3316=CARTESIAN_POINT('Origin',(-1.,24.000000372529,6.00000007450581));
#3317=CARTESIAN_POINT('',(0.,24.2679495649602,5.00000007450581));
#3318=CARTESIAN_POINT('Origin',(-1.,26.000000372529,5.00000007450581));
#3319=CARTESIAN_POINT('Ctrl Pts',(0.,24.2679495649602,5.00000007450581));
#3320=CARTESIAN_POINT('Ctrl Pts',(-1.52561680168729E-17,24.5228269868357,
5.00000007450581));
#3321=CARTESIAN_POINT('Ctrl Pts',(0.,24.8152698993782,5.08957207440357));
#3322=CARTESIAN_POINT('Ctrl Pts',(0.,25.384777100325,5.39608735831708));
#3323=CARTESIAN_POINT('Ctrl Pts',(0.,25.7229021504481,5.72290185242485));
#3324=CARTESIAN_POINT('Ctrl Pts',(0.,26.000000372529,6.00000007450581));
#3325=CARTESIAN_POINT('Origin',(-5.,24.000000372529,6.00000007450581));
#3326=CARTESIAN_POINT('',(-4.,24.000000372529,5.00000007450581));
#3327=CARTESIAN_POINT('Origin',(-4.,24.000000372529,6.00000007450581));
#3328=CARTESIAN_POINT('',(-5.,24.000000372529,5.00000007450581));
#3329=CARTESIAN_POINT('Ctrl Pts',(-4.,24.000000372529,5.00000007450581));
#3330=CARTESIAN_POINT('Ctrl Pts',(-4.14959965017094,24.000000372529,5.00000007450581));
#3331=CARTESIAN_POINT('Ctrl Pts',(-4.37298095278104,24.1036248254589,4.94818784804085));
#3332=CARTESIAN_POINT('Ctrl Pts',(-4.82146631979584,24.6619727888415,4.66901386634956));
#3333=CARTESIAN_POINT('Ctrl Pts',(-5.,25.4016017718453,4.29919937484769));
#3334=CARTESIAN_POINT('Ctrl Pts',(-5.,26.000000372529,4.00000007450581));
#3335=CARTESIAN_POINT('Ctrl Pts',(-4.,24.2991996728709,5.00000007450581));
#3336=CARTESIAN_POINT('Ctrl Pts',(-4.10416750667096,24.2991996728709,5.00000007450581));
#3337=CARTESIAN_POINT('Ctrl Pts',(-4.2676459992097,24.3653459677504,4.98198395600149));
#3338=CARTESIAN_POINT('Ctrl Pts',(-4.73453969856051,24.794711633041,4.78305598761971));
#3339=CARTESIAN_POINT('Ctrl Pts',(-5.,25.4585921147675,4.35618971776996));
#3340=CARTESIAN_POINT('Ctrl Pts',(-5.,26.000000372529,4.00000007450581));
#3341=CARTESIAN_POINT('Ctrl Pts',(-4.,24.8172013929081,5.25112834539444));
#3342=CARTESIAN_POINT('Ctrl Pts',(-4.06513550755077,24.8172013929081,5.25112834539444));
#3343=CARTESIAN_POINT('Ctrl Pts',(-4.17734135848763,24.8201923569567,5.24154845442812));
#3344=CARTESIAN_POINT('Ctrl Pts',(-4.66743328441754,25.0301081947712,5.00379372014516));
#3345=CARTESIAN_POINT('Ctrl Pts',(-5.,25.5583252148815,4.45592281788392));
#3346=CARTESIAN_POINT('Ctrl Pts',(-5.,26.000000372529,4.00000007450581));
#3347=CARTESIAN_POINT('Ctrl Pts',(-4.,25.000000372529,5.77560059924939));
#3348=CARTESIAN_POINT('Ctrl Pts',(-4.11597665080513,25.000000372529,5.77560059924939));
#3349=CARTESIAN_POINT('Ctrl Pts',(-4.29457964463022,25.0264245187427,5.70011751050391));
#3350=CARTESIAN_POINT('Ctrl Pts',(-4.75614553480168,25.246394322208,5.23762508745757));
#3351=CARTESIAN_POINT('Ctrl Pts',(-5.,25.6580583149954,4.55565591799788));
#3352=CARTESIAN_POINT('Ctrl Pts',(-5.,26.000000372529,4.00000007450581));
#3353=CARTESIAN_POINT('Ctrl Pts',(-4.,25.000000372529,6.00000007450581));
#3354=CARTESIAN_POINT('Ctrl Pts',(-4.14959965017094,25.000000372529,6.00000007450581));
#3355=CARTESIAN_POINT('Ctrl Pts',(-4.37298095278104,25.051812598994,5.89637562157589));
#3356=CARTESIAN_POINT('Ctrl Pts',(-4.82146631979583,25.3309865806853,5.33802765819331));
#3357=CARTESIAN_POINT('Ctrl Pts',(-5.,25.7008010721871,4.59839867518958));
#3358=CARTESIAN_POINT('Ctrl Pts',(-5.,26.000000372529,4.00000007450581));
#3359=CARTESIAN_POINT('Origin',(-4.,26.000000372529,4.00000007450581));
#3360=CARTESIAN_POINT('Origin',(-4.,37.5000001490116,4.00000007450581));
#3361=CARTESIAN_POINT('',(-4.,37.5000001490116,5.00000007450581));
#3362=CARTESIAN_POINT('',(-5.,37.5000001490116,4.00000007450581));
#3363=CARTESIAN_POINT('Ctrl Pts',(-5.,29.0000004470348,4.00000007450581));
#3364=CARTESIAN_POINT('Ctrl Pts',(-5.,29.4487993975477,4.22439954976222));
#3365=CARTESIAN_POINT('Ctrl Pts',(-4.86897808824747,30.1941521370228,4.5970759194998));
#3366=CARTESIAN_POINT('Ctrl Pts',(-4.448310653686,30.8632068860135,4.93160329399516));
#3367=CARTESIAN_POINT('Ctrl Pts',(-4.14959965017094,31.0000004470348,5.00000007450581));
#3368=CARTESIAN_POINT('Ctrl Pts',(-4.,31.0000004470348,5.00000007450581));
#3369=CARTESIAN_POINT('Ctrl Pts',(-5.,29.0000004470348,4.00000007450581));
#3370=CARTESIAN_POINT('Ctrl Pts',(-5.,29.406056640356,4.26714230695392));
#3371=CARTESIAN_POINT('Ctrl Pts',(-4.80929748655611,30.0808974813022,4.70945404937906));
#3372=CARTESIAN_POINT('Ctrl Pts',(-4.32459010363265,30.6167304941535,4.98182109859434));
#3373=CARTESIAN_POINT('Ctrl Pts',(-4.10416750667096,30.700801146693,5.00000007450581));
#3374=CARTESIAN_POINT('Ctrl Pts',(-4.,30.700801146693,5.00000007450581));
#3375=CARTESIAN_POINT('Ctrl Pts',(-5.,29.0000004470348,4.00000007450581));
#3376=CARTESIAN_POINT('Ctrl Pts',(-5.,29.3312568152705,4.34194213203939));
#3377=CARTESIAN_POINT('Ctrl Pts',(-4.76518642600499,29.8803956869443,4.90929412939914));
#3378=CARTESIAN_POINT('Ctrl Pts',(-4.22012856679741,30.1870865923116,5.24612622611524));
#3379=CARTESIAN_POINT('Ctrl Pts',(-4.06513550755077,30.1828245241531,5.25114926243382));
#3380=CARTESIAN_POINT('Ctrl Pts',(-4.,30.1828245241531,5.25114926243382));
#3381=CARTESIAN_POINT('Ctrl Pts',(-5.,29.0000004470348,4.00000007450581));
#3382=CARTESIAN_POINT('Ctrl Pts',(-5.,29.256456990185,4.41674195712486));
#3383=CARTESIAN_POINT('Ctrl Pts',(-4.82397010109922,29.6806590672428,5.10857954288782));
#3384=CARTESIAN_POINT('Ctrl Pts',(-4.35620329824129,29.9691201363276,5.67821074104204));
#3385=CARTESIAN_POINT('Ctrl Pts',(-4.11597665080513,30.0000004470348,5.77560059924939));
#3386=CARTESIAN_POINT('Ctrl Pts',(-4.,30.0000004470348,5.77560059924939));
#3387=CARTESIAN_POINT('Ctrl Pts',(-5.,29.0000004470348,4.00000007450581));
#3388=CARTESIAN_POINT('Ctrl Pts',(-5.,29.2243999222912,4.44879902501864));
#3389=CARTESIAN_POINT('Ctrl Pts',(-4.86897808824747,29.5970762920288,5.1941517644938));
#3390=CARTESIAN_POINT('Ctrl Pts',(-4.448310653686,29.9316036665242,5.86320651348452));
#3391=CARTESIAN_POINT('Ctrl Pts',(-4.14959965017094,30.0000004470348,6.00000007450581));
#3392=CARTESIAN_POINT('Ctrl Pts',(-4.,30.0000004470348,6.00000007450581));
#3393=CARTESIAN_POINT('',(-4.,30.0000004470348,6.00000007450581));
#3394=CARTESIAN_POINT('',(-4.,31.0000004470348,5.00000007450581));
#3395=CARTESIAN_POINT('Origin',(-4.,31.0000004470348,6.00000007450581));
#3396=CARTESIAN_POINT('',(-5.,29.0000004470348,4.00000007450581));
#3397=CARTESIAN_POINT('Origin',(-4.,29.0000004470348,4.00000007450581));
#3398=CARTESIAN_POINT('Origin',(-4.,29.0000004470348,4.00000007450581));
#3399=CARTESIAN_POINT('Origin',(-5.,31.0000004470348,6.00000007450581));
#3400=CARTESIAN_POINT('',(-1.,30.0000004470348,6.00000007450581));
#3401=CARTESIAN_POINT('',(-1.,31.0000004470348,5.00000007450581));
#3402=CARTESIAN_POINT('Origin',(-1.,31.0000004470348,6.00000007450581));
#3403=CARTESIAN_POINT('',(-5.,31.0000004470348,5.00000007450581));
#3404=CARTESIAN_POINT('',(-5.,30.0000004470348,6.00000007450581));
#3405=CARTESIAN_POINT('Origin',(-1.,29.0000004470348,6.00000007450581));
#3406=CARTESIAN_POINT('',(0.,29.0000004470348,6.00000007450581));
#3407=CARTESIAN_POINT('',(0.,30.7320512546037,5.00000007450581));
#3408=CARTESIAN_POINT('Ctrl Pts',(0.,29.0000004470348,6.00000007450581));
#3409=CARTESIAN_POINT('Ctrl Pts',(0.,29.2770986691158,5.72290185242485));
#3410=CARTESIAN_POINT('Ctrl Pts',(0.,29.6152237192388,5.39608735831708));
#3411=CARTESIAN_POINT('Ctrl Pts',(0.,30.1847309201857,5.08957207440357));
#3412=CARTESIAN_POINT('Ctrl Pts',(0.,30.4771738327281,5.00000007450581));
#3413=CARTESIAN_POINT('Ctrl Pts',(0.,30.7320512546037,5.00000007450581));
#3414=CARTESIAN_POINT('Origin',(-1.,29.0000004470348,5.00000007450581));
#3415=CARTESIAN_POINT('Origin',(-1.,29.0000004470348,6.00000007450581));
#3416=CARTESIAN_POINT('Origin',(-1.,29.0000004470348,12.5000001862645));
#3417=CARTESIAN_POINT('',(-1.,30.0000004470348,24.000000372529));
#3418=CARTESIAN_POINT('',(-1.,30.0000004470348,12.5000001862645));
#3419=CARTESIAN_POINT('',(0.,29.0000004470348,24.000000372529));
#3420=CARTESIAN_POINT('Origin',(-1.,29.0000004470348,24.000000372529));
#3421=CARTESIAN_POINT('',(0.,29.0000004470348,12.5000001862645));
#3422=CARTESIAN_POINT('Origin',(-5.,30.0000004470348,25.000000372529));
#3423=CARTESIAN_POINT('',(-4.,30.0000004470348,24.000000372529));
#3424=CARTESIAN_POINT('',(-4.,30.0000004470348,12.5000001862645));
#3425=CARTESIAN_POINT('',(-5.,30.0000004470348,24.000000372529));
#3426=CARTESIAN_POINT('Origin',(-4.,29.0000004470348,12.5000001862645));
#3427=CARTESIAN_POINT('',(-5.,29.0000004470348,26.000000372529));
#3428=CARTESIAN_POINT('',(-5.,29.0000004470348,12.5000001862645));
#3429=CARTESIAN_POINT('Origin',(-4.,29.0000004470348,26.000000372529));
#3430=CARTESIAN_POINT('Origin',(-1.,29.0000004470348,24.000000372529));
#3431=CARTESIAN_POINT('',(-1.,31.0000004470348,25.000000372529));
#3432=CARTESIAN_POINT('Origin',(-1.,31.0000004470348,24.000000372529));
#3433=CARTESIAN_POINT('',(0.,30.7320512546037,25.000000372529));
#3434=CARTESIAN_POINT('Origin',(-1.,29.0000004470348,25.000000372529));
#3435=CARTESIAN_POINT('Ctrl Pts',(0.,30.7320512546037,25.000000372529));
#3436=CARTESIAN_POINT('Ctrl Pts',(-1.39805761152806E-17,30.4771738327281,
25.000000372529));
#3437=CARTESIAN_POINT('Ctrl Pts',(0.,30.1847309201857,24.9104283726313));
#3438=CARTESIAN_POINT('Ctrl Pts',(0.,29.6152237192388,24.6039130887177));
#3439=CARTESIAN_POINT('Ctrl Pts',(0.,29.2770986691158,24.27709859461));
#3440=CARTESIAN_POINT('Ctrl Pts',(0.,29.0000004470348,24.000000372529));
#3441=CARTESIAN_POINT('Origin',(-5.,31.0000004470348,24.000000372529));
#3442=CARTESIAN_POINT('',(-4.,31.0000004470348,25.000000372529));
#3443=CARTESIAN_POINT('Origin',(-4.,31.0000004470348,24.000000372529));
#3444=CARTESIAN_POINT('',(-5.,31.0000004470348,25.000000372529));
#3445=CARTESIAN_POINT('Ctrl Pts',(-4.,31.0000004470348,25.000000372529));
#3446=CARTESIAN_POINT('Ctrl Pts',(-4.14959965017094,31.0000004470348,25.000000372529));
#3447=CARTESIAN_POINT('Ctrl Pts',(-4.37291726198406,30.8962766769701,25.0518622575614));
#3448=CARTESIAN_POINT('Ctrl Pts',(-4.82131086571847,30.3378399473121,25.3310806223904));
#3449=CARTESIAN_POINT('Ctrl Pts',(-5.,29.5983990477186,25.7008010721871));
#3450=CARTESIAN_POINT('Ctrl Pts',(-5.,29.0000004470348,26.000000372529));
#3451=CARTESIAN_POINT('Ctrl Pts',(-4.,30.700801146693,25.000000372529));
#3452=CARTESIAN_POINT('Ctrl Pts',(-4.10416750667096,30.700801146693,25.000000372529));
#3453=CARTESIAN_POINT('Ctrl Pts',(-4.26749550272768,30.6346198777953,25.0179872618199));
#3454=CARTESIAN_POINT('Ctrl Pts',(-4.73413644653185,30.2051338884265,25.2170455627326));
#3455=CARTESIAN_POINT('Ctrl Pts',(-5.,29.5414087047963,25.6438107292649));
#3456=CARTESIAN_POINT('Ctrl Pts',(-5.,29.0000004470348,26.000000372529));
#3457=CARTESIAN_POINT('Ctrl Pts',(-4.,30.182894150823,24.7487931555564));
#3458=CARTESIAN_POINT('Ctrl Pts',(-4.06513550755077,30.182894150823,24.7487931555564));
#3459=CARTESIAN_POINT('Ctrl Pts',(-4.17747153583649,30.1797565232893,24.7585212330272));
#3460=CARTESIAN_POINT('Ctrl Pts',(-4.66701296512823,29.9695076422779,24.9965979219728));
#3461=CARTESIAN_POINT('Ctrl Pts',(-5.,29.4416756046824,25.5440776291509));
#3462=CARTESIAN_POINT('Ctrl Pts',(-5.,29.0000004470349,26.000000372529));
#3463=CARTESIAN_POINT('Ctrl Pts',(-4.,30.0000004470348,24.2243998477854));
#3464=CARTESIAN_POINT('Ctrl Pts',(-4.11597665080514,30.0000004470348,24.2243998477854));
#3465=CARTESIAN_POINT('Ctrl Pts',(-4.29454682266083,29.9735202653283,24.2999938400836));
#3466=CARTESIAN_POINT('Ctrl Pts',(-4.75586033843076,29.7533835754451,24.762650981394));
#3467=CARTESIAN_POINT('Ctrl Pts',(-5.,29.3419425045684,25.444344529037));
#3468=CARTESIAN_POINT('Ctrl Pts',(-5.,29.0000004470348,26.000000372529));
#3469=CARTESIAN_POINT('Ctrl Pts',(-4.,30.0000004470348,24.000000372529));
#3470=CARTESIAN_POINT('Ctrl Pts',(-4.14959965017094,30.0000004470348,24.000000372529));
#3471=CARTESIAN_POINT('Ctrl Pts',(-4.37291726198406,29.9481385620025,24.1037241425938));
#3472=CARTESIAN_POINT('Ctrl Pts',(-4.82131086571847,29.6689201971735,24.6621608722517));
#3473=CARTESIAN_POINT('Ctrl Pts',(-5.,29.2991997473767,25.4016017718453));
#3474=CARTESIAN_POINT('Ctrl Pts',(-5.,29.0000004470348,26.000000372529));
#3475=CARTESIAN_POINT('Origin',(-4.,29.0000004470348,26.000000372529));
#3476=CARTESIAN_POINT('Origin',(-4.,45.0000002607703,26.000000372529));
#3477=CARTESIAN_POINT('',(-5.,36.0000005215406,26.000000372529));
#3478=CARTESIAN_POINT('',(-5.,45.0000002607703,26.000000372529));
#3479=CARTESIAN_POINT('',(-4.,34.0000005215406,25.000000372529));
#3480=CARTESIAN_POINT('Origin',(-4.,36.0000005215406,26.000000372529));
#3481=CARTESIAN_POINT('',(-4.,45.0000002607703,25.000000372529));
#3482=CARTESIAN_POINT('Ctrl Pts',(-5.,36.0000005215406,26.000000372529));
#3483=CARTESIAN_POINT('Ctrl Pts',(-5.,35.5512015710278,25.7756008972726));
#3484=CARTESIAN_POINT('Ctrl Pts',(-4.86890920244615,34.8059026468359,25.4029514351767));
#3485=CARTESIAN_POINT('Ctrl Pts',(-4.44828319284862,34.1368339570173,25.0684170902673));
#3486=CARTESIAN_POINT('Ctrl Pts',(-4.14959965017094,34.0000005215406,25.000000372529));
#3487=CARTESIAN_POINT('Ctrl Pts',(-4.,34.0000005215406,25.000000372529));
#3488=CARTESIAN_POINT('Ctrl Pts',(-5.,36.0000005215406,26.000000372529));
#3489=CARTESIAN_POINT('Ctrl Pts',(-5.,35.5939443282195,25.7328581400809));
#3490=CARTESIAN_POINT('Ctrl Pts',(-4.80912992171657,34.9189844831813,25.2902813291499));
#3491=CARTESIAN_POINT('Ctrl Pts',(-4.32453580975846,34.3831705087947,25.0179732758558));
#3492=CARTESIAN_POINT('Ctrl Pts',(-4.10416750667096,34.2991998218825,25.000000372529));
#3493=CARTESIAN_POINT('Ctrl Pts',(-4.,34.2991998218825,25.000000372529));
#3494=CARTESIAN_POINT('Ctrl Pts',(-5.,36.0000005215406,26.000000372529));
#3495=CARTESIAN_POINT('Ctrl Pts',(-5.,35.668744153305,25.6580583149955));
#3496=CARTESIAN_POINT('Ctrl Pts',(-4.76510523823297,35.1194625767949,25.0905980451822));
#3497=CARTESIAN_POINT('Ctrl Pts',(-4.22041771770993,34.8126934161381,24.7536831158759));
#3498=CARTESIAN_POINT('Ctrl Pts',(-4.06513550755077,34.81709195772,24.7487807707404));
#3499=CARTESIAN_POINT('Ctrl Pts',(-4.,34.81709195772,24.7487807707404));
#3500=CARTESIAN_POINT('Ctrl Pts',(-5.,36.0000005215406,26.000000372529));
#3501=CARTESIAN_POINT('Ctrl Pts',(-5.,35.7435439783905,25.58325848991));
#3502=CARTESIAN_POINT('Ctrl Pts',(-4.82385242384722,35.3192643092993,24.8914487582046));
#3503=CARTESIAN_POINT('Ctrl Pts',(-4.35624225107313,35.0307896975768,24.3217780499222));
#3504=CARTESIAN_POINT('Ctrl Pts',(-4.11597665080514,35.0000005215406,24.2243998477854));
#3505=CARTESIAN_POINT('Ctrl Pts',(-4.,35.0000005215406,24.2243998477854));
#3506=CARTESIAN_POINT('Ctrl Pts',(-5.,36.0000005215406,26.000000372529));
#3507=CARTESIAN_POINT('Ctrl Pts',(-5.,35.7756010462842,25.5512014220162));
#3508=CARTESIAN_POINT('Ctrl Pts',(-4.86890920244614,35.4029515841883,24.8059024978243));
#3509=CARTESIAN_POINT('Ctrl Pts',(-4.44828319284862,35.0684172392789,24.1368338080056));
#3510=CARTESIAN_POINT('Ctrl Pts',(-4.14959965017094,35.0000005215406,24.000000372529));
#3511=CARTESIAN_POINT('Ctrl Pts',(-4.,35.0000005215406,24.000000372529));
#3512=CARTESIAN_POINT('',(-4.,35.0000005215406,24.000000372529));
#3513=CARTESIAN_POINT('Origin',(-4.,34.0000005215406,24.000000372529));
#3514=CARTESIAN_POINT('Origin',(-4.,36.0000005215406,26.000000372529));
#3515=CARTESIAN_POINT('Origin',(-5.,34.0000005215406,24.000000372529));
#3516=CARTESIAN_POINT('',(-1.,35.0000005215406,24.000000372529));
#3517=CARTESIAN_POINT('',(-1.,34.0000005215406,25.000000372529));
#3518=CARTESIAN_POINT('Origin',(-1.,34.0000005215406,24.000000372529));
#3519=CARTESIAN_POINT('',(-5.,34.0000005215406,25.000000372529));
#3520=CARTESIAN_POINT('',(-5.,35.0000005215406,24.000000372529));
#3521=CARTESIAN_POINT('Origin',(-1.,36.0000005215406,24.000000372529));
#3522=CARTESIAN_POINT('',(0.,36.0000005215406,24.000000372529));
#3523=CARTESIAN_POINT('',(0.,34.2679497139718,25.000000372529));
#3524=CARTESIAN_POINT('Ctrl Pts',(0.,36.0000005215406,24.000000372529));
#3525=CARTESIAN_POINT('Ctrl Pts',(0.,35.7229022994597,24.27709859461));
#3526=CARTESIAN_POINT('Ctrl Pts',(0.,35.3847772493366,24.6039130887177));
#3527=CARTESIAN_POINT('Ctrl Pts',(0.,34.8152700483898,24.9104283726313));
#3528=CARTESIAN_POINT('Ctrl Pts',(0.,34.5228271358473,25.000000372529));
#3529=CARTESIAN_POINT('Ctrl Pts',(0.,34.2679497139718,25.000000372529));
#3530=CARTESIAN_POINT('Origin',(-1.,36.0000005215406,25.000000372529));
#3531=CARTESIAN_POINT('Origin',(-1.,36.0000005215406,24.000000372529));
#3532=CARTESIAN_POINT('Origin',(-1.,36.0000005215406,2.5000000372529));
#3533=CARTESIAN_POINT('',(-1.,35.0000005215406,6.00000007450581));
#3534=CARTESIAN_POINT('',(-1.,35.0000005215406,2.5000000372529));
#3535=CARTESIAN_POINT('',(0.,36.0000005215406,6.00000007450581));
#3536=CARTESIAN_POINT('Origin',(-1.,36.0000005215406,6.00000007450581));
#3537=CARTESIAN_POINT('',(0.,36.0000005215406,2.5000000372529));
#3538=CARTESIAN_POINT('Origin',(-5.,35.0000005215406,5.00000007450581));
#3539=CARTESIAN_POINT('',(-4.,35.0000005215406,6.00000007450581));
#3540=CARTESIAN_POINT('',(-4.,35.0000005215406,2.5000000372529));
#3541=CARTESIAN_POINT('',(-5.,35.0000005215406,6.00000007450581));
#3542=CARTESIAN_POINT('Origin',(-4.,36.0000005215406,2.5000000372529));
#3543=CARTESIAN_POINT('',(-5.,36.0000005215406,4.00000007450581));
#3544=CARTESIAN_POINT('',(-5.,36.0000005215406,2.5000000372529));
#3545=CARTESIAN_POINT('Origin',(-4.,36.0000005215406,4.00000007450581));
#3546=CARTESIAN_POINT('Origin',(-1.,36.0000005215406,6.00000007450581));
#3547=CARTESIAN_POINT('',(-1.,34.0000005215406,5.00000007450581));
#3548=CARTESIAN_POINT('Origin',(-1.,34.0000005215406,6.00000007450581));
#3549=CARTESIAN_POINT('',(0.,34.2679497139718,5.00000007450581));
#3550=CARTESIAN_POINT('Origin',(-1.,36.0000005215406,5.00000007450581));
#3551=CARTESIAN_POINT('Ctrl Pts',(0.,34.2679497139718,5.00000007450581));
#3552=CARTESIAN_POINT('Ctrl Pts',(-1.41485391111676E-17,34.5228271358473,
5.00000007450581));
#3553=CARTESIAN_POINT('Ctrl Pts',(0.,34.8152700483898,5.08957207440357));
#3554=CARTESIAN_POINT('Ctrl Pts',(0.,35.3847772493366,5.39608735831708));
#3555=CARTESIAN_POINT('Ctrl Pts',(0.,35.7229022994597,5.72290185242485));
#3556=CARTESIAN_POINT('Ctrl Pts',(0.,36.0000005215406,6.00000007450581));
#3557=CARTESIAN_POINT('Origin',(-5.,34.0000005215406,6.00000007450581));
#3558=CARTESIAN_POINT('',(-4.,34.0000005215406,5.00000007450581));
#3559=CARTESIAN_POINT('Origin',(-4.,34.0000005215406,6.00000007450581));
#3560=CARTESIAN_POINT('',(-5.,34.0000005215406,5.00000007450581));
#3561=CARTESIAN_POINT('Ctrl Pts',(-4.,34.0000005215406,5.00000007450581));
#3562=CARTESIAN_POINT('Ctrl Pts',(-4.14959965017094,34.0000005215406,5.00000007450581));
#3563=CARTESIAN_POINT('Ctrl Pts',(-4.37295182969006,34.1036712961681,4.94816468719209));
#3564=CARTESIAN_POINT('Ctrl Pts',(-4.82139007201594,34.6620646187961,4.66896802587809));
#3565=CARTESIAN_POINT('Ctrl Pts',(-5.,35.4016019208569,4.29919937484769));
#3566=CARTESIAN_POINT('Ctrl Pts',(-5.,36.0000005215406,4.00000007450581));
#3567=CARTESIAN_POINT('Ctrl Pts',(-4.,34.2991998218825,5.00000007450581));
#3568=CARTESIAN_POINT('Ctrl Pts',(-4.10416750667096,34.2991998218825,5.00000007450581));
#3569=CARTESIAN_POINT('Ctrl Pts',(-4.26757778416634,34.3653609397537,4.98200020413089));
#3570=CARTESIAN_POINT('Ctrl Pts',(-4.73434153217206,34.7947886883987,4.78300458549615));
#3571=CARTESIAN_POINT('Ctrl Pts',(-5.,35.4585922637791,4.35618971776996));
#3572=CARTESIAN_POINT('Ctrl Pts',(-5.,36.0000005215406,4.00000007450581));
#3573=CARTESIAN_POINT('Ctrl Pts',(-4.,34.8171535935378,5.25116830707579));
#3574=CARTESIAN_POINT('Ctrl Pts',(-4.06513550755077,34.8171535935378,5.25116830707579));
#3575=CARTESIAN_POINT('Ctrl Pts',(-4.1774150020407,34.8202115940163,5.24152078096919));
#3576=CARTESIAN_POINT('Ctrl Pts',(-4.66722067849006,35.0303000057746,5.00359939748997));
#3577=CARTESIAN_POINT('Ctrl Pts',(-5.,35.5583253638931,4.45592281788392));
#3578=CARTESIAN_POINT('Ctrl Pts',(-5.,36.0000005215406,4.00000007450581));
#3579=CARTESIAN_POINT('Ctrl Pts',(-4.,35.0000005215406,5.77560059924939));
#3580=CARTESIAN_POINT('Ctrl Pts',(-4.11597665080513,35.0000005215406,5.77560059924939));
#3581=CARTESIAN_POINT('Ctrl Pts',(-4.2945680650697,35.0264488501409,5.70006688149054));
#3582=CARTESIAN_POINT('Ctrl Pts',(-4.75600349484852,35.2465047164449,5.23748984744547));
#3583=CARTESIAN_POINT('Ctrl Pts',(-5.,35.6580584640071,4.55565591799788));
#3584=CARTESIAN_POINT('Ctrl Pts',(-5.,36.0000005215406,4.00000007450581));
#3585=CARTESIAN_POINT('Ctrl Pts',(-4.,35.0000005215406,6.00000007450581));
#3586=CARTESIAN_POINT('Ctrl Pts',(-4.14959965017094,35.0000005215406,6.00000007450581));
#3587=CARTESIAN_POINT('Ctrl Pts',(-4.37295182969006,35.0518359088544,5.89632929987837));
#3588=CARTESIAN_POINT('Ctrl Pts',(-4.82139007201594,35.3310325701684,5.33793597725037));
#3589=CARTESIAN_POINT('Ctrl Pts',(-5.,35.7008012211988,4.59839867518958));
#3590=CARTESIAN_POINT('Ctrl Pts',(-5.,36.0000005215406,4.00000007450581));
#3591=CARTESIAN_POINT('Origin',(-4.,36.0000005215406,4.00000007450581));
#3592=CARTESIAN_POINT('Origin',(-4.,42.5000002235174,4.00000007450581));
#3593=CARTESIAN_POINT('',(-4.,42.5000002235174,5.00000007450581));
#3594=CARTESIAN_POINT('',(-5.,42.5000002235174,4.00000007450581));
#3595=CARTESIAN_POINT('Ctrl Pts',(-5.,39.0000005960464,4.00000007450581));
#3596=CARTESIAN_POINT('Ctrl Pts',(-5.,39.4487995465593,4.22439954976222));
#3597=CARTESIAN_POINT('Ctrl Pts',(-4.86894662523081,40.1941280605501,4.59706380675764));
#3598=CARTESIAN_POINT('Ctrl Pts',(-4.44829862159049,40.8631889620742,4.93159425751968));
#3599=CARTESIAN_POINT('Ctrl Pts',(-4.14959965017094,41.0000005960464,5.00000007450581));
#3600=CARTESIAN_POINT('Ctrl Pts',(-4.,41.0000005960464,5.00000007450581));
#3601=CARTESIAN_POINT('Ctrl Pts',(-5.,39.0000005960464,4.00000007450581));
#3602=CARTESIAN_POINT('Ctrl Pts',(-5.,39.4060567893676,4.26714230695392));
#3603=CARTESIAN_POINT('Ctrl Pts',(-4.80922071227519,40.0809509745044,4.70957318666999));
#3604=CARTESIAN_POINT('Ctrl Pts',(-4.32456672300469,40.6167761594242,4.98191467019226));
#3605=CARTESIAN_POINT('Ctrl Pts',(-4.10416750667096,40.7008012957046,5.00000007450581));
#3606=CARTESIAN_POINT('Ctrl Pts',(-4.,40.7008012957046,5.00000007450581));
#3607=CARTESIAN_POINT('Ctrl Pts',(-5.,39.0000005960464,4.00000007450581));
#3608=CARTESIAN_POINT('Ctrl Pts',(-5.,39.3312569642821,4.34194213203939));
#3609=CARTESIAN_POINT('Ctrl Pts',(-4.76514389642149,39.8804576034614,4.90934051626613));
#3610=CARTESIAN_POINT('Ctrl Pts',(-4.22026711531162,40.1871888142466,5.2462146967026));
#3611=CARTESIAN_POINT('Ctrl Pts',(-4.06513550755077,40.1828648073971,5.25118271155855));
#3612=CARTESIAN_POINT('Ctrl Pts',(-4.,40.1828648073971,5.25118271155855));
#3613=CARTESIAN_POINT('Ctrl Pts',(-5.,39.0000005960464,4.00000007450581));
#3614=CARTESIAN_POINT('Ctrl Pts',(-5.,39.2564571391966,4.41674195712486));
#3615=CARTESIAN_POINT('Ctrl Pts',(-4.82391470203518,39.6806934982088,5.10856638316092));
#3616=CARTESIAN_POINT('Ctrl Pts',(-4.35622317052498,39.9691621830793,5.67821659170082));
#3617=CARTESIAN_POINT('Ctrl Pts',(-4.11597665080513,40.0000005960464,5.77560059924939));
#3618=CARTESIAN_POINT('Ctrl Pts',(-4.,40.0000005960464,5.77560059924939));
#3619=CARTESIAN_POINT('Ctrl Pts',(-5.,39.0000005960464,4.00000007450581));
#3620=CARTESIAN_POINT('Ctrl Pts',(-5.,39.2244000713029,4.44879902501864));
#3621=CARTESIAN_POINT('Ctrl Pts',(-4.86894662523081,39.5970643282983,5.19412753900946));
#3622=CARTESIAN_POINT('Ctrl Pts',(-4.44829862159049,39.9315947790603,5.86318844053355));
#3623=CARTESIAN_POINT('Ctrl Pts',(-4.14959965017094,40.0000005960464,6.00000007450581));
#3624=CARTESIAN_POINT('Ctrl Pts',(-4.,40.0000005960464,6.00000007450581));
#3625=CARTESIAN_POINT('',(-4.,40.0000005960464,6.00000007450581));
#3626=CARTESIAN_POINT('',(-4.,41.0000005960464,5.00000007450581));
#3627=CARTESIAN_POINT('Origin',(-4.,41.0000005960464,6.00000007450581));
#3628=CARTESIAN_POINT('',(-5.,39.0000005960464,4.00000007450581));
#3629=CARTESIAN_POINT('Origin',(-4.,39.0000005960464,4.00000007450581));
#3630=CARTESIAN_POINT('Origin',(-4.,39.0000005960464,4.00000007450581));
#3631=CARTESIAN_POINT('Origin',(-5.,41.0000005960464,6.00000007450581));
#3632=CARTESIAN_POINT('',(-1.,40.0000005960464,6.00000007450581));
#3633=CARTESIAN_POINT('',(-1.,41.0000005960464,5.00000007450581));
#3634=CARTESIAN_POINT('Origin',(-1.,41.0000005960464,6.00000007450581));
#3635=CARTESIAN_POINT('',(-5.,41.0000005960464,5.00000007450581));
#3636=CARTESIAN_POINT('',(-5.,40.0000005960464,6.00000007450581));
#3637=CARTESIAN_POINT('Origin',(-1.,39.0000005960464,6.00000007450581));
#3638=CARTESIAN_POINT('',(0.,39.0000005960464,6.00000007450581));
#3639=CARTESIAN_POINT('',(0.,40.7320514036153,5.00000007450581));
#3640=CARTESIAN_POINT('Ctrl Pts',(0.,39.0000005960464,6.00000007450581));
#3641=CARTESIAN_POINT('Ctrl Pts',(0.,39.2770988181274,5.72290185242485));
#3642=CARTESIAN_POINT('Ctrl Pts',(0.,39.6152238682505,5.39608735831708));
#3643=CARTESIAN_POINT('Ctrl Pts',(0.,40.1847310691973,5.08957207440357));
#3644=CARTESIAN_POINT('Ctrl Pts',(0.,40.4771739817398,5.00000007450581));
#3645=CARTESIAN_POINT('Ctrl Pts',(0.,40.7320514036153,5.00000007450581));
#3646=CARTESIAN_POINT('Origin',(-1.,39.0000005960464,5.00000007450581));
#3647=CARTESIAN_POINT('Origin',(-1.,39.0000005960464,6.00000007450581));
#3648=CARTESIAN_POINT('Origin',(-1.,39.0000005960464,12.5000001862645));
#3649=CARTESIAN_POINT('',(-1.,40.0000005960464,24.000000372529));
#3650=CARTESIAN_POINT('',(-1.,40.0000005960464,12.5000001862645));
#3651=CARTESIAN_POINT('',(0.,39.0000005960464,24.000000372529));
#3652=CARTESIAN_POINT('Origin',(-1.,39.0000005960464,24.000000372529));
#3653=CARTESIAN_POINT('',(0.,39.0000005960464,12.5000001862645));
#3654=CARTESIAN_POINT('Origin',(-5.,40.0000005960464,25.000000372529));
#3655=CARTESIAN_POINT('',(-4.,40.0000005960464,24.000000372529));
#3656=CARTESIAN_POINT('',(-4.,40.0000005960464,12.5000001862645));
#3657=CARTESIAN_POINT('',(-5.,40.0000005960464,24.000000372529));
#3658=CARTESIAN_POINT('Origin',(-4.,39.0000005960464,12.5000001862645));
#3659=CARTESIAN_POINT('',(-5.,39.0000005960464,26.000000372529));
#3660=CARTESIAN_POINT('',(-5.,39.0000005960464,12.5000001862645));
#3661=CARTESIAN_POINT('Origin',(-4.,39.0000005960464,26.000000372529));
#3662=CARTESIAN_POINT('Origin',(-1.,39.0000005960464,24.000000372529));
#3663=CARTESIAN_POINT('',(-1.,41.0000005960464,25.000000372529));
#3664=CARTESIAN_POINT('Origin',(-1.,41.0000005960464,24.000000372529));
#3665=CARTESIAN_POINT('',(0.,40.7320514036153,25.000000372529));
#3666=CARTESIAN_POINT('Origin',(-1.,39.0000005960464,25.000000372529));
#3667=CARTESIAN_POINT('Ctrl Pts',(0.,40.7320514036153,25.000000372529));
#3668=CARTESIAN_POINT('Ctrl Pts',(1.00939296005926E-18,40.4771739817398,
25.000000372529));
#3669=CARTESIAN_POINT('Ctrl Pts',(0.,40.1847310691973,24.9104283726313));
#3670=CARTESIAN_POINT('Ctrl Pts',(0.,39.6152238682505,24.6039130887177));
#3671=CARTESIAN_POINT('Ctrl Pts',(0.,39.2770988181274,24.27709859461));
#3672=CARTESIAN_POINT('Ctrl Pts',(0.,39.0000005960464,24.000000372529));
#3673=CARTESIAN_POINT('Origin',(-5.,41.0000005960464,24.000000372529));
#3674=CARTESIAN_POINT('',(-4.,41.0000005960464,25.000000372529));
#3675=CARTESIAN_POINT('Origin',(-4.,41.0000005960464,24.000000372529));
#3676=CARTESIAN_POINT('',(-5.,41.0000005960464,25.000000372529));
#3677=CARTESIAN_POINT('Ctrl Pts',(-4.,41.0000005960464,25.000000372529));
#3678=CARTESIAN_POINT('Ctrl Pts',(-4.14959965017094,41.0000005960464,25.000000372529));
#3679=CARTESIAN_POINT('Ctrl Pts',(-4.37289899572148,40.8962494050397,25.0518759680324));
#3680=CARTESIAN_POINT('Ctrl Pts',(-4.82127232669519,40.3377927998576,25.3311042706235));
#3681=CARTESIAN_POINT('Ctrl Pts',(-5.,39.5983991967302,25.7008010721871));
#3682=CARTESIAN_POINT('Ctrl Pts',(-5.,39.0000005960464,26.000000372529));
#3683=CARTESIAN_POINT('Ctrl Pts',(-4.,40.7008012957046,25.000000372529));
#3684=CARTESIAN_POINT('Ctrl Pts',(-4.10416750667096,40.7008012957046,25.000000372529));
#3685=CARTESIAN_POINT('Ctrl Pts',(-4.26745163810816,40.6346086282278,25.0179822526304));
#3686=CARTESIAN_POINT('Ctrl Pts',(-4.73403691717146,40.2050963972954,25.2170685064157));
#3687=CARTESIAN_POINT('Ctrl Pts',(-5.,39.541408853808,25.6438107292649));
#3688=CARTESIAN_POINT('Ctrl Pts',(-5.,39.0000005960464,26.000000372529));
#3689=CARTESIAN_POINT('Ctrl Pts',(-4.,40.1829159184133,24.7487751379567));
#3690=CARTESIAN_POINT('Ctrl Pts',(-4.06513550755077,40.1829159184133,24.7487751379567));
#3691=CARTESIAN_POINT('Ctrl Pts',(-4.17749230471295,40.1797363339793,24.7585457457986));
#3692=CARTESIAN_POINT('Ctrl Pts',(-4.6669161875891,39.9694156326666,24.9966920665861));
#3693=CARTESIAN_POINT('Ctrl Pts',(-5.,39.441675753694,25.5440776291509));
#3694=CARTESIAN_POINT('Ctrl Pts',(-5.,39.0000005960464,26.000000372529));
#3695=CARTESIAN_POINT('Ctrl Pts',(-4.,40.0000005960464,24.2243998477854));
#3696=CARTESIAN_POINT('Ctrl Pts',(-4.11597665080514,40.0000005960464,24.2243998477854));
#3697=CARTESIAN_POINT('Ctrl Pts',(-4.29453339725151,39.9735026581383,24.3000257432732));
#3698=CARTESIAN_POINT('Ctrl Pts',(-4.75579215725025,39.7533295190003,24.7627192508408));
#3699=CARTESIAN_POINT('Ctrl Pts',(-5.,39.34194265358,25.444344529037));
#3700=CARTESIAN_POINT('Ctrl Pts',(-5.,39.0000005960464,26.000000372529));
#3701=CARTESIAN_POINT('Ctrl Pts',(-4.,40.0000005960464,24.000000372529));
#3702=CARTESIAN_POINT('Ctrl Pts',(-4.14959965017094,40.0000005960464,24.000000372529));
#3703=CARTESIAN_POINT('Ctrl Pts',(-4.37289899572148,39.948125000543,24.1037515635358));
#3704=CARTESIAN_POINT('Ctrl Pts',(-4.82127232669519,39.668896697952,24.6622081687179));
#3705=CARTESIAN_POINT('Ctrl Pts',(-5.,39.2991998963883,25.4016017718453));
#3706=CARTESIAN_POINT('Ctrl Pts',(-5.,39.0000005960464,26.000000372529));
#3707=CARTESIAN_POINT('Origin',(-4.,39.0000005960464,26.000000372529));
#3708=CARTESIAN_POINT('Origin',(-4.,50.0000003352761,26.000000372529));
#3709=CARTESIAN_POINT('',(-5.,46.0000006705523,26.000000372529));
#3710=CARTESIAN_POINT('',(-5.,50.0000003352761,26.000000372529));
#3711=CARTESIAN_POINT('',(-4.,44.0000006705522,25.000000372529));
#3712=CARTESIAN_POINT('Origin',(-4.,46.0000006705523,26.000000372529));
#3713=CARTESIAN_POINT('',(-4.,50.0000003352761,25.000000372529));
#3714=CARTESIAN_POINT('Ctrl Pts',(-5.,46.0000006705523,26.000000372529));
#3715=CARTESIAN_POINT('Ctrl Pts',(-5.,45.5512017200394,25.7756008972726));
#3716=CARTESIAN_POINT('Ctrl Pts',(-4.86889282516668,44.8059159828891,25.4029580286974));
#3717=CARTESIAN_POINT('Ctrl Pts',(-4.4482760982552,44.1368437405234,25.0684219075146));
#3718=CARTESIAN_POINT('Ctrl Pts',(-4.14959965017094,44.0000006705522,25.000000372529));
#3719=CARTESIAN_POINT('Ctrl Pts',(-4.,44.0000006705522,25.000000372529));
#3720=CARTESIAN_POINT('Ctrl Pts',(-5.,46.0000006705523,26.000000372529));
#3721=CARTESIAN_POINT('Ctrl Pts',(-5.,45.5939444772311,25.7328581400809));
#3722=CARTESIAN_POINT('Ctrl Pts',(-4.80909035052896,44.9189552197813,25.2902161699061));
#3723=CARTESIAN_POINT('Ctrl Pts',(-4.32452132986471,44.3831467337717,25.0179236728805));
#3724=CARTESIAN_POINT('Ctrl Pts',(-4.10416750667096,44.2991999708941,25.000000372529));
#3725=CARTESIAN_POINT('Ctrl Pts',(-4.,44.2991999708941,25.000000372529));
#3726=CARTESIAN_POINT('Ctrl Pts',(-5.,46.0000006705523,26.000000372529));
#3727=CARTESIAN_POINT('Ctrl Pts',(-5.,45.6687443023166,25.6580583149955));
#3728=CARTESIAN_POINT('Ctrl Pts',(-4.76509190068184,45.1194250128553,25.0905689019224));
#3729=CARTESIAN_POINT('Ctrl Pts',(-4.22047929198805,44.8126423018139,24.7536389891825));
#3730=CARTESIAN_POINT('Ctrl Pts',(-4.06513550755077,44.8170737913714,24.7487655061464));
#3731=CARTESIAN_POINT('Ctrl Pts',(-4.,44.8170737913714,24.7487655061464));
#3732=CARTESIAN_POINT('Ctrl Pts',(-5.,46.0000006705523,26.000000372529));
#3733=CARTESIAN_POINT('Ctrl Pts',(-5.,45.7435441274021,25.58325848991));
#3734=CARTESIAN_POINT('Ctrl Pts',(-4.82382627708097,45.3192447277511,24.8914548951808));
#3735=CARTESIAN_POINT('Ctrl Pts',(-4.35624920478591,45.0307684821332,24.3217758628708));
#3736=CARTESIAN_POINT('Ctrl Pts',(-4.11597665080514,45.0000006705523,24.2243998477854));
#3737=CARTESIAN_POINT('Ctrl Pts',(-4.,45.0000006705523,24.2243998477854));
#3738=CARTESIAN_POINT('Ctrl Pts',(-5.,46.0000006705523,26.000000372529));
#3739=CARTESIAN_POINT('Ctrl Pts',(-5.,45.7756011952958,25.5512014220162));
#3740=CARTESIAN_POINT('Ctrl Pts',(-4.86889282516668,45.4029583267207,24.8059156848658));
#3741=CARTESIAN_POINT('Ctrl Pts',(-4.4482760982552,45.0684222055378,24.1368434425002));
#3742=CARTESIAN_POINT('Ctrl Pts',(-4.14959965017094,45.0000006705523,24.000000372529));
#3743=CARTESIAN_POINT('Ctrl Pts',(-4.,45.0000006705523,24.000000372529));
#3744=CARTESIAN_POINT('',(-4.,45.0000006705523,24.000000372529));
#3745=CARTESIAN_POINT('Origin',(-4.,44.0000006705522,24.000000372529));
#3746=CARTESIAN_POINT('Origin',(-4.,46.0000006705523,26.000000372529));
#3747=CARTESIAN_POINT('Origin',(-5.,44.0000006705523,24.000000372529));
#3748=CARTESIAN_POINT('',(0.,44.0000006705523,25.000000372529));
#3749=CARTESIAN_POINT('',(-1.,45.0000006705523,24.000000372529));
#3750=CARTESIAN_POINT('Origin',(-1.,44.0000006705523,24.000000372529));
#3751=CARTESIAN_POINT('',(-5.,44.0000006705523,25.000000372529));
#3752=CARTESIAN_POINT('',(-5.,45.0000006705523,24.000000372529));
#3753=CARTESIAN_POINT('Origin',(-1.,44.0000006705523,10.0000001490116));
#3754=CARTESIAN_POINT('',(-1.,45.0000006705523,6.00000007450581));
#3755=CARTESIAN_POINT('',(-1.,45.0000006705523,10.0000001490116));
#3756=CARTESIAN_POINT('',(0.,44.0000006705523,5.00000007450581));
#3757=CARTESIAN_POINT('Origin',(-1.,44.0000006705523,6.00000007450581));
#3758=CARTESIAN_POINT('',(0.,44.0000006705523,10.0000001490116));
#3759=CARTESIAN_POINT('Origin',(-5.,45.0000006705523,5.00000007450581));
#3760=CARTESIAN_POINT('',(-4.,45.0000006705523,6.00000007450581));
#3761=CARTESIAN_POINT('',(-4.,45.0000006705523,2.5000000372529));
#3762=CARTESIAN_POINT('',(-5.,45.0000006705523,6.00000007450581));
#3763=CARTESIAN_POINT('Origin',(-4.,46.0000006705523,2.5000000372529));
#3764=CARTESIAN_POINT('',(-5.,46.0000006705523,4.00000007450581));
#3765=CARTESIAN_POINT('',(-5.,46.0000006705523,2.5000000372529));
#3766=CARTESIAN_POINT('Origin',(-4.,46.0000006705523,4.00000007450581));
#3767=CARTESIAN_POINT('Origin',(-5.,44.0000006705523,6.00000007450581));
#3768=CARTESIAN_POINT('',(-4.,44.0000006705523,5.00000007450581));
#3769=CARTESIAN_POINT('Origin',(-4.,44.0000006705523,6.00000007450581));
#3770=CARTESIAN_POINT('',(-5.,44.0000006705523,5.00000007450581));
#3771=CARTESIAN_POINT('Ctrl Pts',(-4.,44.0000006705522,5.00000007450581));
#3772=CARTESIAN_POINT('Ctrl Pts',(-4.14959965017094,44.0000006705522,5.00000007450581));
#3773=CARTESIAN_POINT('Ctrl Pts',(-4.37292771626323,44.1037085844156,4.94814611757413));
#3774=CARTESIAN_POINT('Ctrl Pts',(-4.82133384656106,44.6621330855206,4.66893386702162));
#3775=CARTESIAN_POINT('Ctrl Pts',(-5.,45.4016020698685,4.29919937484769));
#3776=CARTESIAN_POINT('Ctrl Pts',(-5.,46.0000006705523,4.00000007450581));
#3777=CARTESIAN_POINT('Ctrl Pts',(-4.,44.2991999708941,5.00000007450581));
#3778=CARTESIAN_POINT('Ctrl Pts',(-4.10416750667096,44.2991999708941,5.00000007450581));
#3779=CARTESIAN_POINT('Ctrl Pts',(-4.26752050021465,44.3653749251993,4.98200980266155));
#3780=CARTESIAN_POINT('Ctrl Pts',(-4.73419587408608,44.794844632216,4.78296894069372));
#3781=CARTESIAN_POINT('Ctrl Pts',(-5.,45.4585924127907,4.35618971776996));
#3782=CARTESIAN_POINT('Ctrl Pts',(-5.,46.0000006705523,4.00000007450581));
#3783=CARTESIAN_POINT('Ctrl Pts',(-4.,44.8171202141384,5.25119625070232));
#3784=CARTESIAN_POINT('Ctrl Pts',(-4.06513550755077,44.8171202141384,5.25119625070232));
#3785=CARTESIAN_POINT('Ctrl Pts',(-4.17745710805626,44.8202337832347,5.24149253421374));
#3786=CARTESIAN_POINT('Ctrl Pts',(-4.66707196121276,45.0304379475911,5.00345915958365));
#3787=CARTESIAN_POINT('Ctrl Pts',(-5.,45.5583255129047,4.45592281788392));
#3788=CARTESIAN_POINT('Ctrl Pts',(-5.,46.0000006705523,4.00000007450581));
#3789=CARTESIAN_POINT('Ctrl Pts',(-4.,45.0000006705523,5.77560059924939));
#3790=CARTESIAN_POINT('Ctrl Pts',(-4.11597665080513,45.0000006705523,5.77560059924939));
#3791=CARTESIAN_POINT('Ctrl Pts',(-4.29455389312474,45.0264709475216,5.70002485126479));
#3792=CARTESIAN_POINT('Ctrl Pts',(-4.75590144096135,45.246585032018,5.23739018548087));
#3793=CARTESIAN_POINT('Ctrl Pts',(-5.,45.6580586130187,4.55565591799788));
#3794=CARTESIAN_POINT('Ctrl Pts',(-5.,46.0000006705523,4.00000007450581));
#3795=CARTESIAN_POINT('Ctrl Pts',(-4.,45.0000006705523,6.00000007450581));
#3796=CARTESIAN_POINT('Ctrl Pts',(-4.14959965017094,45.0000006705523,6.00000007450581));
#3797=CARTESIAN_POINT('Ctrl Pts',(-4.37292771626323,45.0518546274839,5.89629216064245));
#3798=CARTESIAN_POINT('Ctrl Pts',(-4.82133384656106,45.3310668780364,5.33786765953742));
#3799=CARTESIAN_POINT('Ctrl Pts',(-5.,45.7008013702104,4.59839867518958));
#3800=CARTESIAN_POINT('Ctrl Pts',(-5.,46.0000006705523,4.00000007450581));
#3801=CARTESIAN_POINT('Origin',(-4.,46.0000006705523,4.00000007450581));
#3802=CARTESIAN_POINT('Origin',(-5.,25.000000372529,25.000000372529));
#3803=CARTESIAN_POINT('',(0.,12.5000001862645,25.000000372529));
#3804=CARTESIAN_POINT('Origin',(-5.,20.0000002980232,5.00000007450581));
#3805=CARTESIAN_POINT('',(0.,10.0000001490116,5.00000007450581));
#3806=CARTESIAN_POINT('Origin',(-5.,35.0000005215406,25.000000372529));
#3807=CARTESIAN_POINT('',(0.,17.5000002607703,25.000000372529));
#3808=CARTESIAN_POINT('Origin',(-5.,30.0000004470348,5.00000007450581));
#3809=CARTESIAN_POINT('',(0.,15.0000002235174,5.00000007450581));
#3810=CARTESIAN_POINT('Origin',(-5.,45.0000006705523,25.000000372529));
#3811=CARTESIAN_POINT('',(0.,43.,25.000000372529));
#3812=CARTESIAN_POINT('',(0.,45.0000006705523,25.000000372529));
#3813=CARTESIAN_POINT('',(0.,22.5000003352761,25.000000372529));
#3814=CARTESIAN_POINT('Origin',(0.,42.5000006332994,15.0000002235174));
#3815=CARTESIAN_POINT('',(0.,43.,5.00000007450581));
#3816=CARTESIAN_POINT('',(0.,40.0000005960464,5.00000007450581));
#3817=CARTESIAN_POINT('',(0.,43.,1.5));
#3818=CARTESIAN_POINT('Origin',(-4.,47.5000002980232,4.00000007450581));
#3819=CARTESIAN_POINT('',(-4.,47.5000002980232,5.00000007450581));
#3820=CARTESIAN_POINT('',(-5.,47.5000002980232,4.00000007450581));
#3821=CARTESIAN_POINT('Origin',(-5.,40.0000005960464,5.00000007450581));
#3822=CARTESIAN_POINT('',(0.,20.0000002980232,5.00000007450581));
#3823=CARTESIAN_POINT('Origin',(6.00000012665987,-4.,23.9000000447035));
#3824=CARTESIAN_POINT('',(16.0000002533197,-5.,23.9000000447035));
#3825=CARTESIAN_POINT('',(17.0000002533197,-4.,22.9000000447035));
#3826=CARTESIAN_POINT('Origin',(16.0000002533197,-4.,23.9000000447035));
#3827=CARTESIAN_POINT('',(79.5000002533197,-4.,22.9000000447035));
#3828=CARTESIAN_POINT('',(6.00000012665987,-4.,22.9000000447035));
#3829=CARTESIAN_POINT('',(80.5000002533197,-5.,23.9000000447035));
#3830=CARTESIAN_POINT('Origin',(80.5000002533197,-4.,23.9000000447035));
#3831=CARTESIAN_POINT('',(6.00000012665987,-5.,23.9000000447035));
#3832=CARTESIAN_POINT('Origin',(17.0000002533197,-5.,22.9000000447035));
#3833=CARTESIAN_POINT('',(17.0000002533197,-2.,22.9000000447035));
#3834=CARTESIAN_POINT('',(17.0000002533197,-5.,22.9000000447035));
#3835=CARTESIAN_POINT('',(83.0400002533197,-2.,22.9000000447035));
#3836=CARTESIAN_POINT('',(33.5100002533197,-2.,22.9000000447035));
#3837=CARTESIAN_POINT('',(83.0400002533197,-4.,22.9000000447035));
#3838=CARTESIAN_POINT('',(83.0400002533197,0.,22.9000000447035));
#3839=CARTESIAN_POINT('',(79.5000002533197,-4.,22.9000000447035));
#3840=CARTESIAN_POINT('Origin',(16.0000002533197,-4.,2.50000002235174));
#3841=CARTESIAN_POINT('',(17.0000002533197,-4.,5.00000004470348));
#3842=CARTESIAN_POINT('',(17.0000002533197,-4.,2.50000002235174));
#3843=CARTESIAN_POINT('',(16.0000002533197,-5.,4.00000004470348));
#3844=CARTESIAN_POINT('',(16.0000002533197,-5.,2.50000002235174));
#3845=CARTESIAN_POINT('Origin',(16.0000002533197,-4.,4.00000004470348));
#3846=CARTESIAN_POINT('Origin',(80.5000002533197,-4.,11.4500000223517));
#3847=CARTESIAN_POINT('',(80.5000002533197,-5.,4.00000004470348));
#3848=CARTESIAN_POINT('',(80.5000002533197,-5.,11.4500000223517));
#3849=CARTESIAN_POINT('',(79.5000002533197,-4.,5.00000004470348));
#3850=CARTESIAN_POINT('',(79.5000002533197,-4.,18.4250000447035));
#3851=CARTESIAN_POINT('Origin',(80.5000002533197,-4.,4.00000004470348));
#3852=CARTESIAN_POINT('Origin',(37.2500001266599,-4.,4.00000004470348));
#3853=CARTESIAN_POINT('',(37.2500001266599,-5.,4.00000004470348));
#3854=CARTESIAN_POINT('',(37.2500001266599,-4.,5.00000004470348));
#3855=CARTESIAN_POINT('Origin',(17.0000002533197,-5.,5.00000004470348));
#3856=CARTESIAN_POINT('',(17.0000002533197,-2.,5.00000004470348));
#3857=CARTESIAN_POINT('',(17.0000002533197,-5.,5.00000004470348));
#3858=CARTESIAN_POINT('',(17.0000002533197,-2.,14.4500000447035));
#3859=CARTESIAN_POINT('Origin',(79.5000002533197,-5.,5.00000004470348));
#3860=CARTESIAN_POINT('',(79.5000002533197,-2.,5.00000004470348));
#3861=CARTESIAN_POINT('',(79.5000002533197,-5.,5.00000004470348));
#3862=CARTESIAN_POINT('',(64.7600002533197,-2.,5.00000004470348));
#3863=CARTESIAN_POINT('Origin',(20.5,-4.,32.));
#3864=CARTESIAN_POINT('',(-4.,-4.,33.));
#3865=CARTESIAN_POINT('',(-4.,-5.,32.));
#3866=CARTESIAN_POINT('Origin',(-4.,-4.,32.));
#3867=CARTESIAN_POINT('',(96.,-5.,32.));
#3868=CARTESIAN_POINT('',(20.5,-5.,32.));
#3869=CARTESIAN_POINT('',(96.,-4.,33.));
#3870=CARTESIAN_POINT('Origin',(96.,-4.,32.));
#3871=CARTESIAN_POINT('',(20.5,-4.,33.));
#3872=CARTESIAN_POINT('Origin',(-4.,40.,32.));
#3873=CARTESIAN_POINT('',(-4.,54.,33.));
#3874=CARTESIAN_POINT('',(-5.,54.,32.));
#3875=CARTESIAN_POINT('Origin',(-4.,54.,32.));
#3876=CARTESIAN_POINT('',(-5.,-4.,32.));
#3877=CARTESIAN_POINT('',(-5.,40.,32.));
#3878=CARTESIAN_POINT('Origin',(-4.,-4.,32.));
#3879=CARTESIAN_POINT('',(-4.,40.,33.));
#3880=CARTESIAN_POINT('Origin',(-4.,-4.,32.));
#3881=CARTESIAN_POINT('Origin',(-4.,-4.,32.));
#3882=CARTESIAN_POINT('Origin',(71.5,54.,32.));
#3883=CARTESIAN_POINT('',(96.,54.,33.));
#3884=CARTESIAN_POINT('Origin',(96.,54.,32.));
#3885=CARTESIAN_POINT('Origin',(-4.,54.,32.));
#3886=CARTESIAN_POINT('',(71.5,54.,33.));
#3887=CARTESIAN_POINT('Origin',(-4.,54.,32.));
#3888=CARTESIAN_POINT('Origin',(-4.,54.,32.));
#3889=CARTESIAN_POINT('Origin',(96.,10.,32.));
#3890=CARTESIAN_POINT('',(97.,-4.,32.));
#3891=CARTESIAN_POINT('Origin',(96.,-4.,32.));
#3892=CARTESIAN_POINT('',(97.,54.,32.));
#3893=CARTESIAN_POINT('',(97.,10.,32.));
#3894=CARTESIAN_POINT('Origin',(96.,54.,32.));
#3895=CARTESIAN_POINT('',(96.,10.,33.));
#3896=CARTESIAN_POINT('Origin',(96.,54.,32.));
#3897=CARTESIAN_POINT('Origin',(96.,54.,32.));
#3898=CARTESIAN_POINT('Origin',(96.,-4.,32.));
#3899=CARTESIAN_POINT('Origin',(96.,-4.,32.));
#3900=CARTESIAN_POINT('Origin',(-4.,54.,0.));
#3901=CARTESIAN_POINT('',(-5.,54.,1.));
#3902=CARTESIAN_POINT('Origin',(-4.,54.,1.));
#3903=CARTESIAN_POINT('',(-5.,54.,0.));
#3904=CARTESIAN_POINT('Origin',(96.,54.,0.));
#3905=CARTESIAN_POINT('',(97.,54.,1.));
#3906=CARTESIAN_POINT('',(97.,54.,0.));
#3907=CARTESIAN_POINT('Origin',(96.,54.,1.));
#3908=CARTESIAN_POINT('Origin',(97.,-5.,0.));
#3909=CARTESIAN_POINT('',(97.,-4.,1.));
#3910=CARTESIAN_POINT('',(97.,-4.,0.));
#3911=CARTESIAN_POINT('',(97.,10.,1.));
#3912=CARTESIAN_POINT('Origin',(46.,25.,33.));
#3913=CARTESIAN_POINT('',(0.,0.,33.));
#3914=CARTESIAN_POINT('',(0.,50.,33.));
#3915=CARTESIAN_POINT('',(92.,0.,33.));
#3916=CARTESIAN_POINT('',(92.,0.,33.));
#3917=CARTESIAN_POINT('',(0.,0.,33.));
#3918=CARTESIAN_POINT('Origin',(96.,10.,1.));
#3919=CARTESIAN_POINT('',(96.,54.,0.));
#3920=CARTESIAN_POINT('Origin',(96.,54.,1.));
#3921=CARTESIAN_POINT('',(96.,-4.,0.));
#3922=CARTESIAN_POINT('Origin',(96.,-4.,1.));
#3923=CARTESIAN_POINT('',(96.,10.,0.));
#3924=CARTESIAN_POINT('Origin',(96.,-4.,0.));
#3925=CARTESIAN_POINT('',(96.,-5.,1.));
#3926=CARTESIAN_POINT('',(96.,-5.,0.));
#3927=CARTESIAN_POINT('Origin',(96.,-4.,1.));
#3928=CARTESIAN_POINT('Origin',(96.,-4.,1.));
#3929=CARTESIAN_POINT('Origin',(96.,-4.,1.));
#3930=CARTESIAN_POINT('Origin',(96.,54.,1.));
#3931=CARTESIAN_POINT('Origin',(96.,54.,1.));
#3932=CARTESIAN_POINT('Origin',(71.5,54.,1.));
#3933=CARTESIAN_POINT('',(-4.,54.,0.));
#3934=CARTESIAN_POINT('',(71.5,54.,0.));
#3935=CARTESIAN_POINT('Origin',(-4.,54.,1.));
#3936=CARTESIAN_POINT('Origin',(46.,25.,0.));
#3937=CARTESIAN_POINT('',(-4.,-4.,0.));
#3938=CARTESIAN_POINT('',(20.5,-4.,0.));
#3939=CARTESIAN_POINT('',(-4.,40.,0.));
#3940=CARTESIAN_POINT('Origin',(20.5,-4.,1.));
#3941=CARTESIAN_POINT('',(-4.,-5.,1.));
#3942=CARTESIAN_POINT('',(20.5,-5.,1.));
#3943=CARTESIAN_POINT('Origin',(-4.,-4.,1.));
#3944=CARTESIAN_POINT('Origin',(-5.,-5.,0.));
#3945=CARTESIAN_POINT('',(-4.,-5.,0.));
#3946=CARTESIAN_POINT('Origin',(-4.,40.,1.));
#3947=CARTESIAN_POINT('',(-5.,-4.,1.));
#3948=CARTESIAN_POINT('Origin',(-4.,-4.,1.));
#3949=CARTESIAN_POINT('',(-5.,40.,1.));
#3950=CARTESIAN_POINT('Origin',(-4.,54.,1.));
#3951=CARTESIAN_POINT('Origin',(-4.,-4.,1.));
#3952=CARTESIAN_POINT('Origin',(-4.,-4.,1.));
#3953=CARTESIAN_POINT('Origin',(-4.,54.,1.));
#3954=CARTESIAN_POINT('Origin',(-5.,55.,0.));
#3955=CARTESIAN_POINT('',(-5.,-4.,0.));
#3956=CARTESIAN_POINT('Origin',(-4.,-4.,0.));
#3957=CARTESIAN_POINT('Origin',(50.0200002533197,-2.,23.9000000447035));
#3958=CARTESIAN_POINT('',(83.0400002533197,-2.,5.00000007450581));
#3959=CARTESIAN_POINT('',(64.7600003328768,-2.,4.99999992061133));
#3960=CARTESIAN_POINT('',(83.0400002533197,-2.,4.00000007450581));
#3961=CARTESIAN_POINT('',(83.0400002533197,-2.,5.00000007450581));
#3962=CARTESIAN_POINT('',(9.89000025331974,-2.,4.00000005960464));
#3963=CARTESIAN_POINT('',(83.0400002533197,-2.,4.00000007450581));
#3964=CARTESIAN_POINT('',(9.89000025331974,-2.,24.9000000447035));
#3965=CARTESIAN_POINT('',(9.89000025331974,-2.,24.9000000447035));
#3966=CARTESIAN_POINT('',(83.0400002533197,-2.,24.9000000447035));
#3967=CARTESIAN_POINT('',(17.0000002533197,-2.,24.9000000447035));
#3968=CARTESIAN_POINT('',(83.0400002533197,-2.,22.9000000447035));
#3969=CARTESIAN_POINT('Origin',(79.5000002533197,0.,5.00000004470348));
#3970=CARTESIAN_POINT('',(83.0400002533197,-4.,5.00000007450581));
#3971=CARTESIAN_POINT('',(83.0400002533197,-4.,5.00000007450581));
#3972=CARTESIAN_POINT('',(83.0400002533197,0.,5.00000007450581));
#3973=CARTESIAN_POINT('Origin',(9.89000025331974,0.,24.9000000447035));
#3974=CARTESIAN_POINT('',(9.89000025331974,0.,24.9000000447035));
#3975=CARTESIAN_POINT('',(9.89000025331974,0.,4.00000005960464));
#3976=CARTESIAN_POINT('',(9.89000025331974,0.,12.4500000223517));
#3977=CARTESIAN_POINT('',(9.89000025331974,0.,24.9000000447035));
#3978=CARTESIAN_POINT('',(9.89000025331974,0.,4.00000005960464));
#3979=CARTESIAN_POINT('Origin',(92.,0.,0.));
#3980=CARTESIAN_POINT('',(92.0000013709068,0.,30.));
#3981=CARTESIAN_POINT('',(85.0000013709068,0.,30.));
#3982=CARTESIAN_POINT('',(90.2500006854534,0.,30.));
#3983=CARTESIAN_POINT('',(85.0000013709068,0.,3.));
#3984=CARTESIAN_POINT('',(85.0000013709068,0.,1.5));
#3985=CARTESIAN_POINT('',(7.,0.,3.));
#3986=CARTESIAN_POINT('',(69.0000003427267,0.,3.));
#3987=CARTESIAN_POINT('',(7.,0.,30.));
#3988=CARTESIAN_POINT('',(6.99999999999999,0.,1.5));
#3989=CARTESIAN_POINT('',(0.,0.,30.));
#3990=CARTESIAN_POINT('',(47.75,0.,30.));
#3991=CARTESIAN_POINT('',(0.,0.,0.));
#3992=CARTESIAN_POINT('',(92.,0.,0.));
#3993=CARTESIAN_POINT('',(83.0400002533197,0.,24.9000000447035));
#3994=CARTESIAN_POINT('',(54.5000001266599,0.,24.9000000447035));
#3995=CARTESIAN_POINT('',(83.0400002533197,0.,4.00000007450581));
#3996=CARTESIAN_POINT('',(54.5000001266599,0.,4.00000007450581));
#3997=CARTESIAN_POINT('',(83.0400002533197,0.,2.0000000372529));
#3998=CARTESIAN_POINT('Origin',(17.0000002533197,0.,4.00000007450581));
#3999=CARTESIAN_POINT('',(83.0400002533197,0.,4.00000007450581));
#4000=CARTESIAN_POINT('Origin',(83.0400002533197,0.,24.9000000447035));
#4001=CARTESIAN_POINT('',(83.0400002533197,0.,24.9000000447035));
#4002=CARTESIAN_POINT('Origin',(83.0400002533197,0.,5.00000007450581));
#4003=CARTESIAN_POINT('',(83.0400002533197,-4.,22.9000000447035));
#4004=CARTESIAN_POINT('Origin',(81.2700002533197,-4.,13.9500000447035));
#4005=CARTESIAN_POINT('Origin',(88.2414637124887,3.81649803753408,13.3090102881183));
#4006=CARTESIAN_POINT('',(85.9414637124887,3.81649803753408,14.));
#4007=CARTESIAN_POINT('Origin',(88.2414637124887,3.81649803753408,14.));
#4008=CARTESIAN_POINT('',(88.2414637124887,3.81649803753408,12.6180205762366));
#4009=CARTESIAN_POINT('',(87.0914637124887,3.81649803753408,13.3090102881183));
#4010=CARTESIAN_POINT('Origin',(88.2414637124887,3.81649803753408,22.));
#4011=CARTESIAN_POINT('',(85.9414637124887,3.81649803753408,30.));
#4012=CARTESIAN_POINT('Origin',(88.2414637124887,3.81649803753408,30.));
#4013=CARTESIAN_POINT('',(85.9414637124887,3.81649803753408,22.));
#4014=CARTESIAN_POINT('Origin',(88.1752775880324,46.2952679024329,13.3090102881183));
#4015=CARTESIAN_POINT('',(85.8752775880324,46.2952679024329,14.));
#4016=CARTESIAN_POINT('Origin',(88.1752775880324,46.2952679024329,14.));
#4017=CARTESIAN_POINT('',(88.1752775880324,46.2952679024329,12.6180205762366));
#4018=CARTESIAN_POINT('',(87.0252775880324,46.2952679024329,13.3090102881183));
#4019=CARTESIAN_POINT('Origin',(88.1752775880324,46.2952679024329,22.));
#4020=CARTESIAN_POINT('',(85.8752775880324,46.2952679024329,30.));
#4021=CARTESIAN_POINT('Origin',(88.1752775880324,46.2952679024329,30.));
#4022=CARTESIAN_POINT('',(85.8752775880324,46.2952679024329,22.));
#4023=CARTESIAN_POINT('Origin',(3.94476863970826,3.85562274645004,13.3090102881183));
#4024=CARTESIAN_POINT('',(1.64476863970826,3.85562274645004,14.));
#4025=CARTESIAN_POINT('Origin',(3.94476863970826,3.85562274645004,14.));
#4026=CARTESIAN_POINT('',(3.94476863970826,3.85562274645004,12.6180205762366));
#4027=CARTESIAN_POINT('',(2.79476863970825,3.85562274645004,13.3090102881183));
#4028=CARTESIAN_POINT('Origin',(3.94476863970826,3.85562274645004,22.));
#4029=CARTESIAN_POINT('',(1.64476863970826,3.85562274645004,30.));
#4030=CARTESIAN_POINT('Origin',(3.94476863970826,3.85562274645004,30.));
#4031=CARTESIAN_POINT('',(1.64476863970826,3.85562274645004,22.));
#4032=CARTESIAN_POINT('Origin',(3.95934928442196,46.2629056259517,13.3090102881183));
#4033=CARTESIAN_POINT('',(1.65934928442196,46.2629056259517,14.));
#4034=CARTESIAN_POINT('Origin',(3.95934928442196,46.2629056259517,14.));
#4035=CARTESIAN_POINT('',(3.95934928442196,46.2629056259517,12.6180205762366));
#4036=CARTESIAN_POINT('',(2.80934928442196,46.2629056259517,13.3090102881183));
#4037=CARTESIAN_POINT('Origin',(3.95934928442196,46.2629056259517,22.));
#4038=CARTESIAN_POINT('',(1.65934928442196,46.2629056259517,30.));
#4039=CARTESIAN_POINT('Origin',(3.95934928442196,46.2629056259517,30.));
#4040=CARTESIAN_POINT('',(1.65934928442196,46.2629056259517,22.));
#4041=CARTESIAN_POINT('Origin',(85.0000013709068,7.,3.));
#4042=CARTESIAN_POINT('',(85.0000013709068,7.,3.));
#4043=CARTESIAN_POINT('',(85.0000013709068,16.,3.));
#4044=CARTESIAN_POINT('',(85.0000013709068,7.,30.));
#4045=CARTESIAN_POINT('',(85.0000013709068,0.,30.));
#4046=CARTESIAN_POINT('',(85.0000013709068,7.,3.));
#4047=CARTESIAN_POINT('Origin',(92.0000013709068,7.,3.));
#4048=CARTESIAN_POINT('',(92.0000013709068,7.,3.));
#4049=CARTESIAN_POINT('',(69.0000010281801,7.,3.));
#4050=CARTESIAN_POINT('',(92.0000013709068,7.,30.));
#4051=CARTESIAN_POINT('',(85.0000013709068,7.,30.));
#4052=CARTESIAN_POINT('',(92.,7.,1.5));
#4053=CARTESIAN_POINT('Origin',(88.5000013709068,3.5,30.));
#4054=CARTESIAN_POINT('',(92.,26.75,30.));
#4055=CARTESIAN_POINT('Origin',(46.0000006854534,25.,3.));
#4056=CARTESIAN_POINT('',(92.0000013709068,43.,3.));
#4057=CARTESIAN_POINT('',(92.,37.5,3.));
#4058=CARTESIAN_POINT('',(85.0000013709068,43.,3.));
#4059=CARTESIAN_POINT('',(65.5000010281801,43.,3.));
#4060=CARTESIAN_POINT('',(85.0000013709068,37.5,3.));
#4061=CARTESIAN_POINT('',(7.,43.,3.));
#4062=CARTESIAN_POINT('',(7.,34.,3.));
#4063=CARTESIAN_POINT('',(0.,43.,3.));
#4064=CARTESIAN_POINT('',(23.0000003427267,43.,3.));
#4065=CARTESIAN_POINT('',(0.,7.,3.));
#4066=CARTESIAN_POINT('',(0.,12.5,3.));
#4067=CARTESIAN_POINT('',(7.,7.,3.));
#4068=CARTESIAN_POINT('',(26.5000003427267,7.,3.));
#4069=CARTESIAN_POINT('',(7.,12.5,3.));
#4070=CARTESIAN_POINT('Origin',(85.0000013709068,43.,3.));
#4071=CARTESIAN_POINT('',(92.0000013709068,43.,30.));
#4072=CARTESIAN_POINT('',(92.,43.,1.5));
#4073=CARTESIAN_POINT('',(85.0000013709068,43.,30.));
#4074=CARTESIAN_POINT('',(85.0000013709068,43.,30.));
#4075=CARTESIAN_POINT('',(85.0000013709068,43.,3.));
#4076=CARTESIAN_POINT('Origin',(85.0000013709068,50.,3.));
#4077=CARTESIAN_POINT('',(85.0000013709068,50.,30.));
#4078=CARTESIAN_POINT('Origin',(88.5000013709068,46.5,30.));
#4079=CARTESIAN_POINT('',(92.,48.25,30.));
#4080=CARTESIAN_POINT('Origin',(7.,7.,3.));
#4081=CARTESIAN_POINT('',(0.,7.,30.));
#4082=CARTESIAN_POINT('',(0.,7.,1.5));
#4083=CARTESIAN_POINT('',(7.,7.,30.));
#4084=CARTESIAN_POINT('',(7.,7.,30.));
#4085=CARTESIAN_POINT('',(7.,7.,3.));
#4086=CARTESIAN_POINT('Origin',(7.,0.,3.));
#4087=CARTESIAN_POINT('',(7.,0.,30.));
#4088=CARTESIAN_POINT('Origin',(3.5,3.5,30.));
#4089=CARTESIAN_POINT('',(0.,1.75,30.));
#4090=CARTESIAN_POINT('Origin',(0.,0.,0.));
#4091=CARTESIAN_POINT('',(0.,43.,30.));
#4092=CARTESIAN_POINT('',(0.,43.,1.5));
#4093=CARTESIAN_POINT('',(0.,23.25,30.));
#4094=CARTESIAN_POINT('',(0.,43.,1.5));
#4095=CARTESIAN_POINT('Origin',(7.,43.,3.));
#4096=CARTESIAN_POINT('',(7.,43.,30.));
#4097=CARTESIAN_POINT('',(7.,50.,30.));
#4098=CARTESIAN_POINT('',(7.,43.,3.));
#4099=CARTESIAN_POINT('Origin',(0.,43.,3.));
#4100=CARTESIAN_POINT('',(7.,43.,30.));
#4101=CARTESIAN_POINT('Origin',(3.5,46.5,30.));
#4102=CARTESIAN_POINT('Origin',(92.,50.,0.));
#4103=UNCERTAINTY_MEASURE_WITH_UNIT(LENGTH_MEASURE(0.01),#4107,
'DISTANCE_ACCURACY_VALUE',
'Maximum model space distance between geometric entities at asserted c
onnectivities');
#4104=UNCERTAINTY_MEASURE_WITH_UNIT(LENGTH_MEASURE(0.01),#4107,
'DISTANCE_ACCURACY_VALUE',
'Maximum model space distance between geometric entities at asserted c
onnectivities');
#4105=(
GEOMETRIC_REPRESENTATION_CONTEXT(3)
GLOBAL_UNCERTAINTY_ASSIGNED_CONTEXT((#4103))
GLOBAL_UNIT_ASSIGNED_CONTEXT((#4107,#4109,#4110))
REPRESENTATION_CONTEXT('','3D')
);
#4106=(
GEOMETRIC_REPRESENTATION_CONTEXT(3)
GLOBAL_UNCERTAINTY_ASSIGNED_CONTEXT((#4104))
GLOBAL_UNIT_ASSIGNED_CONTEXT((#4107,#4109,#4110))
REPRESENTATION_CONTEXT('','3D')
);
#4107=(
LENGTH_UNIT()
NAMED_UNIT(*)
SI_UNIT(.MILLI.,.METRE.)
);
#4108=(
LENGTH_UNIT()
NAMED_UNIT(*)
SI_UNIT($,.METRE.)
);
#4109=(
NAMED_UNIT(*)
PLANE_ANGLE_UNIT()
SI_UNIT($,.RADIAN.)
);
#4110=(
NAMED_UNIT(*)
SI_UNIT($,.STERADIAN.)
SOLID_ANGLE_UNIT()
);
#4111=SHAPE_DEFINITION_REPRESENTATION(#4112,#4113);
#4112=PRODUCT_DEFINITION_SHAPE('',$,#4115);
#4113=SHAPE_REPRESENTATION('',(#2204),#4105);
#4114=PRODUCT_DEFINITION_CONTEXT('part definition',#4119,'design');
#4115=PRODUCT_DEFINITION('2026-09-19-23-24-14-592','Blare base',#4116,#4114);
#4116=PRODUCT_DEFINITION_FORMATION('',$,#4121);
#4117=PRODUCT_RELATED_PRODUCT_CATEGORY('Blare base','Blare base',(#4121));
#4118=APPLICATION_PROTOCOL_DEFINITION('international standard',
'automotive_design',2009,#4119);
#4119=APPLICATION_CONTEXT(
'Core Data for Automotive Mechanical Design Process');
#4120=PRODUCT_CONTEXT('part definition',#4119,'mechanical');
#4121=PRODUCT('2026-09-19-23-24-14-592','Blare base',$,(#4120));
#4122=PRESENTATION_STYLE_ASSIGNMENT((#4123));
#4123=SURFACE_STYLE_USAGE(.BOTH.,#4124);
#4124=SURFACE_SIDE_STYLE('',(#4125));
#4125=SURFACE_STYLE_FILL_AREA(#4126);
#4126=FILL_AREA_STYLE('Steel - Satin',(#4127));
#4127=FILL_AREA_STYLE_COLOUR('Steel - Satin',#4128);
#4128=COLOUR_RGB('Steel - Satin',0.627450980392157,0.627450980392157,0.627450980392157);
ENDSEC;
END-ISO-10303-21;
